"termine_inglese","italiano_preferito","dominio","trattamento","nota"
"Underdog Award","Premio dello sfavorito","punteggio","tradurre","Riconoscimento ottenuto sconfiggendo un avversario favorito"
"Martyr Kill","Uccisione postuma","punteggio","tradurre","Uccisione ottenuta dopo la propria morte"
"Training Drone","Drone d'addestramento","Arena Commander","tradurre","Avversario automatizzato usato per l'addestramento"
"Final Kill","Uccisione decisiva","modalità di gioco","tradurre","Uccisione richiesta dopo aver raggiunto il punteggio obiettivo"
"Killing Spree","Serie di uccisioni","punteggio","tradurre","Sequenza di uccisioni ottenute senza morire"
"Team Kill","Uccisione alleata","combattimento","tradurre","Eliminazione involontaria o volontaria di un alleato"
"Starting Tickets","Gettoni iniziali","modalità di gioco","tradurre","Riserva iniziale condivisa usata per gli ingressi in gioco"
"Blitz Race","Gara lampo","Arena Commander","tradurre","Corsa nella quale le armi si attivano in zone specifiche"
"Squad Token","Codice della formazione","servizi di sessione","tradurre","Codice tecnico di autorizzazione associato alla formazione"
"Mute All","Silenzia tutti","comunicazioni","tradurre","Disattiva l'audio vocale di tutti i partecipanti"
"Round","Turno","modalità di gioco","tradurre","Singola fase di una partita"
"Patch Notes","Note di aggiornamento","interfaccia","tradurre","Elenco delle modifiche introdotte da una versione"
"Dropship","Navetta da sbarco","veicoli spaziali","tradurre","Velivolo destinato a trasportare personale in una zona operativa"
"Radar Dish","Antenna radar","impianti","tradurre","Antenna parabolica di un sistema radar o di comunicazione"
"Close Call","Per un soffio","punteggio","tradurre","Bonus ottenuto completando un'azione in una situazione rischiosa"
"Kill Collected","Uccisione confermata","modalità di gioco","tradurre","Trofeo di un avversario eliminato raccolto con successo"
"Challenge Coin","Moneta commemorativa","ricompense","tradurre","Medaglia ricordo priva di valore monetario"
"Pledge Store","Negozio RSI","servizi RSI","tradurre","Negozio esterno per gli acquisti associati all'account"
"Capital Ship","Grande unità","veicoli spaziali","tradurre","Nave militare di grandi dimensioni; evitare il calco nave capitale"
"Sun's Eye Fellowship","Sun's Eye Fellowship","fazioni","mantenere","Nome proprio canonico dell'organizzazione religiosa del sistema Leir"
"Security Post","Avamposto di sicurezza","luoghi","tradurre","Struttura operativa delle forze di sicurezza"
"Speedway","Autodromo","corse","tradurre","Impianto o complesso di circuiti da gara"
"Grav-Lev","Levitazione gravitazionale","veicoli","espandere","Tecnologia di sostentamento dei veicoli terrestri"
"Mirror Match","Scontro speculare","modalità di gioco","tradurre","Duello con veicoli o condizioni equivalenti"
"Battle Royale","Battaglia totale","modalità di gioco","tradurre","Modalità tutti contro tutti con vittoria finale"
"Free Flight","Volo libero","Arena Commander","tradurre","Modalità priva di obiettivi obbligatori"
"Gun Rush","Corsa alle armi","Arena Commander","tradurre","Modalità con cambio d'arma a ogni uccisione"
"Hardcore","Estremo","modalità di gioco","tradurre","Variante con regole più severe"
"Squadron Battle","Battaglia tra squadroni","Arena Commander","tradurre","Modalità competitiva a squadre"
"Theaters of War","Teatri di guerra","modalità di gioco","tradurre","Nome descrittivo della modalità"
"Armor Set","Completo d'armatura","equipaggiamento","tradurre","Insieme coordinato di parti dell'armatura"
"Character Reset","Ripristino del personaggio","servizi di account","tradurre","Procedura tecnica sul sito RSI"
"Spawn","Ingresso in gioco","modalità di gioco","tradurre","Usare rigenerazione quando indica un ritorno dopo la morte"
"Anti-Air Gun","Cannone antiaereo","combattimento","tradurre","Armamento destinato alla difesa contro bersagli aerei"
"Orbital Mining Laser","Laser minerario orbitale","impianti","tradurre","Sistema minerario installato su una stazione orbitale"
"Match Cycling","Rotazione delle partite","modalità di gioco","tradurre","Avvio in successione di nuove partite"
"Pickup","Rifornimento in Arena Commander; Ritiro nelle missioni logistiche","Arena Commander e missioni logistiche","contestuale","Usare Rifornimento per bonus o risorse raccolti nella mappa; usare Ritiro per il prelievo di un carico"
"Pirate Swarm","Sciame pirata","Arena Commander","tradurre","Nome descrittivo della modalità"
"Vanduul Swarm","Sciame Vanduul","Arena Commander","tradurre","Nome descrittivo della modalità"
"Badge","Distintivo","progressione","tradurre","Riconoscimento visivo ottenuto dal giocatore"
"Moderator","Moderatore","servizi di sessione","tradurre","Ruolo di gestione della sala d'attesa"
"Multiplayer","Multigiocatore","modalità di gioco","tradurre","Evitare il prestito inglese nei testi visibili"
"PvE","Contro avversari controllati","modalità di gioco","espandere","Filtro rivolto al giocatore"
"PvP","Contro altri giocatori","modalità di gioco","espandere","Filtro rivolto al giocatore"
"Death Recap","Riepilogo del decesso","combattimento","tradurre","Schermata riepilogativa successiva alla morte"
"Life Review","Riepilogo della vita","combattimento","tradurre","Sezione delle statistiche relative all'ultima vita"
"Overtime","Tempi supplementari","modalità di gioco","tradurre","Prolungamento di una partita competitiva"
"Bubble Shield","Scudo a bolla","combattimento spaziale","tradurre","Configurazione dello scudo"
"Engineering Panel","Pannello di ingegneria","ingegneria","tradurre","Interfaccia della rete delle risorse"
"Experimental Mode","Modalità sperimentale","modalità di gioco","tradurre","Prova temporanea di funzionalità in sviluppo"
"Multi-Tool","Multitool","equipaggiamento","prestito_acclimatato","Forma richiesta dal progetto; invariabile e con iniziale maiuscola"
"Multitool","Multitool","equipaggiamento","mantenere","Grafia senza trattino presente in alcune stringhe sorgente; invariabile e con iniziale maiuscola"
"Operation Save Stanton","Operation Save Stanton","eventi narrativi","mantenere","Nome proprio canonico dell'evento; non tradurre per compatibilità con mappe e guide"
"Save Stanton","Save Stanton","eventi narrativi","mantenere","Forma abbreviata del nome proprio canonico; non tradurre"
"Emergency Communication Network","Emergency Communication Network","servizi di emergenza","mantenere","Nome canonico del servizio; mantenere per coerenza con la sigla ECN"
"ECN","ECN","servizi di emergenza","mantenere","Sigla operativa canonica della Emergency Communication Network"
"Character Customization","Personalizzazione del personaggio","interfaccia","contestuale","Nel titolo esteso usare Personalizzazione del personaggio; nel pulsante compatto usare Personalizza personaggio"
"Primary Residence","Residenza principale","mondo di gioco","tradurre","Luogo iniziale associato al personaggio"
"Tutorial","Guida introduttiva","interfaccia","tradurre","Evitare il prestito inglese"
"Accept","Accetta","interfaccia","tradurre","Pulsante"
"Cancel","Annulla","interfaccia","tradurre","Pulsante"
"Close","Chiudi","interfaccia","tradurre","Pulsante"
"Confirm","Conferma","interfaccia","tradurre","Pulsante"
"Continue","Continua","interfaccia","tradurre","Pulsante"
"Exit","Esci","interfaccia","tradurre","Pulsante"
"Apply","Applica","interfaccia","tradurre","Pulsante"
"Back","Indietro","interfaccia","tradurre","Pulsante"
"Settings","Impostazioni","interfaccia","tradurre",""
"Options","Opzioni","interfaccia","tradurre",""
"Inventory","Inventario","interfaccia","tradurre",""
"Contract","Incarico","missioni","tradurre","Preferito a contratto nelle voci di gioco"
"Contract Manager","Gestione incarichi","missioni","tradurre","Nome della sezione mobiGlas"
"Objective","Obiettivo","missioni","tradurre",""
"Reward","Ricompensa","missioni","tradurre",""
"Reputation","Reputazione","missioni","tradurre",""
"Bounty","Taglia","missioni","tradurre",""
"Bounty Hunter","Cacciatore di taglie","missioni","tradurre",""
"Beacon","Segnale (missioni); Beacon (sottotuta)","missioni e modelli di sottotute RSI","contestuale","Tradurre come segnale nelle missioni; mantenere Beacon nel nome canonico della sottotuta RSI"
"Distress Beacon","Segnale di soccorso","missioni","tradurre",""
"Waypoint","Punto di rotta","navigazione","tradurre",""
"Marker","Indicatore","interfaccia","tradurre",""
"Target","Bersaglio","combattimento","tradurre",""
"Targeting","Puntamento / sistema di puntamento","combattimento e veicoli","tradurre_contestuale","Usare Puntamento nelle etichette brevi e sistema di puntamento quando il dialogo indica l'apparato o la selezione del bersaglio"
"Target Lock","Aggancio bersaglio","combattimento","tradurre",""
"Missile Lock","Aggancio missile","combattimento","tradurre","Forma breve per gli avvisi; aggancio missilistico nei testi discorsivi"
"Damage","Danno","combattimento","tradurre",""
"Damage Per Second","Danno al secondo","combattimento","tradurre","Sigla DPS ammessa solo dove imposta dall'interfaccia"
"Rate of Fire","Cadenza di tiro","armi e combattimento","tradurre","Numero di colpi sparati nell'unità di tempo"
"Recoil","Rinculo","combattimento","tradurre",""
"Reload","Ricarica","combattimento","tradurre","Sostantivo o comando secondo il contesto"
"Magazine","Caricatore","combattimento","tradurre",""
"Ammunition","Munizioni","combattimento","tradurre",""
"Ballistic Weapon","Arma balistica","combattimento","tradurre",""
"Energy Weapon","Arma a energia","combattimento","tradurre",""
"Beam Weapon","Arma a fascio","combattimento","tradurre",""
"Laser","Laser","combattimento","prestito_acclimatato","Termine italiano d'uso tecnico"
"Turret","Torretta","combattimento","tradurre",""
"Manned Turret","Torretta con equipaggio","combattimento","tradurre",""
"Remote Turret","Torretta remota","combattimento","tradurre",""
"Missile Rack","Supporto missili","combattimento","tradurre","Forma compatta e funzionale per inventario e pannelli tecnici"
"Hardpoint","Punto d'aggancio","veicoli","tradurre",""
"Gimbal","Supporto brandeggiabile","veicoli","contestuale","Nel testo comune tradurre; nelle etichette tecniche compatte delle impostazioni conservare Gimbal per riconoscibilità e compatibilità con le guide"
"Armor","Corazza","veicoli","tradurre","Armatura solo per equipaggiamento personale"
"Personal Armor","Armatura personale","equipaggiamento","tradurre",""
"Hull","Scafo","veicoli","tradurre",""
"Shield","Scudo","veicoli","tradurre",""
"Shield Generator","Generatore di scudi","veicoli","tradurre",""
"Power Plant","Generatore di energia","veicoli","contestuale","Nei campi tecnici stretti usare Generatore"
"Cooler","Refrigeratore","veicoli","tradurre","Componente di bordo"
"Cooling","Raffreddamento","veicoli","tradurre",""
"Coolant","Refrigerante","veicoli","tradurre","Liquido refrigerante nei testi discorsivi"
"Heat Sink","Dissipatore termico","veicoli e componenti","tradurre","Componente che disperde il calore"
"Heat","Calore","veicoli","tradurre",""
"Overheat","Surriscaldamento","veicoli","tradurre",""
"Overclock","Sovralimentazione","veicoli","tradurre","Da verificare nel contesto del componente"
"Wear","Usura","veicoli","tradurre",""
"Durability","Durabilità","veicoli","tradurre",""
"Repair","Riparazione","servizi","tradurre",""
"Refuel","Rifornimento","servizi","tradurre",""
"Rearm","Rifornimento munizioni","servizi","tradurre",""
"Insurance","Assicurazione","servizi","tradurre",""
"Retrieve Vehicle","Richiama veicolo","servizi","tradurre","Terminale di flotta"
"Store Vehicle","Ricovera veicolo","servizi","tradurre","Terminale di flotta"
"Claim Vehicle","Richiedi sostituzione","servizi","tradurre","Sinistro assicurativo"
"Vehicle","Veicolo","veicoli","tradurre","Usare nave quando il contesto è esclusivamente spaziale"
"Spacecraft","Astronave","veicoli","tradurre",""
"Ship","Nave","veicoli","tradurre",""
"Gunship","Cannoniera","veicoli","tradurre",""
"Snub Craft","Velivolo ultraleggero","veicoli","tradurre",""
"Starter Ship","Nave iniziale","veicoli","tradurre",""
"Cargo","Carico","carico","tradurre",""
"Cargo Center","Centro Cargo","luoghi e servizi logistici","tradurre_prestito","Etichetta di zona e destinazione nelle stazioni: mantenere le iniziali maiuscole in mappa; usare centro cargo in minuscolo soltanto come nome comune in una frase"
"Cargo Bay","Stiva","carico","tradurre",""
"Cargo Hold","Stiva","carico","tradurre",""
"Cargo Grid","Griglia di carico","carico","tradurre",""
"Freight Elevator","Montacarichi","carico e luoghi","contestuale","Tradurre come Montacarichi nell'uso funzionale; mantenere Freight Elevator quando è il nome ufficiale di una stanza o zona per mappe e guide"
"Commodity","Merce","carico","tradurre",""
"Container","Contenitore","carico","tradurre",""
"Storage","Deposito","carico","tradurre","Usare archiviazione per i dati"
"Salvage","Recupero","recupero","tradurre","Attività di recupero dei relitti"
"Salvage Claim","Concessione di recupero","recupero","tradurre","Diritto contrattuale a recuperare materiali da un relitto o da una zona assegnata"
"Salvage Ship","Nave da recupero","recupero","tradurre",""
"Recycled Material Composite","Composito di materiale riciclato","recupero","tradurre","Sigla canonica RMC ammessa"
"Scrap","Rottami","recupero","tradurre",""
"Mining","Estrazione mineraria","estrazione","tradurre",""
"Mining Laser","Laser estrattivo","estrazione","tradurre",""
"Ore","Minerale grezzo","estrazione","tradurre",""
"Refinery","Raffineria","estrazione","tradurre",""
"Refining","Raffinazione","estrazione","tradurre",""
"Tractor Beam","Raggio traente","tecnologia","tradurre",""
"Quantum Drive","Propulsore quantico","navigazione","contestuale","Nei campi tecnici stretti usare Propulsore QT"
"Quantum Travel","Viaggio quantico","navigazione","tradurre",""
"Quantum Fuel","Carburante quantico","navigazione","tradurre",""
"Quantum Interdiction","Interdizione quantica","navigazione","tradurre",""
"Quantum Enforcement","Interdizione quantica","navigazione","tradurre","Adattare se indica il ruolo della nave"
"Jump Drive","Propulsore di salto","navigazione","tradurre",""
"Jump Point","Punto di salto","navigazione","tradurre",""
"Navigation Mode","Modalità navigazione","navigazione","tradurre",""
"NAV Mode","Modalità NAV","navigazione","sigla_canonica",""
"SCM Mode","Modalità SCM","navigazione","sigla_canonica","Space Combat Maneuvering"
"Master Modes","Modalità principali","navigazione","tradurre",""
"Flight Mode","Modalità di volo","navigazione","tradurre",""
"Coupled Mode","Modalità accoppiata","navigazione","tradurre",""
"Decoupled Mode","Modalità disaccoppiata","navigazione","tradurre",""
"Flight Ready","Pronta al volo","veicoli","tradurre","Concordare con nave"
"Spooling","Inizializzazione","navigazione","tradurre","Propulsore quantico"
"Calibration","Calibrazione","navigazione","tradurre",""
"Docking","Attracco","navigazione","tradurre",""
"Docking Port","Porto d'attracco","navigazione","tradurre",""
"Docking Collar","Collare d'attracco","navigazione","tradurre",""
"Docking Request","Richiesta d'attracco","navigazione","tradurre",""
"Landing Gear","Carrello d'atterraggio","veicoli","tradurre",""
"Thruster","Propulsore di manovra","veicoli","tradurre","Adattare per propulsore principale"
"Afterburner","Postbruciatore","veicoli","tradurre",""
"Fuel Intake","Presa di carburante","veicoli","tradurre",""
"VTOL","DAV","veicoli e volo","tradurre","Decollo e atterraggio verticali; usare la sigla italiana nel testo visibile"
"EVA","Attività extraveicolare (EVA)","movimento nello spazio","tradurre_o_sigla","Usare la forma estesa quando lo spazio lo consente; la sigla vale anche in italiano"
"Airlock","Camera stagna","ambienti","tradurre",""
"Cockpit","Cabina di pilotaggio","ambienti","tradurre",""
"Hangar","Hangar","ambienti","mantenere","Prestito pienamente integrato nell'italiano; preferito per mappe e guide"
"Elevator","Ascensore","ambienti","tradurre",""
"Door","Porta","ambienti","tradurre",""
"Breach","Breccia / irruzione","ambienti e tattica","contestuale","Usare breccia per l'apertura fisica e irruzione per l'ingresso forzato o il relativo conto alla rovescia"
"Atmosphere","Atmosfera","ambienti","tradurre",""
"Pressure","Pressione","ambienti","tradurre",""
"Life Support","Supporto vitale","ambienti","tradurre",""
"Gravity","Gravità","ambienti","tradurre",""
"Engineering","Gestione tecnica","sistemi","tradurre","Usare ingegneria per la disciplina"
"Power","Alimentazione","sistemi","contestuale","Valutare energia o potenza; nei tab tecnici compatti usare Energia"
"Fuse","Fusibile","sistemi","tradurre",""
"Relay","Relè o ripetitore","sistemi e comunicazioni","contestuale","Usare relè per componenti elettrici e ripetitore per nodi di comunicazione; mantenere Relay quando è il marker fisico ufficiale"
"Resource Network","Rete delle risorse","ingegneria di bordo","tradurre","Rete che distribuisce energia, raffreddamento e altre risorse"
"Component","Componente","sistemi","tradurre",""
"Loadout","Allestimento","equipaggiamento e veicoli","tradurre","Configurazione di oggetti o componenti installati; nei pulsanti compatti sono ammesse le forme Allestimento base e Allestimento assicurato"
"Blueprint","Progetto","fabbricazione","tradurre",""
"Crafting","Fabbricazione","fabbricazione","tradurre",""
"Fabricator","Fabbricatore","fabbricazione","tradurre","Macchinario"
"Scanner","Sensore di scansione","sensori","tradurre",""
"Scan","Scansione","sensori","tradurre","Sostantivo; usare analizza come comando"
"Ping (sensori)","Impulso radar","sensori","tradurre","Emissione attiva usata per rilevare segnali e oggetti"
"Radar","Radar","sensori","prestito_acclimatato","Termine italiano d'uso tecnico"
"Signature","Firma","sensori","tradurre","Specificare elettromagnetica infrarossa o radar"
"Cross-Section Signature","Firma di sezione radar","sensori","tradurre",""
"Head Tracking","Tracciamento della testa","comandi","contestuale","Nel testo esteso tradurre; nelle etichette tecniche compatte delle impostazioni conservare Head Tracking insieme ai nomi tecnici COMMS, FOIP e VR"
"Operator Mode","Modalità operatore","comandi","tradurre",""
"Interaction Mode","Modalità interazione","comandi","tradurre",""
"Keybind","Assegnazione tasto","comandi","tradurre",""
"Respawn","Rigenerazione","personaggio","tradurre",""
"Spawn Point","Punto di rigenerazione","personaggio","tradurre",""
"Regeneration","Rigenerazione","personaggio","tradurre",""
"Imprint","Impronta biologica","personaggio","tradurre","Sistema medico"
"Incapacitated","Incapacitato","personaggio","tradurre",""
"Revive","Rianima","personaggio","tradurre","Comando; rianimazione come sostantivo"
"CrimeStat","Livello criminale","legalità","tradurre","Nome del valore nel testo comune"
"Armistice Zone","Zona d'armistizio","legalità","tradurre",""
"Clearance","Autorizzazione","legalità","tradurre",""
"Law Enforcement","Forze dell'ordine","legalità","tradurre",""
"Civilian Defense Force","Civilian Defense Force","lore","mantenere","Nome canonico dell'organizzazione; sigla CDF"
"United Empire of Earth","United Empire of Earth","lore","mantenere","Nome canonico dell'entità politica; sigla UEE"
"UEE","UEE","lore","sigla_canonica",""
"Advocacy","Advocacy","lore","nome_proprio","Agenzia di polizia intersistemica della UEE"
"mobiGlas","mobiGlas","lore","marchio_canonico",""
"Spectrum","Spectrum","lore","marchio_canonico",""
"Arena Commander","Arena Commander","modalità","nome_proprio",""
"Star Marine","Star Marine","modalità","nome_proprio",""
"Persistent Universe","Universo persistente","modalità","tradurre",""
"StarMap","Mappa stellare","navigazione e mobiGlas","tradurre","Quando non è usato come nome proprio SkyLine"
"Server","Server","tecnologia","prestito_acclimatato","Termine italiano d'uso informatico"
"Server Meshing","Interconnessione dei server","tecnologia","tradurre",""
"Shard","Istanza persistente","infrastruttura di gioco","tradurre","Partizione persistente del mondo di gioco; solo nel significato infrastrutturale"
"Wipe","Azzeramento","tecnologia","tradurre",""
"Take-off","Decollo","volo","tradurre",""
"Landing","Atterraggio","volo","tradurre",""
"Assisted landing","Atterraggio assistito","volo","tradurre",""
"Automated landing","Atterraggio automatico","volo","tradurre",""
"COMSTAB","COMSTAB","volo","sigla_canonica","Sistema di stabilizzazione in combattimento"
"Rear","Posteriore","orientamento","tradurre","Settore di scudo; poppa nei riferimenti nautici"
"Forward","Anteriore","orientamento","tradurre","Settore di scudo; prua nei riferimenti nautici"
"Port","Babordo","orientamento","tradurre","Lato sinistro della nave"
"Starboard","Tribordo","orientamento","tradurre","Lato destro della nave"
"Overhead","Superiore","orientamento","tradurre","Settore superiore"
"Deck","Ponte","interni delle navi","tradurre","Piano strutturale di una nave o stazione"
"Noise","Disturbo","contromisure","tradurre","Contromisura elettromagnetica"
"Decoy","Esca","contromisure","tradurre","Contromisura a firma"
"Self-destruct","Autodistruzione","sistemi di bordo","tradurre",""
"Ejection","Espulsione","sistemi di bordo","tradurre",""
"Power core","Nucleo energetico","sistemi di bordo","tradurre",""
"EDL","EDL","volo","sigla_canonica","Fase di ingresso, discesa e atterraggio"
"Personal Inner Thought","Menu delle azioni personali","interfaccia","tradurre","Evitare il calco letterale; indica il menu contestuale del personaggio"
"PIT menu","Menu delle azioni personali","interfaccia e interazioni","tradurre","Menu contestuale delle azioni disponibili al personaggio; non mantenere la sigla inglese nel testo visibile"
"Buff","Potenziamento","stato del personaggio","tradurre",""
"Debuff","Penalità","stato del personaggio","tradurre",""
"Blood Drug Level (BDL)","Livello di farmaci nel sangue (LFS)","medicina","tradurre","Usare LFS in italiano"
"Medical Bed Tier","Livello del letto medico","medicina","tradurre","Livello 1, 2 o 3"
"Undersuit","Sottotuta","equipaggiamento","tradurre",""
"Asset app","App Beni","mobiGlas","tradurre","Applicazione per rintracciare gli oggetti posseduti"
"Local Storage","Deposito locale","inventario","tradurre",""
"Cargo Services","Servizio merci","carico","tradurre","Servizio di assegnazione delle piattaforme di carico"
"Cargo Spindle","Braccio portacarico","carico","tradurre","Elemento estensibile delle navi Hull"
"MFD","Schermo multifunzione (MFD)","interfaccia di bordo","sigla_canonica","Mantenere la sigla tecnica dopo la prima forma estesa"
"Tether","Aggancio","raggio traente","tradurre","Collegamento mantenuto dal raggio traente"
"Jettison","Espulsione","carico","tradurre","Espulsione di emergenza del contenuto della stiva"
"FPS","A piedi","modalità di gioco","contestuale","Nel testo esteso indica l'azione svolta dal personaggio, non su veicolo; conservarlo nei profili tecnici compatti delle impostazioni"
"Mining Module","Modulo minerario","estrazione","tradurre",""
"Fracture Mode","Modalità fratturazione","estrazione","tradurre",""
"Extraction Mode","Modalità estrazione","estrazione","tradurre",""
"Radar Ping","Impulso radar","scansione","tradurre",""
"Repair Beam","Raggio di riparazione","riparazione","tradurre",""
"Salvage Beam","Raggio di recupero","recupero","tradurre",""
"Medical Device","Dispositivo medico","medicina","tradurre","Strumento portatile per diagnosi, cura e somministrazione di farmaci"
"Medical Beam","Raggio medico","medicina","tradurre",""
"Multi-Tool Healing Attachment","Accessorio medico per Multitool","medicina","tradurre_prestito","Mantenere Multitool come termine vincolante"
"Advanced Mode","Modalità avanzata","medicina","tradurre",""
"Basic Mode","Modalità base","medicina","tradurre",""
"Dosage","Dosaggio","medicina","tradurre",""
"Body Dragging","Trascinamento del corpo","movimento","tradurre",""
"Knockdown","Caduta a terra","combattimento","tradurre","Preferire una formulazione naturale ad atterramento quando indica il personaggio abbattuto"
"Melee Combat","Combattimento corpo a corpo","combattimento","tradurre",""
"Grenade Priming","Innesco della granata","combattimento","tradurre",""
"Fleet Manager","Gestione flotta","terminali","tradurre","Nei riferimenti al chiosco usare terminale di gestione flotta"
"Vehicle Retrieval","Richiamo del veicolo","terminali","tradurre","Operazione che porta il veicolo assegnato in hangar"
"Landing Services","Servizi di atterraggio","volo","tradurre","Usare Servizi di Atterraggio con le iniziali maiuscole quando costituisce il nome proprio visualizzato di un contatto ATC o di un reparto"
"Air Traffic Control (ATC)","Controllo del traffico aereo (CTA)","volo","tradurre","Usare la sigla italiana CTA nel testo visibile"
"Missile Mode","Modalità missili","combattimento di bordo","tradurre",""
"Countermeasure","Contromisura","combattimento di bordo","tradurre",""
"Boost","Sovraspinta","volo","tradurre","Incremento temporaneo della spinta dei propulsori"
"Engage Systems","Avvia sistemi","sistemi di bordo","tradurre","Etichetta del comando di avvio"
"Monitored Space","Spazio sorvegliato","legalità","tradurre","Area coperta da un ripetitore di comunicazioni attivo"
"Comm Array","Comm Array nei nomi; ripetitore di comunicazioni nei testi descrittivi","legalità e comunicazioni","contestuale","Mantenere Comm Array nei nomi di luogo, nei marcatori e nei riferimenti utili per mappe e guide"
"Uplink","Uplink nell'interfaccia; collegamento ascendente nei testi descrittivi","comunicazioni","contestuale","Mantenere l'identificativo tecnico nei comandi e negli stati della Comm Array"
"Passkey","Chiave di accesso","sicurezza informatica","tradurre","Credenziale necessaria per accedere al terminale"
"Stash","Nascondiglio per il luogo; scorta nascosta per il contenuto","missioni criminali","contestuale","Adattare in base al riferimento al sito o ai beni occultati"
"rot","rot","sostanze di lore","mantenere","Nome gergale della sostanza intossicante; conservare la grafia originale minuscola"
"Crusader Historical Society","Crusader Historical Society","organizzazioni di lore","mantenere","Nome proprio canonico del mittente dei marker storici"
"Private Match","Partita privata","modalità di gioco","tradurre",""
"Restricted Area","Zona vietata / Area Interdetta","navigazione ed eventi dinamici","contestuale","Usare Zona vietata negli avvisi generici; usare Area Interdetta, con le maiuscole, per la denominazione operativa durante Siege of Orison"
"AR Marker Tunnel","Corridoio di indicatori in realtà aumentata","navigazione","tradurre","Non mantenere la sigla inglese AR"
"Trading and Shipping Console","Console commercio e spedizioni","commercio","tradurre",""
"Local Market Value","Valore di mercato locale","commercio","tradurre","Nome della scheda"
"EM Signature","Firma elettromagnetica (EM)","sensori","tradurre","La sigla EM coincide nelle due lingue"
"IR Signature","Firma infrarossa (IR)","sensori","tradurre","La sigla IR coincide nelle due lingue"
"Ambient Signature","Firma ambientale","sensori","tradurre",""
"Scan Focus","Messa a fuoco della scansione","sensori","tradurre","Parametro che restringe il campo per intensificare le firme rilevate"
"Scan Noise","Disturbo di scansione","sensori","tradurre",""
"Scan Progress Bar","Barra di avanzamento scansione","sensori","tradurre",""
"Signature Strength Bar","Indicatore intensità della firma","sensori","tradurre",""
"Scan Reticle","Reticolo di scansione","sensori","tradurre",""
"Logging Out","Disconnessione","sessione","tradurre","Come titolo; per il comando usare Disconnettiti"
"Despawn","Rimozione dal server","sessione","tradurre","Riformulare con rimuovere dal server nel testo discorsivo"
"Initial Spawn Location","Punto di ingresso iniziale","sessione","tradurre","Accesso alla sessione, distinto dalla rigenerazione medica"
"Regen Location","Luogo di rigenerazione","medicina","tradurre",""
"Medical Bed","Letto medico","medicina","tradurre",""
"Sim Cab","Cabina di simulazione","Arena Commander","tradurre","Cabina usata per accedere alla simulazione"
"Pipe","Condotto","rete delle risorse","tradurre","Canale fisico che trasporta una risorsa tra componenti"
"Scrubber","Depuratore","supporto vitale","tradurre","Sistema che rimuove contaminanti dall'atmosfera"
"Consumer","Utenza","rete delle risorse","tradurre","Componente che assorbe una risorsa"
"Producer","Fonte","rete delle risorse","tradurre","Componente che genera o fornisce una risorsa"
"Thermal Shutdown","Arresto termico","gestione termica","tradurre","Disattivazione protettiva causata dal surriscaldamento"
"Venting","Espulsione dell'atmosfera","supporto vitale","tradurre","Scarico controllato dell'atmosfera da un ambiente; nel pulsante di stato compatto usare Sfiato in corso..."
"Survey Ship","Nave da ricognizione","esplorazione","tradurre","Nave impiegata per rilevare e catalogare un sistema"
"Flare Star","Stella a brillamenti","astronomia","tradurre","Stella soggetta a improvvisi e intensi aumenti di luminosità"
"Marine","Fante di marina","forze armate","tradurre","Militare della Fanteria di Marina; mantenere gli eventuali nomi propri ufficiali che includano Marine"
"Game Client","Programma di gioco","infrastruttura di gioco","tradurre","Applicazione locale del gioco; evitare client nei testi rivolti al giocatore"
"Login Queue","Coda d'accesso","connessione","tradurre","Coda che regola l'ingresso ai servizi di gioco"
"Sandbox","Ambiente isolato","sicurezza informatica","tradurre","Ambiente separato usato per limitare e verificare l'esecuzione del programma"
"Stamina","Resistenza / Stamina","stato del personaggio e modelli di propulsori","contestuale","Tradurre con Resistenza come caratteristica; mantenere Stamina come nome canonico del propulsore Alliance Startech"
"Heart Rate","Frequenza cardiaca","stato del personaggio","tradurre",""
"Grav-Lev Vehicle","Veicolo a levitazione gravitazionale","veicoli","tradurre","Forma estesa nel testo visibile"
"Team Elimination","Eliminazione a squadre","modalità di gioco","tradurre",""
"Light Amplification","Amplificazione luminosa","ottiche","tradurre","Funzione di visione in condizioni di scarsa luminosità"
"Zoom Level","Livello di ingrandimento","ottiche","tradurre",""
"OxyPen","OxyPen","medicina","nome_canonico","Nome dell'iniettore di ossigeno"
"Comms","Comunicazioni","mobiGlas","tradurre","Etichetta dell'app e delle relative icone"
"Vehicle Maintenance Services","Servizi manutenzione veicoli","mobiGlas","tradurre",""
"Equipment Manager","Gestione equipaggiamento","mobiGlas","tradurre",""
"Personal Status","Stato personale","mobiGlas","tradurre",""
"Ship Status","Stato della nave","mobiGlas","tradurre",""
"Vehicle Loadout Manager","Gestione allestimento veicoli","mobiGlas","tradurre",""
"Wallet","Portafoglio","mobiGlas","tradurre",""
"Audio Feed","Trasmissione audio","comunicazioni","tradurre",""
"Video Feed","Trasmissione video","comunicazioni","tradurre",""
"Friend Request","Richiesta di amicizia","comunicazioni","tradurre",""
"Party","Squadra","multigiocatore","tradurre","Distinguere dai canali e dai gruppi di comunicazione"
"Bookmark","Segnalibro","comunicazioni","tradurre",""
"Pending","In sospeso","interfaccia","tradurre",""
"Merit","Merito","valuta","tradurre","Valuta carceraria; al plurale usare Meriti"
"Recipient","Destinatario","transazioni","tradurre",""
"Service Fee","Commissione di servizio","transazioni","tradurre",""
"Transaction","Transazione","transazioni","tradurre",""
"Current Balance","Saldo attuale","transazioni","tradurre",""
"Full Service","Servizio completo","manutenzione veicoli","tradurre",""
"Refuel Hydrogen","Rifornisci idrogeno","manutenzione veicoli","tradurre",""
"Refuel Quantum","Rifornisci carburante quantico","manutenzione veicoli","tradurre",""
"Restock","Rifornisci dotazioni","manutenzione veicoli","tradurre","Specificare munizioni o missili quando indicato"
"Cooldown","Periodo di attesa","interfaccia e regole","tradurre","Tempo obbligatorio prima di poter ripetere un'azione; evitare il prestito inglese"
"Hacking","Intrusione informatica","sicurezza informatica","tradurre","Accesso non autorizzato a sistemi e reti"
"Hotkey","Tasto rapido","comandi","tradurre","Tasto che attiva direttamente una funzione"
"DDoS","Sovraccarico","intrusione informatica","tradurre","Abilità che simula un attacco distribuito di negazione del servizio"
"Hacking Chip","Scheda d'intrusione","intrusione informatica","tradurre","Supporto fisico consumabile necessario per l'accesso"
"Hacking Device","Dispositivo d'intrusione","intrusione informatica","tradurre","Strumento usato per violare un sistema"
"Agent","Agente","intrusione informatica","tradurre","Elemento controllato dal giocatore all'interno della rete"
"Wrap","Connessione circolare","intrusione informatica","tradurre","Collegamento tra bordi opposti della rete"
"Swap","Scambio","intrusione informatica","tradurre","Sostituzione della posizione di due nodi"
"Trojan","Programma ostile","sicurezza informatica","tradurre","Programma malevolo introdotto nel sistema bersaglio"
"Anti Virus","Antivirus","sicurezza informatica","tradurre","Sistema che rileva e blocca il programma d'intrusione"
"Link Point","Punto di collegamento","intrusione informatica","tradurre","Nodo che consente di collegare frammenti di dati"
"Private Key","Chiave privata","crittografia","tradurre","Chiave segreta ottenuta al termine dell'intrusione"
"Backup","Copia di sicurezza / rinforzi","informatica e combattimento","contestuale","Copia usata per ripristinare dati danneggiati; nei dialoghi operativi indica rinforzi o supporto"
"T-Junction","Giunzione a T","reti","tradurre","Nodo con tre collegamenti disposti a forma di T"
"Corridor","Corridoio","reti","tradurre","Nodo con due collegamenti opposti"
"Sensitive Data Fragment","Frammento di dati sensibili","intrusione informatica","tradurre","Obiettivo da identificare, decifrare e collegare"
"Port Node","Nodo porta","intrusione informatica","tradurre","Nodo esposto che consente l'accesso a una rete"
"Access Code","Codice di accesso","sicurezza informatica","tradurre","Credenziale temporanea necessaria per l'intrusione"
"Threat Level","Livello di minaccia","sicurezza informatica","tradurre","Grado di allerta del sistema difensivo"
"Call Sign","Indicativo di chiamata","identificazione","tradurre","Nome radio operativo di una nave o persona"
"Shipyard","Cantiere navale","infrastrutture di volo","tradurre","Impianto per costruire e manutenere astronavi"
"Housing Exchange","Complesso residenziale","abitazioni","tradurre","Struttura abitativa economica indicata dalla sigla HEX"
"Dogfight","Scontro tra astronavi","combattimento tra veicoli","tradurre","Combattimento ravvicinato manovrato tra velivoli"
"High-tech","Alta tecnologia","stile e architettura","tradurre",""
"Low-tech","Bassa tecnologia","stile e architettura","tradurre",""
"PIP","Punto d'impatto previsto (PIP)","mira dei veicoli","tradurre_o_sigla","Indicatore della posizione in cui un proiettile intercetterà il bersaglio"
"Lag PIP","Punto d'impatto a inseguimento","mira dei veicoli","tradurre","Indicatore da sovrapporre direttamente alla parte del bersaglio che si desidera colpire"
"Staggered Firing","Fuoco alternato","armamenti dei veicoli","tradurre","Fa sparare le armi in sequenza anziché simultaneamente"
"G-Safe","Protezione G","pilotaggio","contestuale","Nel testo esteso tradurre; nelle etichette tecniche compatte conservare il nome canonico G-Safe"
"Spacebrake","Freno spaziale","pilotaggio","tradurre","Comando di frenata mediante i propulsori di manovra"
"Speed Limiter","Limitatore di velocità","pilotaggio","tradurre","Imposta la velocità massima comandabile"
"MFD Cast","Proiezione dello schermo multifunzione","schermi di bordo","tradurre","Trasferimento o duplicazione di una visuale tra schermi"
"Dashboard","Cruscotto","interfaccia di bordo","tradurre","Area generale degli strumenti di pilotaggio"
"I/O Matrix","Matrice ingresso/uscita","sistemi tecnici","tradurre","Matrice dei segnali in entrata e in uscita"
"Exchanger","Scambiatore","impianti tecnici","tradurre","Dispositivo che trasferisce calore o risorse tra circuiti"
"Core Analyser","Analizzatore del nucleo","diagnostica","tradurre","Strumento di analisi del componente centrale"
"Power Grid","Rete energetica","sistemi tecnici","tradurre","Rete che distribuisce energia ai componenti"
"Survey","Rilevamento","esplorazione","tradurre","Raccolta sistematica di dati su un'area o un oggetto"
"Heading","Direzione","navigazione","tradurre","Direzione verso cui è orientato il veicolo"
"Data Tracker","Rilevatore dei dati","analisi","tradurre","Pannello che segue l'andamento dei dati"
"Security Overview","Panoramica sicurezza","sicurezza","tradurre","Riepilogo dello stato dei sistemi di sicurezza"
"Output Level","Livello di uscita","sistemi tecnici","tradurre","Intensità o quantità prodotta da un sistema"
"Vital Signs","Parametri vitali","medicina","tradurre","Valori fisiologici fondamentali del paziente"
"Helm","Pilotaggio","postazioni di bordo","tradurre","Postazione responsabile della conduzione della nave"
"Co-Helm","Copilotaggio","postazioni di bordo","tradurre","Postazione ausiliaria di pilotaggio"
"Holo Globe","Globo olografico","visualizzazione","tradurre","Rappresentazione tridimensionale olografica"
"Aspect Ratio","Rapporto d'aspetto","interfaccia tecnica","tradurre","Rapporto tra larghezza e altezza dell'immagine"
"Acceleration Limiter","Limitatore di accelerazione","pilotaggio","tradurre","Imposta l'accelerazione massima comandabile"
"Pitch Ladder","Scala di beccheggio","strumenti di volo","tradurre","Riferimento graduato dell'assetto verticale"
"Auto Targeting","Puntamento automatico","mira dei veicoli","tradurre","Selezione automatica del bersaglio"
"Capacitor Assignment","Assegnazione dei condensatori","gestione energetica","tradurre","Distribuzione dell'energia tra motori, scudi e armi"
"G-Meter","Accelerometro","strumenti di volo","tradurre","Misura le forze G subite dal veicolo"
"Throttle","Manetta","pilotaggio","tradurre","Comando longitudinale della spinta o della velocità"
"Trim","Regolazione","pilotaggio","tradurre","Valore di comando mantenuto senza pressione continua"
"Flight Operator Mode","Modalità operatore di volo","modalità operative","tradurre","Modalità dedicata alla conduzione del veicolo"
"Guns Operator Mode","Modalità operatore degli armamenti","modalità operative","tradurre","Modalità dedicata alle armi balistiche ed energetiche"
"Show Filters","Mostra filtri","interfaccia","tradurre",""
"Hide Filters","Nascondi filtri","interfaccia","tradurre",""
"Object Information","Informazioni sull'oggetto","inventario","tradurre",""
"Medical Bay","Infermeria","medicina","tradurre","Area sanitaria di nave o struttura"
"Bleeding Out","Emorragia grave","medicina","tradurre","Condizione di perdita di sangue in corso"
"Injury","Lesione","medicina","tradurre",""
"Partial Paralysis","Paralisi parziale","medicina","tradurre",""
"Pulmonary Haemorrhage","Emorragia polmonare","medicina","tradurre",""
"Affinity","Affinità","reputazione","tradurre","Rapporto personale con un contatto o un'organizzazione"
"Confidence","Affidabilità","reputazione","tradurre","Fiducia maturata completando incarichi con successo"
"Standing","Condotta","reputazione e legalità","tradurre","Asse legale o criminale nella schermata Delphi"
"Faction","Fazione","reputazione","tradurre",""
"Area of Operation","Area operativa","organizzazioni","tradurre",""
"Headquarters","Sede centrale","organizzazioni","tradurre",""
"Instance","Istanza","multigiocatore","tradurre","Sessione separata del mondo di gioco"
"Party Launch","Partenza della squadra","multigiocatore","tradurre","Ingresso coordinato della squadra in un'istanza"
"Global Chat","Conversazione globale","comunicazioni","tradurre",""
"Grace Period","Periodo di tolleranza","interfaccia","tradurre",""
"Coronal Mass Ejection","Espulsione di massa coronale","pericoli ambientali","tradurre",""
"Solar Flare","Brillamento solare / Solar Flare","pericoli ambientali e livree","contestuale","Tradurre come brillamento solare per il fenomeno; mantenere Solar Flare come nome canonico della livrea"
"Hauling","Trasporto merci","missioni","tradurre","Attività logistica con carichi commerciali"
"Service Beacon","Segnalatore di servizio","missioni","tradurre","Richiesta di assistenza pubblicata dai giocatori"
"Courier","Corriere","missioni","tradurre",""
"Delivery","Consegna","missioni","tradurre",""
"Escort","Scorta","missioni","tradurre",""
"PvP Mission","Missione contro altri giocatori","missioni","tradurre","Non mantenere la sigla inglese nel testo visibile"
"Cart","Carrello","negozi","tradurre","Carrello degli acquisti"
"Featured Item","Prodotto in evidenza","negozi","tradurre",""
"Journal Entry","Voce del Diario","mobiGlas","tradurre",""
"Audio Log","Registrazione audio","mobiGlas","tradurre",""
"Service Beacon Rating","Valutazione dei servizi","missioni","tradurre","Requisito o giudizio collegato ai segnalatori di servizio"
"Performance Rating","Valutazione delle prestazioni","missioni","tradurre","Giudizio sul fornitore del servizio"
"Employer Rating","Valutazione del committente","missioni","tradurre","Giudizio su chi richiede il servizio"
"Checkpoint","Punto di controllo","gare","tradurre",""
"Vehicle Valet","Gestione veicoli","mobiGlas","tradurre","Servizio per richiedere e mantenere i veicoli"
"Bricked","Inutilizzabile","componenti","tradurre","Componente disattivato e non più operativo"
"Local Jurisdiction","Giurisdizione locale","legalità","tradurre",""
"Datapad","Tavoletta dati","oggetti narrativi","tradurre","Dispositivo portatile contenente messaggi e registri"
"Recovered Comm","Comunicazione recuperata","oggetti narrativi","tradurre",""
"Recovered Data","Dati recuperati","oggetti narrativi","tradurre",""
"Stress Test","Prova di carico","ingegneria","tradurre","Verifica di un sistema sotto carico elevato"
"Beneficiary Claim","Richiesta di indennizzo del beneficiario","assicurazioni","tradurre",""
"Insurance Claim","Richiesta di indennizzo","assicurazioni","tradurre",""
"Claims Adjuster","Liquidatore sinistri","assicurazioni","tradurre",""
"Internal Appeal","Ricorso interno","assicurazioni","tradurre",""
"Passcode","Codice di accesso","sicurezza","tradurre",""
"Master Override Code","Codice di accesso generale","sicurezza","tradurre","Codice superiore che sostituisce quelli personali"
"Unlock Code","Codice di sblocco","sicurezza","tradurre",""
"Scan Protocol","Protocollo di scansione","sicurezza","tradurre",""
"Employee Review","Valutazione del personale","organizzazioni","tradurre",""
"Hauler","Trasportatore","logistica","tradurre","Pilota o operatore addetto al trasporto merci"
"Cargo Manifest","Manifesto di carico","logistica","tradurre",""
"Server Log","Registro del server","sistemi","tradurre",""
"Power System Overheating","Surriscaldamento del sistema energetico","sistemi","tradurre",""
"Decompression Detected","Rilevata decompressione","sistemi","tradurre",""
"Emergency Flight Data","Dati di volo d'emergenza","registratori di bordo","tradurre",""
"Ship RegTag","Contrassegno di registrazione nave / contrassegno di registrazione","registrazione veicoli","contestuale","Usare la forma completa nelle etichette; nel dialogo è ammessa la forma breve quando la nave è già il soggetto"
"Unknown Ship","Nave sconosciuta","registrazione veicoli","tradurre",""
"Art Installation","Installazione artistica","arte e cultura","tradurre","Opera concepita per uno spazio specifico"
"Hab","Alloggio","ambienti","tradurre","Unità abitativa personale"
"Ideation Journal","Diario delle idee","arte e cultura","tradurre",""
"Vending Machine","Distributore automatico","ambienti","tradurre",""
"Service Technician","Tecnico di assistenza","professioni","tradurre",""
"Scrap Yard","Deposito di rottami","luoghi","tradurre",""
"Casefile","Fascicolo","sicurezza","tradurre",""
"NPC","PNG","interfaccia","tradurre","Personaggio non giocante; usare la sigla italiana"
"EVA Fuel","Carburante extraveicolare","tute","tradurre","Carburante usato durante le attività extraveicolari"
"Suit Oxygen","Ossigeno della tuta","tute","tradurre",""
"Comm Technician","Tecnico delle comunicazioni","professioni","tradurre",""
"Hard Reset","Ripristino forzato","sistemi","tradurre","Riavvio fisico sul posto di un'infrastruttura"
"Travel Advisory","Avviso ai viaggiatori","sicurezza","tradurre",""
"Complimentary Shuttle","Navetta gratuita","trasporti","tradurre",""
"Facilities Manager","Responsabile delle strutture","professioni","tradurre",""
"Remuneration","Compenso","incarichi","tradurre",""
"Termination Notice","Comunicazione di cessazione","rapporti di lavoro","tradurre",""
"Air Filtration System","Sistema di filtraggio dell'aria","strutture","tradurre",""
"CommRelay","Ripetitore di comunicazioni","comunicazioni","tradurre","Forma compatta usata nei nomi delle infrastrutture"
"Meritorious Service","Servizio meritorio","ricompense","tradurre",""
"Loading Area","Area di carico","carico","tradurre","Zona assegnata al veicolo per i trasferimenti"
"Cargo Deck","Cargo Deck nei marcatori; piano carichi nei testi descrittivi","carico e orientamento","contestuale","Preservare Cargo Deck quando è un marcatore di area utile a mappe e guide; tradurre l'uso generico"
"Sell Order","Ordine di vendita","commercio","tradurre",""
"Unclaimed Cargo","Carico non ritirato","carico","tradurre",""
"ICU","UTI","medicina","tradurre","Unità di terapia intensiva; usare la sigla italiana"
"Conviction","Condanna","legalità","tradurre",""
"Sentence","Pena","legalità","tradurre","Durata della detenzione"
"Standard Earth Time","Ora terrestre standard","tempo","tradurre",""
"Quantum Boost","Sovraspinta quantica","viaggio quantico","contestuale","Nel testo esteso tradurre; nelle etichette tecniche compatte conservare il nome canonico Quantum Boost"
"Quantum Bubble","Bolla quantica","viaggio quantico","tradurre","Campo che avvolge la nave durante il transito"
"Quantum Integrity","Integrità quantica","viaggio quantico","tradurre","Stabilità della bolla quantica"
"Rescue Beacon","Segnalatore di soccorso","soccorso","tradurre","Richiesta pubblica di assistenza medica"
"Revival","Rianimazione","medicina","tradurre","Intervento sul personaggio incapacitato, distinto dalla rigenerazione"
"Impound","Sequestro del veicolo","legalità","tradurre","Rimozione amministrativa del veicolo"
"Trespassing","Accesso non autorizzato","legalità","tradurre","Ingresso in proprietà privata o zona controllata"
"Hostile Territory","Territorio ostile","legalità","tradurre",""
"Private Property","Proprietà privata","legalità","tradurre",""
"HUD","Interfaccia del visore","interfaccia","contestuale","Evitare la sigla inglese nel testo esteso; conservarla nei tab e nelle etichette tecniche compatte usate da guide e veterani"
"EMP","IEM","armi e sistemi","tradurre","Impulso elettromagnetico; usare la sigla italiana"
"CS","FSR","sensori","tradurre","Firma di sezione radar; usare la sigla italiana"
"Gunnery","Puntamento armi","combattimento di bordo","tradurre",""
"Payload Type","Tipo di carico utile","armi e veicoli","tradurre",""
"Power Throttle","Erogazione","gestione energetica","tradurre","Livello regolabile della potenza fornita a un sistema"
"VR","RV","realtà virtuale","tradurre","Realtà virtuale; usare la sigla italiana"
"ADS","Mira","combattimento a piedi e avionica","contestuale","Rendere come Mira nel testo esteso; mantenere ADS nel nome del calcolatore avionico e nelle etichette tecniche compatte delle impostazioni"
"IPD","DIP","realtà virtuale","tradurre","Distanza interpupillare; usare la sigla italiana"
"Eye Tracking","Rilevamento oculare","realtà virtuale","tradurre",""
"Theater Mode","Modalità cinema","realtà virtuale","tradurre",""
"Scanning Mode","Modalità scansione","sensori","tradurre",""
"Signal Strength","Intensità del segnale","sensori","tradurre",""
"Scan Progress","Avanzamento scansione","sensori","tradurre",""
"Harvestable","Risorsa raccoglibile","raccolta","tradurre",""
"Mineable Commodity","Materiale estraibile","estrazione","tradurre",""
"Legal Owner","Proprietario legale","legalità","tradurre",""
"Overcharge","Sovraccarico","estrazione","tradurre","Energia oltre la fascia ottimale durante la fratturazione"
"Extraction Throughput","Portata di estrazione","estrazione","tradurre","Quantità di materiale estratto nell'unità di tempo"
"Cluster Factor","Fattore di aggregazione","estrazione","tradurre",""
"Shatter Damage","Danno da frantumazione","estrazione","tradurre",""
"Optimal Charge Window","Fascia di carica ottimale","estrazione","tradurre",""
"Laser Throttle","Regolazione del laser","estrazione","tradurre",""
"Mining Gadget","Dispositivo minerario","estrazione","tradurre","Dispositivo applicato manualmente a un deposito"
"Mining Laser Head","Testa laser mineraria","estrazione","tradurre",""
"Waveform","Forma d'onda","estrazione e segnali","tradurre",""
"Axial Scatter","Dispersione assiale","estrazione","tradurre",""
"Backpack","Zaino","inventario","tradurre",""
"Storage Locker","Armadietto","inventario","tradurre",""
"Flair","Accessorio decorativo","inventario","tradurre",""
"Cryptokey","Chiave crittografica","inventario e tecnologia","tradurre",""
"Livery","Livrea","veicoli","tradurre",""
"Tooltip","Dettagli oggetto","interfaccia","contestuale","Nei comandi dell'inventario usare Dettagli oggetto o Mostra dettagli; nel testo esteso descrivere il riquadro informativo"
"Encumbrance","Ingombro","inventario","tradurre","Penalità al movimento dovuta al peso trasportato"
"Repool","Riordino dei caricatori","inventario","tradurre","Ridistribuzione delle munizioni tra i caricatori"
"Lockdown","Lockdown (livrea); Blocco di sicurezza (stato o azione)","livree e sicurezza","contestuale","Mantenere Lockdown quando è il nome canonico della livrea; tradurre negli usi funzionali relativi alla chiusura forzata"
"Tannoy","Interfono","comunicazioni","tradurre","Sistema di annunci sonori"
"Present Pass","Mostra lasciapassare","accesso","tradurre",""
"Quantum Dampener","Inibitore quantico","interdizione quantica","tradurre","Impedisce l'attivazione del viaggio quantico"
"Quantum Snare","Trappola quantica","interdizione quantica","tradurre","Intercetta le navi durante il viaggio quantico"
"Hover","Stazionamento","volo","tradurre","Mantenimento automatico della posizione"
"Mayday","Mayday","comunicazioni d'emergenza","segnale_canonico","Segnale internazionale di soccorso"
"Scheduler","Agenda","mobiGlas","tradurre","Applicazione per scadenze e appuntamenti"
"Mission Manager","Gestione incarichi","mobiGlas","tradurre",""
"Fitness","Forma fisica","attributi","tradurre",""
"Fortitude","Tempra / Fortitude","attributi e livree","contestuale","Tradurre con Tempra come attributo; mantenere Fortitude quando è il nome canonico di una livrea"
"Reflex","Riflessi","attributi","tradurre",""
"Nominal","Nella norma","stato dei sistemi","tradurre",""
"Vacuum","Vuoto","ambiente","tradurre","Assenza di atmosfera"
"Player Handle","Identificativo del giocatore","account","tradurre","Nome univoco scelto dal giocatore"
"Do Not Disturb","Non disturbare","presenza in rete","tradurre",""
"Looking for Game","In cerca di una partita","presenza in rete","tradurre",""
"Online","In linea","presenza in rete","tradurre",""
"Offline","Non in linea","presenza in rete","tradurre",""
"Private Message","Messaggio privato","comunicazioni","tradurre",""
"Item Port","Punto d'aggancio","allestimento veicoli","tradurre","Sede fisica su cui installare un componente"
"Ordnance","Armamenti","allestimento veicoli","tradurre","Missili, siluri e carichi offensivi"
"Remote Retrieval","Richiamo remoto","veicoli","tradurre",""
"Lobby","Sala d'attesa","servizi di sessione e luoghi","contestuale","Tradurre come Sala d'attesa nei servizi di sessione; mantenere Lobby quando è il nome ufficiale di una stanza o zona per mappe e guide"
"Callback","Funzione di richiamo","programmazione","tradurre","Funzione invocata al completamento di un'operazione"
"Session Handle","Identificativo di sessione","servizi di sessione","tradurre","Riferimento univoco interno a una sessione"
"Host","Ospitante","servizi di sessione","tradurre","Sistema che ospita la sessione"
"Leaderboard","Classifica","servizi in rete","tradurre",""
"Matchmaking","Abbinamento dei giocatori","servizi in rete","tradurre","Procedura che riunisce i giocatori in una sessione"
"Ping (rete)","Latenza","rete","tradurre","Tempo di risposta della connessione"
"Core Armor","Armatura del torso","equipaggiamento personale","tradurre","Elemento protettivo indossato sul busto"
"Environment Suit","Tuta ambientale","equipaggiamento personale","tradurre","Tuta protettiva per ambienti ostili"
"Flight Suit","Tuta di volo","equipaggiamento personale","tradurre",""
"Gurney","Barella","medicina","tradurre","Barella mobile per il trasporto dei pazienti"
"MedPen","Iniettore medico","medicina","tradurre","Dispositivo monouso per somministrare farmaci"
"Compboard","Scheda elettronica","oggetti di missione","tradurre","Scheda portatile impiegata nei circuiti e nelle riparazioni"
"Gadget","Dispositivo","equipaggiamento personale","tradurre","Accessorio installabile su un punto d'aggancio"
"Sidearm","Arma corta","armi personali","tradurre","Pistola o altra arma secondaria compatta"
"SMG","Mitra","armi personali","tradurre","Arma automatica compatta"
"LMG","Mitragliatrice leggera","armi personali","tradurre","Arma automatica di supporto"
"Vanity","Toeletta","interazioni ambientali","tradurre","Mobile con specchio destinato alla cura personale"
"Canopy","Tettuccio","veicoli","tradurre","Copertura trasparente della cabina di pilotaggio"
"Gunner","Cannoniere","ruoli di bordo","tradurre","Operatore dei sistemi d'arma o di una torretta"
"Gyro Mode","Modalità giroscopica","torrette","tradurre","Stabilizzazione giroscopica della mira"
"Carriage","Vagone","trasporto pubblico","tradurre","Cabina su rotaia di un sistema di transito"
"Bunk","Branda","interni delle navi","tradurre","Posto letto di bordo"
"Claw Operator","Operatore della pinza","ruoli di bordo","tradurre",""
"Drone Operator","Operatore dei droni","ruoli di bordo","tradurre",""
"Scanning Station","Postazione di scansione","postazioni di bordo","tradurre",""
"Weapons Seat","Postazione degli armamenti","postazioni di bordo","tradurre","Sedile operativo dedicato ai sistemi d'arma"
"Floor","Piano","edifici","tradurre","Piano numerato di un edificio"
"Garage","Autorimessa","edifici","tradurre","Area destinata ai veicoli terrestri"
"Pad","Piattaforma","infrastrutture di volo","tradurre","Forma breve di piattaforma di atterraggio; conservare Pad soltanto nei nomi propri o negli identificatori utili a mappe e guide"
"Landing Pad","Piattaforma di atterraggio","infrastrutture di volo","tradurre","Termine standard per la superficie di atterraggio scoperta"
"Sublevel","Livello sotterraneo","edifici","tradurre",""
"Ground Floor","Piano terra","edifici","tradurre",""
"Surface Level","Livello di superficie","edifici","tradurre",""
"Freight","Merci","logistica","tradurre","Carico commerciale o area destinata alle merci"
"Hall","Padiglione","esposizioni","tradurre","Grande spazio espositivo o congressuale"
"Bridge","Ponte di comando","interni delle navi","tradurre","Centro di comando e pilotaggio di una nave"
"Server Farm","Centro elaborazione dati","infrastruttura informatica","tradurre","Area che ospita numerosi sistemi server"
"Data Farm","Centro elaborazione dati","infrastruttura informatica","tradurre","Sinonimo usato nei titoli missione per una struttura che ospita numerosi sistemi server"
"data server","server dati","infrastruttura informatica","tradurre","Server destinato alla conservazione o gestione di dati; server è un prestito acclimatato"
"data storage","archivio dati","infrastruttura informatica","tradurre","Insieme dei sistemi che conservano informazioni operative"
"power generator","generatore di energia","infrastrutture e avamposti","tradurre","Generatore che alimenta una struttura; distinto dai generatori di scudi"
"Spaceport","Cosmoporto","infrastrutture di volo","tradurre","Scalo per astronavi"
"Showroom","Salone espositivo","commercio","tradurre",""
"Showcase","Esposizione","esposizioni","tradurre","Presentazione promozionale di prodotti o veicoli"
"Convention Center","Convention Center / centro congressi","edifici pubblici, luoghi e orientamento","contestuale","Mantenere con le maiuscole quando abbrevia il nome proprio Bevic Convention Center; tradurre come centro congressi soltanto nei riferimenti generici"
"Habitation Deck","Ponte abitativo","interni delle navi","tradurre","Ponte destinato agli alloggi dell'equipaggio"
"Armoury","Armeria","interni delle navi","tradurre",""
"Cargo Pod","Modulo di carico","logistica","tradurre","Modulo esterno o interno destinato alle merci"
"Catwalk","Passerella","interni industriali","tradurre","Passaggio rialzato di servizio"
"Warehouse","Magazzino","logistica","tradurre",""
"Foyer","Atrio","edifici","tradurre","Area d'ingresso e distribuzione"
"Quantum Enforcement Device","Dispositivo di interdizione quantica","interdizione quantica","tradurre","Sistema che comprende inibitore e trappola quantica"
"Rebind","Riassegna","comandi","tradurre","Assegnare un comando a un tasto o pulsante diverso"
"Unbind","Rimuovi assegnazione","comandi","tradurre","Eliminare l'associazione tra comando e tasto"
"Double Tap","Doppia pressione","comandi","tradurre","Due pressioni rapide consecutive dello stesso tasto"
"Spawn Screen","Schermata di schieramento","interfaccia di gioco","tradurre","Schermata usata per entrare o rientrare in una sessione competitiva"
"Auto Zero","Azzeramento automatico","mira","tradurre","Regolazione automatica della distanza di azzeramento"
"Freelook","Visuale libera","visuale","tradurre","Movimento indipendente della visuale rispetto all'orientamento del personaggio o veicolo"
"Underbarrel","Accessorio sottocanna","armi personali","tradurre","Accessorio montato sotto la canna dell'arma"
"Hail","Contatta","comunicazioni","tradurre","Avviare una comunicazione con un servizio o veicolo"
"Node","Nodo","intrusione informatica","tradurre","Elemento della rete da acquisire o manipolare"
"Quick Equip","Equipaggia rapidamente","inventario","tradurre","Azione immediata per indossare o impugnare un oggetto"
"Mantle","Arrampicati","movimento a piedi","tradurre","Superare un bordo issandosi con le braccia"
"Vault","Scavalca","movimento a piedi","tradurre","Superare rapidamente un ostacolo basso"
"Med-Gun","Pistola medica","medicina","tradurre","Strumento medico portatile distinto dall'accessorio del multiuso"
"Interaction Wheel","Ruota delle interazioni","interazioni","tradurre","Menu radiale delle interazioni"
"Quick-select Wheel","Ruota di selezione rapida","interazioni","tradurre","Menu radiale per oggetti e azioni rapide"
"Charged Scan","Scansione caricata","scansione","tradurre","Scansione eseguita dopo una fase di caricamento"
"Cruise Control","Regolatore di velocità","pilotaggio","tradurre","Mantiene automaticamente la velocità impostata"
"Autoland","Atterraggio automatico","pilotaggio","tradurre","Procedura automatizzata di atterraggio"
"Master Mode","Modalità principale","pilotaggio","tradurre","Modalità generale che determina l'assetto operativo della nave"
"Rotation Lock","Blocco della rotazione","pilotaggio","tradurre","Impedisce la rotazione indesiderata del veicolo"
"Precision Targeting","Mira di precisione","combattimento tra veicoli","tradurre","Modalità di puntamento ingrandita e accurata"
"Takedown","Neutralizzazione","combattimento a piedi","tradurre","Tecnica ravvicinata letale o non letale contro un avversario"
"Power Suit","Esoscheletro motorizzato","equipaggiamento personale","tradurre","Tuta meccanizzata che assiste movimento e forza"
"Sight Distance","Distanza di azzeramento","mira","tradurre","Distanza alla quale il sistema di mira compensa la traiettoria"
"Issue Council","Issue Council","assistenza ufficiale","nome_canonico","Portale ufficiale di segnalazione dei problemi; non tradurre il nome del servizio"
"Back-end","Servizi centrali","infrastruttura di gioco","tradurre","Servizi remoti che gestiscono account, persistenza e sessioni"
"Layout","Struttura dati","rete","tradurre","Schema condiviso dei dati tra gioco e server"
"Streaming Bubble","Bolla di caricamento","tecnologia del mondo","tradurre","Area dinamica entro cui il gioco carica e sincronizza entità"
"Entitlement","Diritto dell'account","account","tradurre","Autorizzazione che attesta il possesso o l'accesso a un contenuto"
"Action Map","Mappa dei comandi","comandi","tradurre","Insieme delle associazioni tra azioni e periferiche"
"GEID","GEID","identificativi tecnici","sigla_canonica","Identificativo globale interno di un'entità; non alterare la sigla"
"DGS","Server di gioco dedicato (DGS)","infrastruttura di gioco","tradurre_o_sigla","Espandere in italiano quando lo spazio lo consente"
"Object Container Hierarchy","Gerarchia dei contenitori di oggetti","tecnologia del mondo","tradurre","Struttura gerarchica delle aree e delle entità del mondo"
"Seeding","Inizializzazione dei dati","servizi centrali","tradurre","Popolamento iniziale delle strutture dati"
"Entity Graph","Grafo delle entità","tecnologia del mondo","tradurre","Rappresentazione delle relazioni tra entità"
"Hotfix","Correzione urgente","aggiornamenti","tradurre","Aggiornamento rapido destinato a un problema specifico"
"Character Repair","Riparazione del personaggio","account","tradurre","Procedura ufficiale di recupero dello stato del personaggio"
"Server Mesh","Rete distribuita di server","infrastruttura di gioco","tradurre","Insieme coordinato di server che gestisce il mondo di gioco"
"Anti-Cheat","Controllo antislealtà","sicurezza","tradurre","Sistema che rileva alterazioni o comportamenti di gioco illeciti"
"Heartbeat","Heartbeat (livrea); segnale periodico (rete)","livree e rete","contestuale","Mantenere Heartbeat come nome canonico della livrea; tradurre soltanto il termine tecnico di rete"
"Dedicated Server","Server dedicato","infrastruttura di gioco","tradurre",""
"Manual Convergence Distance","Distanza di convergenza manuale","armamenti dei veicoli","tradurre","Distanza alla quale convergono le traiettorie delle armi"
"Aim Painting","Designazione di mira","armamenti dei veicoli","tradurre","Modalità in cui il pilota designa progressivamente il punto di mira"
"PIP Combination Type","Combinazione PIP","armamenti dei veicoli","tradurre","Criterio con cui vengono raggruppati i punti d'impatto previsti"
"Lead PIP","Punto d'impatto anticipato","armamenti dei veicoli","tradurre","Indicatore su cui mirare per anticipare il movimento del bersaglio"
"Weapon Preset","Preimpostazione armi","armamenti dei veicoli","tradurre","Configurazione richiamabile di gruppi e dispositivi offensivi"
"Overflow Cycling","Ciclo continuo","comandi","tradurre","Ricomincia dall'estremo opposto quando si supera il primo o l'ultimo elemento"
"Quantum Jammer","Inibitore quantico","interdizione quantica","tradurre","Dispositivo a corto raggio che impedisce l'attivazione del viaggio quantico"
"QID","Dispositivo d'interdizione quantica","interdizione quantica","tradurre","Espandere la sigla inglese nel testo visibile"
"Gunnery UI","Interfaccia di tiro","armamenti dei veicoli","tradurre","Elementi visivi dedicati al puntamento e all'impiego delle armi"
"Electronic Access Store","Negozio Accesso Elettronico","servizi commerciali","tradurre","Denominazione storica del negozio di noleggio per Arena Commander"
"Feature Blending","Fusione dei tratti","creazione del personaggio","tradurre","Combinazione ponderata di più modelli del volto"
"Crown","Calotta cranica","creazione del personaggio","tradurre","Parte superiore e posteriore del cranio nel modellatore del volto"
"Randomize","Genera casualmente","interfaccia","tradurre","Evitare l'anglicismo randomizza"
"Camera","Visuale","comandi e opzioni","tradurre","Usare telecamera solo quando si indica un dispositivo fisico"
"First Blood","Prima uccisione","statistiche di combattimento","tradurre","Prima eliminazione ottenuta in una partita"
"MVP","Miglior giocatore","statistiche di gioco","tradurre","Evitare la sigla inglese nel testo visibile"
"Damage Dealt","Danni inflitti","statistiche di combattimento","tradurre",""
"Damage Taken","Danni subiti","statistiche di combattimento","tradurre",""
"Burst Size","Numero per salva","contromisure","tradurre","Quantità di contromisure rilasciate con un singolo comando"
"Panic Launch","Lancio d'emergenza","contromisure","tradurre","Rilascio rapido di una parte consistente delle contromisure"
"Desired Impact Point","Punto d'impatto desiderato","bombardamento","tradurre","Punto al suolo scelto per l'allineamento del rilascio"
"Air Traffic Control","Controllo del traffico aereo","servizi di volo","tradurre","Espandere ATC in italiano quando lo spazio lo consente"
"Depth of Field","Profondità di campo","visuale","tradurre","Evitare la sigla inglese DoF nel testo visibile"
"Field of View","Campo visivo","visuale","tradurre","Evitare la sigla inglese FOV nel testo visibile quando lo spazio lo consente"
"Zoom","Ingrandimento o riduzione","visuale","tradurre","Scegliere il sostantivo o il verbo in base alla direzione del comando"
"Spectator Camera","Visuale spettatore","modalità spettatore","tradurre","Visuale controllabile durante l'osservazione di una partita"
"FOIP Selfie Camera","Visuale autoritratto con animazione facciale","animazione facciale","tradurre","Non mostrare le sigle e gli anglicismi nel comando visibile"
"Auto Braking on Idle","Frenata automatica al rilascio dei comandi","veicoli terrestri","tradurre","Frena quando il conducente non impartisce comandi di movimento"
"Expanded Configuration","Configurazione estesa","veicoli trasformabili","tradurre","Assetto fisico dispiegato del veicolo"
"Retracted Configuration","Configurazione retratta","veicoli trasformabili","tradurre","Assetto fisico raccolto del veicolo"
"Salvage Head","Testata di recupero","recupero","tradurre","Unità orientabile che ospita o dirige gli strumenti di recupero"
"Beam Spacing","Distanza tra i raggi","recupero","tradurre","Separazione regolabile tra due raggi operativi"
"Structural Salvage","Recupero strutturale","recupero","tradurre","Fratturazione e disintegrazione della struttura di un relitto"
"Disintegration Tool","Strumento di disintegrazione","recupero","tradurre","Riduce i frammenti strutturali in materiale recuperabile"
"Fracturing Tool","Strumento di fratturazione","recupero","tradurre","Separa una struttura in frammenti lavorabili"
"Scan Ping","Impulso di scansione","sensori","tradurre","Onda attiva emessa dal sensore per rilevare elementi circostanti"
"Cycle Lock","Aggancio ciclico","acquisizione bersagli","tradurre","Scorrimento ripetuto dei bersagli appartenenti a una categoria"
"Pinned Target","Bersaglio memorizzato","acquisizione bersagli","tradurre","Bersaglio conservato in una delle posizioni rapide disponibili"
"Pin Index","Posizione memorizzata","acquisizione bersagli","tradurre","Posizione numerata usata per richiamare rapidamente un bersaglio"
"Target Padlock","Inseguimento visivo del bersaglio","visuale e bersagli","tradurre","La visuale segue un bersaglio agganciato tramite il movimento della testa"
"Ammo Repooling","Raggruppamento delle munizioni","armi personali","tradurre","Consolida le munizioni residue e riorganizza i caricatori disponibili"
"Underbarrel Attachment","Accessorio sottocanna","armi personali","tradurre","Accessorio montato sotto la canna di un'arma"
"Weapon Zeroing","Azzeramento dell'arma","mira","tradurre","Regolazione dell'ottica in base alla distanza prevista del bersaglio"
"Cinematic Camera","Visuale cinematografica","visuale","tradurre","Visuale automatica pensata per mostrare l'azione in modo spettacolare"
"Armed Missile","Missile armato","armamenti dei veicoli","tradurre","Missile predisposto al lancio simultaneo o in sequenza"
"Cooler Rate","Regime di raffreddamento","gestione veicoli","tradurre","Intensità operativa del sistema di raffreddamento"
"Shield Level","Livello dello scudo","difese dei veicoli","tradurre","Energia assegnata a una sezione dello scudo"
"Self Repair","Autoriparazione","manutenzione dei veicoli","tradurre","Riparazione automatica disponibile per determinati elementi distrutti"
"Thrust Magnitude","Intensità della spinta","pilotaggio","tradurre","Entità dell'accelerazione richiesta ai propulsori"
"Strafe","Traslazione","movimento nello spazio","tradurre","Spostamento lineare lungo un asse senza rotazione"
"Pitch","Beccheggio","orientamento","contestuale","Rotazione attorno all'asse trasversale; conservare Pitch nelle etichette tecniche compatte di Head Tracking"
"Yaw","Imbardata","orientamento","contestuale","Rotazione attorno all'asse verticale; conservare Yaw nelle etichette tecniche compatte di Head Tracking"
"Roll","Rollio","orientamento","contestuale","Rotazione attorno all'asse longitudinale; conservare Roll nelle etichette tecniche compatte di Head Tracking"
"Analog Stick","Levetta analogica","periferiche di controllo","tradurre","Comando analogico a due assi di una periferica"
"Full Range Axis","Asse a escursione completa","periferiche di controllo","tradurre","Asse che utilizza l'intero intervallo negativo e positivo"
"Half Range Axis","Asse a mezza escursione","periferiche di controllo","tradurre","Asse che utilizza l'intervallo dal neutro a un solo estremo"
"Emote","Gesto espressivo","azioni sociali","tradurre","Animazione volontaria con cui il personaggio comunica un'emozione o un segnale"
"Utility Item","Oggetto di utilità","equipaggiamento personale","tradurre","Oggetto operativo che non appartiene alle categorie delle armi o dei consumabili"
"Jump Thrusters","Propulsori di salto","movimento personale","tradurre","Propulsori personali che assistono un salto o un distacco"
"Aim Down Sight","Mira con l'ottica","combattimento a piedi","tradurre","Puntamento attraverso il sistema di mira dell'arma"
"Cursor Input","Controllo del cursore","interfaccia","tradurre","Modalità che indirizza i comandi al cursore dell'interfaccia"
"Look Ahead","Orientamento anticipato della visuale","visuale di volo","contestuale","Nel testo esteso tradurre; nelle etichette tecniche compatte conservare Look Ahead per riconoscibilità e compatibilità con le guide"
"Inner Thought","Menu delle azioni","interazioni","tradurre","Menu contestuale generico; usare menu delle azioni personali per Personal Inner Thought"
"Personal Commodity Inventory","Inventario personale delle merci","inventario","tradurre","Inventario personale dedicato a materiali e merci"
"Hail Target","Chiama il bersaglio","comunicazioni","tradurre","Avvia una comunicazione con il bersaglio selezionato"
"Port Modification","Modifica del punto d'aggancio","equipaggiamento","tradurre","Interazione che consente di cambiare un accessorio o un elemento installato"
"Push To Talk","Premi per parlare","comunicazioni vocali","tradurre","La voce viene trasmessa solo mentre il comando resta premuto"
"Personal Identification Broadcast System","Sistema di trasmissione dell'identificazione personale","identificazione dei veicoli","tradurre","Trasmette l'identità del pilota o del veicolo ai sensori circostanti"
"Command Stability","Stabilità di comando","pilotaggio","tradurre","Modalità IFCS che esegue le manovre in modo stabile e controllato"
"Ship Slot","Posto nave","Arena Commander","tradurre","Posto assegnabile a un giocatore o membro dell'equipaggio"
"Retrieval Queued","Richiamo in coda","gestione veicoli","tradurre","Il richiamo del veicolo attende il proprio turno"
"Dumb-fire Missile","Missile non guidato","combattimento missilistico","tradurre","Parte senza aggancio e non insegue il bersaglio"
"Heat-seeking Missile","Missile a ricerca termica","combattimento missilistico","tradurre","Missile che acquisisce e insegue il bersaglio mediante la firma termica"
"Cross-section Missile","Missile a sezione radar","combattimento missilistico","tradurre","Insegue il profilo radar determinato da dimensioni e geometria"
"Precision Mode","Modalità di precisione","pilotaggio","tradurre","Vecchia modalità di volo a bassa velocità per manovre accurate"
"Cruise Mode","Modalità di crociera","pilotaggio","tradurre","Vecchia modalità di volo locale ad alta velocità"
"Control Frame Reticle","Reticolo di riferimento dei comandi","pilotaggio","tradurre","Indica l'assetto che il sistema di controllo sta cercando di raggiungere; sigla visibile CFR"
"Maneuvering Thruster","Propulsore di manovra","pilotaggio","tradurre","Propulsore usato per rotazione e traslazione della nave"
"Space Combat Maneuvering","Manovra per il combattimento spaziale","pilotaggio","sigla_canonica","Forma estesa italiana della modalità SCM"
"Landing System","Sistema di atterraggio","pilotaggio","tradurre","Gestisce individuazione e assistenza delle zone di atterraggio"
"Landing Zone","Zona di atterraggio","pilotaggio","tradurre","Area predisposta o assegnata per atterraggio e decollo"
"Manual Mode","Modalità manuale","pilotaggio","tradurre","Il pilota mantiene il controllo diretto della procedura"
"Automated Mode","Modalità automatica","pilotaggio","tradurre","Il sistema esegue automaticamente la procedura"
"Match Speed","Adegua velocità","pilotaggio","tradurre","Allinea la velocità della nave a quella del bersaglio"
"Integrated Target Tracking System","Sistema integrato di puntamento e tracciamento","puntamento","sigla_canonica","Sistema ITTS che calcola i punti d'impatto previsti"
"Overview Pane","Pannello panoramica","interfaccia di bordo","tradurre","Pannello identificato dalla sigla visibile OVR"
"Power Pane","Pannello energia","interfaccia di bordo","tradurre","Pannello identificato dalla sigla visibile PWR"
"Shield Pane","Pannello scudi","interfaccia di bordo","tradurre","Pannello identificato dalla sigla visibile SHLD"
"Weapons Pane","Pannello armi","interfaccia di bordo","tradurre","Pannello identificato dalla sigla visibile WEAP"
"Power Allocation Triangle","Triangolo di distribuzione","gestione energetica","tradurre","Comando per distribuire energia tra gruppi di sistemi"
"Rear View Camera","Visuale posteriore","visuale","tradurre","Inquadratura rivolta dietro la nave"
"Space Brake","Freno spaziale","pilotaggio","tradurre","Rallenta la nave senza modificare il valore impostato della manetta"
"Strafing","Traslazione","pilotaggio","tradurre","Spostamento lineare ottenuto con i propulsori di manovra"
"Chromatic Aberration","Aberrazione cromatica","grafica","tradurre","Effetto ottico che separa le componenti cromatiche ai bordi dell'immagine"
"Film Grain","Grana cinematografica","grafica","tradurre","Effetto visivo che simula la grana della pellicola"
"Motion Blur","Sfocatura di movimento","grafica","tradurre","Sfocatura prodotta dal movimento della visuale o degli oggetti"
"Dynamic Range","Gamma dinamica","audio","tradurre","Differenza tra i livelli sonori più deboli e più intensi"
"Raw Device Input","Dati grezzi del dispositivo","dispositivi di comando","tradurre","Valori letti direttamente dal dispositivo senza correzioni intermedie"
"Screen Space Shadows","Ombre nello spazio dello schermo","grafica","tradurre","Ombre calcolate usando le informazioni già presenti nell'immagine"
"Shadow Maps","Mappe delle ombre","grafica","tradurre","Trame ausiliarie usate per calcolare le ombre"
"Temporal Supersampling","Sovracampionamento temporale","grafica","tradurre","Combina informazioni di più fotogrammi per migliorare l'immagine"
"Terrain Tessellation","Tassellazione del terreno","grafica","tradurre","Aumenta il dettaglio geometrico del terreno"
"Post Effects","Effetti di post-elaborazione","grafica","tradurre","Effetti applicati dopo la generazione iniziale dell'immagine"
"Global Illumination","Illuminazione globale","grafica","tradurre","Simula la diffusione indiretta della luce nella scena"
"Upscaling","Aumento della risoluzione","grafica","tradurre","Ricostruisce un'immagine a risoluzione superiore"
"Hitmarker","Indicatore dei colpi","interfaccia di combattimento","tradurre","Conferma visivamente che un attacco ha colpito"
"Nameplate","Targhetta identificativa","interfaccia","tradurre","Etichetta mostrata accanto a giocatori o contatti"
"Voice Activation","Attivazione vocale","comunicazioni vocali","tradurre","Avvia la trasmissione quando il livello sonoro supera una soglia"
"VSync","Sincronizzazione verticale","grafica","tradurre","Sincronizza la frequenza dei fotogrammi con quella dello schermo"
"Water Caustics","Caustiche dell'acqua","grafica","tradurre","Figure luminose prodotte dalla rifrazione sulla superficie dell'acqua"
"Crosshair","Mirino","puntamento","tradurre","Riferimento centrale usato per la mira"
"Texture","Trama","grafica","tradurre","Immagine applicata alla superficie di un oggetto tridimensionale"
"Fuel Pod","Modulo carburante","rifornimento","tradurre","Serbatoio modulare collegabile ai sistemi di rifornimento"
"Refueling Boom","Braccio di rifornimento","rifornimento","tradurre","Braccio estensibile usato per collegare due navi durante il trasferimento"
"Fuel Nozzle","Ugello di rifornimento","rifornimento","tradurre","Elemento terminale che regola l'uscita del carburante"
"Flow Rate","Portata","rifornimento","tradurre","Quantità di carburante trasferita nell'unita di tempo"
"Fuel Scoop","Collettore di carburante","rifornimento","tradurre","Dispositivo che raccoglie materia utilizzabile come carburante"
"Fuel Spillage","Fuoriuscita di carburante","rifornimento","tradurre","Perdita di carburante durante il trasferimento"
"Auto-Docking","Attracco automatico","attracco","tradurre","Procedura d'attracco gestita automaticamente dal sistema"
"Fuel Purge","Espulsione del carburante","rifornimento","tradurre","Scarica all'esterno il carburante presente nel sistema"
"Crafting Tier","Livello di fabbricazione","fabbricazione","tradurre","Livello qualitativo o tecnologico associato alla fabbricazione"
"Lagrangian Gravity Well","Pozzo gravitazionale lagrangiano","astronomia","tradurre","Regione gravitazionale associata a un punto di Lagrange"
"Gas Pocket","Sacca di gas","astronomia","tradurre","Concentrazione localizzata di gas all'interno di un pozzo lagrangiano"
"Mining Compound","Complesso minerario","luoghi","tradurre","Insieme di strutture dedicate all'estrazione e alla lavorazione"
"Derelict Outpost","Avamposto abbandonato","luoghi","tradurre","Insediamento non più operativo o lasciato in rovina"
"Breaker Station","Stazione frantumatrice","estrazione mineraria","tradurre","Stazione QV destinata alla frantumazione dei materiali estratti"
"Engineering Wing","Engineering Wing","strutture e orientamento","contestuale","Preservare come nome visualizzato nei siti ASD e nelle indicazioni operative per mappe e guide; tradurre come ala tecnica soltanto nell'uso descrittivo generico"
"Research Wing","Research Wing","strutture e orientamento","contestuale","Preservare come nome visualizzato nei siti ASD e nelle indicazioni operative per mappe e guide; tradurre come ala di ricerca soltanto nell'uso descrittivo generico"
"Staging Area","Area preparativi","strutture","tradurre","Zona in cui personale o materiali vengono predisposti per l'impiego"
"Habitation","Alloggi","strutture","tradurre","Area residenziale destinata a personale o visitatori"
"Sub-Level","Livello sotterraneo","strutture","tradurre","Piano situato al di sotto del livello principale"
"Observation Lounge","Sala panoramica","strutture","tradurre","Spazio di sosta dotato di visuale sull'ambiente circostante"
"Asteroid Cluster","Ammasso di asteroidi","astronomia","tradurre","Gruppo di asteroidi con caratteristiche orbitali comuni"
"Orbital Laser Platform","Piattaforma laser orbitale","infrastrutture","tradurre","Installazione orbitale dotata di sistemi laser industriali"
"Data Center","Centro dati","infrastrutture","tradurre","Struttura dedicata all'elaborazione e alla conservazione dei dati"
"Gateway Station","Stazione Portale","infrastrutture","tradurre","Stazione situata presso un punto di salto e destinata ai viaggiatori"
"Fair Chance Act","Fair Chance Act","diritto UEE e lore","mantenere","Nome canonico della legge UEE che protegge mondi con forme di vita in sviluppo; preservare per lore e guide"
"Service Station","Stazione di servizio","infrastrutture","tradurre","Installazione che offre assistenza e rifornimenti"
"Mining Station","Stazione mineraria","estrazione mineraria","tradurre","Installazione dedicata alle attività estrattive"
"Distribution Center","Centro di distribuzione","logistica","tradurre","Struttura per ricezione stoccaggio e distribuzione di merci"
"Production Center","Centro produttivo","industria","tradurre","Complesso destinato alla produzione industriale"
"Remote Security Outpost","Avamposto remoto di sicurezza","sicurezza","tradurre","Struttura periferica ad accesso controllato"
"Platform Alignment Facility","Centro di allineamento delle piattaforme","infrastrutture Hathor","tradurre","Struttura che coordina e comunica con piattaforme laser orbitali"
"Rehabilitation Facility","Struttura riabilitativa","sistema penitenziario","tradurre","Istituto detentivo orientato alla riabilitazione"
"Aid Shelter","Rifugio di soccorso","strutture","tradurre","Rifugio di emergenza che offre assistenza di base"
"Extraction Site","Sito estrattivo","estrazione mineraria","tradurre","Area in cui vengono estratte risorse minerarie"
"Processing Plant","Impianto di lavorazione","infrastrutture industriali","tradurre","Struttura che trasforma o tratta materie e risorse"
"Production Complex","Complesso produttivo","infrastrutture industriali","tradurre","Complesso dedicato alla produzione industriale"
"Workcenter","Centro operativo","infrastrutture industriali","tradurre","Sede operativa o produttiva di una società"
"Logistics Depot","Logistics Depot","luoghi e orientamento","mantenere","Elemento canonico dei nomi dei centri microTech; preservare integralmente per mappe, veterani e guide"
"Emergency Shelter","Rifugio di emergenza","luoghi","tradurre","Rifugio destinato alla protezione in situazioni di emergenza"
"Research Outpost","Avamposto di ricerca","ricerca scientifica","tradurre","Struttura periferica dedicata alla ricerca"
"Security Center","Postazione di sicurezza","sicurezza","tradurre","Struttura operativa destinata al controllo e alla sicurezza"
"Mining Facility","Impianto minerario","estrazione mineraria","tradurre","Struttura destinata alle attività estrattive"
"Operations Center","Centro operativo","infrastrutture","tradurre","Struttura da cui vengono gestite operazioni remote"
"Care Center","Centro sanitario","servizi medici","tradurre","Struttura dedicata all'assistenza sanitaria"
"Mining Base","Base mineraria","estrazione mineraria","tradurre","Base dedicata alle attività estrattive"
"Employment Status","Inquadramento","rapporti professionali","tradurre","Livello professionale ricoperto presso un'organizzazione"
"Pay Bonus","Maggiorazione retributiva","rapporti professionali","tradurre","Incremento percentuale del compenso"
"Council Scrip","Buoni del Consiglio","valute e ricompense","tradurre","Buoni emessi dal Consiglio degli Headhunters"
"Scrip","Buoni","valute e ricompense","tradurre","Buoni o certificati usati come ricompensa e valuta di scambio; tradurre anche nelle forme isolate"
"Worker's Party","Worker's Party","organizzazioni e lore","mantenere","Nome proprio dell'organizzazione; conservarlo in inglese per coerenza con mappe, guide e comunità"
"Wingman","Gregario","combattimento tra veicoli","tradurre","Pilota alleato che vola in appoggio"
"MG Scrip","Buoni MG","valute e ricompense","tradurre","Buoni riconosciuti negli incarichi della Gilda dei Mercenari"
"WIP","WIP","segnaposto tecnici","mantenere","Marcatore opaco di contenuto in lavorazione; conservarlo identico alla sorgente"
"OLD","[SUPERATO]","contenuti provvisori","tradurre","Indicatore editoriale di testo precedente mantenuto nei dati di sviluppo"
"Unrefined Construction Materials","Materiali da costruzione non raffinati","recupero","tradurre","Sigla canonica UCM ammessa; comprende detriti edilizi, frammenti edilizi e materiale edilizio recuperato"
"Life Support Filter","Filtro del supporto vitale","ambienti","tradurre","Elemento che rimuove particelle nocive dall'atmosfera di bordo"
"Tracking Signal","Segnale di tracciamento","combattimento missilistico","tradurre","Categoria della firma usata dal sistema di guida"
"Cross Section","Sezione radar","combattimento missilistico","tradurre","Profilo radar determinato da dimensioni e geometria del bersaglio"
"Proximity Missile","Missile di prossimità","combattimento missilistico","tradurre","Missile che detona in prossimità del bersaglio producendo danni ad area"
"Strike Missile","Missile d'attacco","combattimento missilistico","tradurre","Missile guidato concepito per colpire direttamente un bersaglio"
"Fire and Forget","Spara e dimentica","combattimento missilistico","tradurre","Sistema di guida autonomo che non richiede assistenza dopo il lancio"
"Jump Seat","Strapuntino","interni dei veicoli","tradurre","Sedile ausiliario ripiegabile destinato a un occupante occasionale"
"Spinal Mount","Supporto dorsale","armamenti dei veicoli","tradurre","Supporto per armi installato lungo il dorso della nave"
"Noise Launcher","Lanciatore di disturbo","contromisure","tradurre","Dispositivo che genera interferenze per confondere i sistemi di puntamento"
"Decoy Launcher","Lanciatore di esche","contromisure","tradurre","Dispositivo che rilascia esche per deviare le minacce guidate"
"Retro Thruster","Propulsore di retrospinta","propulsione","tradurre","Propulsore orientato in senso opposto al moto per frenare o arretrare"
"Ball Turret","Torretta sferica","armamenti dei veicoli","tradurre","Torretta brandeggiabile installata su un supporto sferico orientabile"
"Bomb Rack","Rastrelliera bombe","armamenti dei veicoli","tradurre","Supporto destinato al trasporto e allo sgancio di bombe"
"Nose Turret","Torretta prodiera","armamenti dei veicoli","tradurre","Torretta montata sulla parte anteriore della nave"
"Ejection Seat","Seggiolino eiettabile","sicurezza dei veicoli","tradurre","Sedile che espelle l'occupante dalla cabina in emergenza"
"Targeting Computer","Calcolatore di puntamento","armamenti dei veicoli","tradurre","Sistema di elaborazione dedicato all'acquisizione e al puntamento dei bersagli"
"Fuel Refinery Pod","Modulo raffineria carburante","rifornimento","tradurre","Modulo esterno che raffina il carburante raccolto"
"Camera Package","Complesso di ripresa","sensori e riprese","tradurre","Insieme integrato di telecamera e sistemi di elaborazione delle immagini"
"Sensor Suite","Complesso sensori","sensori","tradurre","Insieme coordinato di sensori e sistemi di analisi"
"Plushie","Peluche","oggetti decorativi","tradurre","Giocattolo morbido imbottito; invariabile al plurale"
"Stormwal","stormwal","fauna","nome_proprio","Nome canonico della specie che vive nell'atmosfera di Crusader"
"Snowboard","Tavola da neve","sport","tradurre","Tavola usata per scendere sui pendii innevati"
"Tachyon Cannon","Cannone tachionico","armamenti dei veicoli","tradurre","Arma energetica che impiega proiettili tachionici"
"Lockbox","Cassetta di sicurezza","contenitori","tradurre","Piccolo contenitore protetto destinato a oggetti o documenti preziosi"
"Rocket Pod","Lanciarazzi multiplo","armamenti dei veicoli","tradurre","Contenitore esterno dotato di più tubi per il lancio di razzi"
"Deck the Hull","Deck the Hull","livree festive","mantenere","Nome canonico della variante; mantenere identico alla sorgente per coerenza con mappe, guide e comunità"
"IceBreak","IceBreak","livree festive","mantenere","Nome canonico della variante; mantenere identico alla sorgente per coerenza con mappe, guide e comunità"
"Foundation Festival","Foundation Festival","eventi","mantenere","Nome canonico dell'evento civico dell'UEE; mantenerlo anche nelle descrizioni delle livree"
"Foundation Fest","Foundation Fest","livree","mantenere","Forma canonica abbreviata usata nei nomi delle livree"
"Stormbringer","Stormbringer","livree","mantenere","Nome canonico della variante; mantenere identico alla sorgente per coerenza con mappe, guide e comunità"
"Polar","Polar","livree","mantenere","Nome canonico della variante; mantenere identico alla sorgente per coerenza con mappe, guide e comunità"
"Nebula","Nebula","livree","mantenere","Nome canonico della variante; mantenere identico alla sorgente per coerenza con mappe, guide e comunità"
"Outcast","Outcast","livree ed edizioni nominate","mantenere","Nome canonico di livree e di edizioni speciali; non tradurre per coerenza con guide e comunità"
"Keystone","Keystone","livree","mantenere","Nome canonico della variante; mantenere identico alla sorgente per coerenza con mappe, guide e comunità"
"Lovestruck","Lovestruck","livree Coramor","mantenere","Nome canonico della variante; mantenere identico alla sorgente per coerenza con mappe, guide e comunità"
"Sunspot","Sunspot","livree","mantenere","Nome canonico della variante; mantenere identico alla sorgente per coerenza con mappe, guide e comunità"
"Reserve","Reserve","livree","mantenere","Nome canonico della variante; mantenere identico alla sorgente per coerenza con mappe, guide e comunità"
"Hightide","Hightide","livree","mantenere","Nome canonico della variante; mantenere identico alla sorgente per coerenza con mappe, guide e comunità"
"Windfall","Windfall","livree","mantenere","Nome canonico della variante; mantenere identico alla sorgente per coerenza con mappe, guide e comunità"
"Highlander","Highlander","livree","mantenere","Nome canonico della variante; mantenere identico alla sorgente per coerenza con mappe, guide e comunità"
"Luminance","Luminance","livree","mantenere","Nome canonico della variante; mantenere identico alla sorgente per coerenza con mappe, guide e comunità"
"Auspicious Red","Auspicious Red","livree del Festival Rosso","mantenere","Nome canonico della variante; mantenere identico alla sorgente per coerenza con mappe, guide e comunità"
"Afterglow","Afterglow","livree","mantenere","Nome canonico della variante; mantenere identico alla sorgente per coerenza con mappe, guide e comunità"
"Meridian","Meridian","livree","mantenere","Nome canonico della variante; mantenere identico alla sorgente per coerenza con mappe, guide e comunità"
"Stratus","Stratus","livree","mantenere","Nome canonico della variante; mantenere identico alla sorgente per coerenza con mappe, guide e comunità"
"Allegro","Allegro","livree","mantenere","Nome canonico della livrea dell'Alpha Wolf"
"Iceberg","Iceberg","livree","mantenere","Nome canonico della livrea della Fortune"
"Panthera","Panthera","livree","mantenere","Nome canonico della livrea del Prowler Utility"
"Stalwart","Stalwart","livree","mantenere","Nome canonico della livrea del C1 Spirit"
"Phalanx","Phalanx","sistemi di scudi e lore","mantenere","Nome canonico degli scudi direzionali Tevarin del Talon; non tradurre come Falange"
"House Gatac","House Gatac","organizzazioni e lore","mantenere","Nome canonico della casata Xi'an; conservare per lore e guide"
"Nose Scoop","Collettore prodiero","componenti dei veicoli","tradurre","Elemento di raccolta montato sulla prua del Mustang"
"Guardian","Guardian","livree","mantenere","Nome canonico della variante; mantenere identico alla sorgente per coerenza con mappe, guide e comunità"
"Disrupt Camo","Disrupt Camo","livree","mantenere","Nome canonico della variante; mantenere identico alla sorgente per coerenza con mappe, guide e comunità"
"Nightbreak","Nightbreak","livree","mantenere","Nome canonico della variante; mantenere identico alla sorgente per coerenza con mappe, guide e comunità"
"Timberline","Timberline","livree","mantenere","Nome canonico della variante; mantenere identico alla sorgente per coerenza con mappe, guide e comunità"
"Frostbite Camo","Frostbite Camo","livree","mantenere","Nome canonico della variante; mantenere identico alla sorgente per coerenza con mappe, guide e comunità"
"Invictus Blue and Gold","Invictus Blue and Gold","livree Invictus","mantenere","Nome canonico della variante; mantenere identico alla sorgente per coerenza con mappe, guide e comunità"
"Solar Winds","Solar Winds","livree","mantenere","Nome canonico della variante; mantenere identico alla sorgente per coerenza con mappe, guide e comunità"
"Valiant","Valiant","livree","mantenere","Nome canonico della variante; mantenere identico alla sorgente per coerenza con mappe, guide e comunità"
"Masters of Flight","Masters of Flight","serie di livree","mantenere","Nome canonico della variante; mantenere identico alla sorgente per coerenza con mappe, guide e comunità"
"Interstellar Cartography Center","Interstellar Cartography Center","organizzazioni","mantenere","Nome canonico dell'ente abbreviato ICC"
"Charting the Way Ahead","Charting the Way Ahead","slogan ICC","mantenere","Slogan canonico dell'Interstellar Cartography Center"
"Splinter","Splinter","livree","mantenere","Nome canonico della variante; mantenere identico alla sorgente per coerenza con mappe, guide e comunità"
"Skullcrusher","Skullcrusher","livree","mantenere","Nome canonico della variante; mantenere identico alla sorgente per coerenza con mappe, guide e comunità"
"Ironweave","Ironweave","livree","mantenere","Nome canonico della variante; mantenere identico alla sorgente per coerenza con mappe, guide e comunità"
"Shroud","Shroud","livree","mantenere","Nome canonico della variante; mantenere identico alla sorgente per coerenza con mappe, guide e comunità"
"Best in Show","Best in Show","livree celebrative","mantenere","Nome canonico della variante; mantenere identico alla sorgente per coerenza con mappe, guide e comunità"
"Dying Star","Dying Star","mappe e livree","mantenere","Nome proprio canonico usato per una mappa di Arena Commander e per una livrea"
"Elysium","Elysium","livree","mantenere","Nome canonico della variante; mantenere identico alla sorgente per coerenza con mappe, guide e comunità"
"Cypress","Cypress","livree","mantenere","Nome canonico della variante; mantenere identico alla sorgente per coerenza con mappe, guide e comunità"
"Mistwalker","Mistwalker","livree","mantenere","Nome canonico della variante; mantenere identico alla sorgente per coerenza con mappe, guide e comunità"
"Coalfire","Coalfire","livree","mantenere","Nome canonico della variante; mantenere identico alla sorgente per coerenza con mappe, guide e comunità"
"Ghoulish Green","Ghoulish Green","livree del Giorno della Vara","mantenere","Nome canonico della variante; mantenere identico alla sorgente per coerenza con mappe, guide e comunità"
"Hawthorn","Hawthorn","livree","mantenere","Nome canonico della variante; mantenere identico alla sorgente per coerenza con mappe, guide e comunità"
"Saurian","Saurian","livree","mantenere","Nome canonico della variante; mantenere identico alla sorgente per coerenza con mappe, guide e comunità"
"Skull and Crossbones","Skull and Crossbones","livree","mantenere","Nome canonico della variante; mantenere identico alla sorgente per coerenza con mappe, guide e comunità"
"Destiny","Destiny","livree","mantenere","Nome canonico della variante; mantenere identico alla sorgente per coerenza con mappe, guide e comunità"
"Deadlock Camo","Deadlock Camo","livree","mantenere","Nome canonico della variante; mantenere identico alla sorgente per coerenza con mappe, guide e comunità"
"Elysian","Elysian","livree","mantenere","Nome canonico della variante; mantenere identico alla sorgente per coerenza con mappe, guide e comunità"
"Torchbearer","Torchbearer","livree","mantenere","Nome canonico della variante; mantenere identico alla sorgente per coerenza con mappe, guide e comunità"
"Darkrift","Darkrift","livree","mantenere","Nome canonico della variante; mantenere identico alla sorgente per coerenza con mappe, guide e comunità"
"Dust Devil","Dust Devil","livree","mantenere","Nome canonico della variante; mantenere identico alla sorgente per coerenza con mappe, guide e comunità"
"Whirlwind","Whirlwind","varianti di equipaggiamento e livree","mantenere","Nome canonico della variante; mantenere identico alla sorgente per coerenza con mappe, guide e comunità"
"Slipstream","Slipstream","livree","mantenere","Nome canonico della variante; mantenere identico alla sorgente per coerenza con mappe, guide e comunità"
"Turbocharged","Turbocharged","livree","mantenere","Nome canonico della variante; mantenere identico alla sorgente per coerenza con mappe, guide e comunità"
"Overdrive","Overdrive","livree","mantenere","Nome canonico della variante; mantenere identico alla sorgente per coerenza con mappe, guide e comunità"
"Finish Line","Finish Line","livree","mantenere","Nome canonico della variante; mantenere identico alla sorgente per coerenza con mappe, guide e comunità"
"Blackout","Blackout (livrea); Oscuramento (missione o stato operativo)","livree e comunicazioni","contestuale","Mantenere Blackout come nome canonico della livrea; tradurre come Oscuramento quando indica l'interruzione intenzionale delle comunicazioni"
"Vector","Vector","livree","mantenere","Nome canonico della variante; mantenere identico alla sorgente per coerenza con mappe, guide e comunità"
"Eventide","Eventide","livree","mantenere","Nome canonico della variante; mantenere identico alla sorgente per coerenza con mappe, guide e comunità"
"Downpour","Downpour","livree","mantenere","Nome canonico della variante; mantenere identico alla sorgente per coerenza con mappe, guide e comunità"
"Harlequin","Harlequin","livree","mantenere","Nome canonico della variante; mantenere identico alla sorgente per coerenza con mappe, guide e comunità"
"Shadow Gild","Shadow Gild","livree","mantenere","Nome canonico della variante; mantenere identico alla sorgente per coerenza con mappe, guide e comunità"
"Desert Dusk","Desert Dusk","livree","mantenere","Nome canonico della variante; mantenere identico alla sorgente per coerenza con mappe, guide e comunità"
"Black Magic","Black Magic","livree del Giorno della Vara","mantenere","Nome canonico della variante; mantenere identico alla sorgente per coerenza con mappe, guide e comunità"
"Red Skies","Red Skies","livree","mantenere","Nome canonico della variante; mantenere identico alla sorgente per coerenza con mappe, guide e comunità"
"Burnout","Burnout","livree","mantenere","Nome canonico della variante; mantenere identico alla sorgente per coerenza con mappe, guide e comunità"
"Peninsula","Peninsula","livree","mantenere","Nome canonico della variante; mantenere identico alla sorgente per coerenza con mappe, guide e comunità"
"Sovereign","Sovereign","livree","mantenere","Nome canonico della variante; mantenere identico alla sorgente per coerenza con mappe, guide e comunità"
"Stormburst","Stormburst","nomi propri e modelli","mantenere","Nome canonico usato per una livrea e per la bomba S5 di Firestorm Kinetics"
"Whiteout","Whiteout","livree","mantenere","Nome canonico della variante; mantenere identico alla sorgente per coerenza con mappe, guide e comunità"
"Avalanche","Avalanche","livree","mantenere","Nome canonico della variante; mantenere identico alla sorgente per coerenza con mappe, guide e comunità"
"Red Alert","Red Alert","livree","mantenere","Nome canonico della variante; mantenere identico alla sorgente per coerenza con mappe, guide e comunità"
"Blight","Blight","livree","mantenere","Nome canonico della variante; mantenere identico alla sorgente per coerenza con mappe, guide e comunità"
"Shock Force","Shock Force","livree","mantenere","Nome canonico della variante; mantenere identico alla sorgente per coerenza con mappe, guide e comunità"
"Stinger","Stinger","veicoli Esperia e livree","mantenere","Nome canonico del veicolo Esperia e della livrea Scorpius; non tradurre"
"Storm Cloud","Storm Cloud","livree","mantenere","Nome canonico della variante; mantenere identico alla sorgente per coerenza con mappe, guide e comunità"
"Sunburn","Sunburn","livree","mantenere","Nome canonico della variante; mantenere identico alla sorgente per coerenza con mappe, guide e comunità"
"Tiburon","Tiburon","veicoli Aegis","mantenere","Nome canonico della cannoniera pesante Aegis"
"Thunderhead","Thunderhead","livree","mantenere","Nome canonico della variante; mantenere identico alla sorgente per coerenza con mappe, guide e comunità"
"Carbon Black","Carbon Black","livree","mantenere","Nome canonico della variante; mantenere identico alla sorgente per coerenza con mappe, guide e comunità"
"Nightshift","Nightshift","livree","mantenere","Nome canonico della variante; mantenere identico alla sorgente per coerenza con mappe, guide e comunità"
"Monsoon","Monsoon","livree","mantenere","Nome canonico della variante; mantenere identico alla sorgente per coerenza con mappe, guide e comunità"
"Cobalt","Cobalt","livree","mantenere","Nome canonico della variante; mantenere identico alla sorgente per coerenza con mappe, guide e comunità"
"Foreman","Foreman","livree","mantenere","Nome canonico della variante; mantenere identico alla sorgente per coerenza con mappe, guide e comunità"
"Tectonic","Tectonic","livree","mantenere","Nome canonico della variante; mantenere identico alla sorgente per coerenza con mappe, guide e comunità"
"Safety Orange","Safety Orange","livree da lavoro","mantenere","Nome canonico della variante; mantenere identico alla sorgente per coerenza con mappe, guide e comunità"
"Lionheart","Lionheart","livree","mantenere","Nome canonico della variante; mantenere identico alla sorgente per coerenza con mappe, guide e comunità"
"Granite","Granite","livree","mantenere","Nome canonico della variante; mantenere identico alla sorgente per coerenza con mappe, guide e comunità"
"Ironside","Ironside","livree","mantenere","Nome canonico della variante; mantenere identico alla sorgente per coerenza con mappe, guide e comunità"
"Cold Snap","Cold Snap","livree","mantenere","Nome canonico della variante; mantenere identico alla sorgente per coerenza con mappe, guide e comunità"
"Purple Haze","Purple Haze","livree del Giorno della Vara","mantenere","Nome canonico della variante; mantenere identico alla sorgente per coerenza con mappe, guide e comunità"
"Garnet","Garnet","livree","mantenere","Nome canonico della variante; mantenere identico alla sorgente per coerenza con mappe, guide e comunità"
"Assembly","Assembly","livree industriali","mantenere","Nome canonico della variante; mantenere identico alla sorgente per coerenza con mappe, guide e comunità"
"Heartthrob","Heartthrob","livree Coramor","mantenere","Nome canonico della variante; mantenere identico alla sorgente per coerenza con mappe, guide e comunità"
"Carnival","Carnival","livree","mantenere","Nome canonico della variante; mantenere identico alla sorgente per coerenza con mappe, guide e comunità"
"Pyrite","Pyrite","livree","mantenere","Nome canonico della variante; mantenere identico alla sorgente per coerenza con mappe, guide e comunità"
"Longhorn","Longhorn","livree","mantenere","Nome canonico della variante; mantenere identico alla sorgente per coerenza con mappe, guide e comunità"
"Oriole","Oriole","livree","mantenere","Nome canonico della variante; mantenere identico alla sorgente per coerenza con mappe, guide e comunità"
"Woodland","Woodland","livree","mantenere","Nome canonico della variante; mantenere identico alla sorgente per coerenza con mappe, guide e comunità"
"Storm Surge","Storm Surge","livree","mantenere","Nome canonico della variante; mantenere identico alla sorgente per coerenza con mappe, guide e comunità"
"Grab Eat!","Grab Eat!","slogan commerciali","mantenere","Motto canonico di Big Benny"
"Whammer's","Whammer's","marchi","nome_proprio","Marchio commerciale canonico"
"Big Benny's","Big Benny's","marchi","nome_proprio","Marchio commerciale canonico"
"Star Kitten","Star Kitten","marchi e personaggi","nome_proprio","Nome canonico del marchio e della serie animata dedicata a Sally"
"Ellroy's","Ellroy's","marchi","nome_proprio","Marchio commerciale canonico"
"Sharktooth","Sharktooth","livree","mantenere","Nome canonico della variante; mantenere identico alla sorgente per coerenza con mappe, guide e comunità"
"Beachhead","Beachhead","livree","mantenere","Nome canonico della variante; mantenere identico alla sorgente per coerenza con mappe, guide e comunità"
"Marauder","Marauder","livree","mantenere","Nome canonico della variante; mantenere identico alla sorgente per coerenza con mappe, guide e comunità"
"Sea Serpent","Sea Serpent","livree","mantenere","Nome canonico della variante; mantenere identico alla sorgente per coerenza con mappe, guide e comunità"
"Triton Camo","Triton Camo","livree","mantenere","Nome canonico della variante; mantenere identico alla sorgente per coerenza con mappe, guide e comunità"
"Ironcore","Ironcore","livree","mantenere","Nome canonico della variante; mantenere identico alla sorgente per coerenza con mappe, guide e comunità"
"Commando Camo","Commando Camo","livree","mantenere","Nome canonico della variante; mantenere identico alla sorgente per coerenza con mappe, guide e comunità"
"JetPack","Propulsore dorsale","equipaggiamento EVA","tradurre","Sistema personale di propulsione montato sulla schiena"
"Kilian Blue","Kilian Blue","livree militari","mantenere","Nome canonico della variante; mantenere identico alla sorgente per coerenza con mappe, guide e comunità"
"Corin Camo","Corin Camo","livree militari","mantenere","Nome canonico della variante; mantenere identico alla sorgente per coerenza con mappe, guide e comunità"
"Ironheart","Ironheart","livree","mantenere","Nome canonico della variante; mantenere identico alla sorgente per coerenza con mappe, guide e comunità"
"Simoom","Simoom","livree","mantenere","Nome canonico della variante; mantenere identico alla sorgente per coerenza con mappe, guide e comunità"
"Tigerveil","Tigerveil","livree","mantenere","Nome canonico della variante; mantenere identico alla sorgente per coerenza con mappe, guide e comunità"
"Silva","Silva","livree","mantenere","Nome canonico della variante; mantenere identico alla sorgente per coerenza con mappe, guide e comunità"
"Heartseeker","Heartseeker","livree","mantenere","Nome canonico della variante; mantenere identico alla sorgente per coerenza con mappe, guide e comunità"
"Canopy Camo","Canopy Camo","livree","mantenere","Nome canonico della variante; mantenere identico alla sorgente per coerenza con mappe, guide e comunità"
"Shikari","Shikari","livree","mantenere","Nome canonico della variante; mantenere identico alla sorgente per coerenza con mappe, guide e comunità"
"Quicksand","Quicksand","livree","mantenere","Nome canonico della variante; mantenere identico alla sorgente per coerenza con mappe, guide e comunità"
"Ironscale","Ironscale","livree","mantenere","Nome canonico della variante; mantenere identico alla sorgente per coerenza con mappe, guide e comunità"
"Icebound","Icebound","livree","mantenere","Nome canonico della variante; mantenere identico alla sorgente per coerenza con mappe, guide e comunità"
"Black Heron","Black Heron","livree","mantenere","Nome canonico della variante; mantenere identico alla sorgente per coerenza con mappe, guide e comunità"
"Orange Heron","Orange Heron","livree","mantenere","Nome canonico della variante; mantenere identico alla sorgente per coerenza con mappe, guide e comunità"
"White Heron","White Heron","livree","mantenere","Nome canonico della variante; mantenere identico alla sorgente per coerenza con mappe, guide e comunità"
"Monocular Rangefinder","Telemetro monoculare","ottiche","tradurre","Strumento ottico a un solo oculare per misurare la distanza"
"Rangefinder","Telemetro","ottiche","tradurre","Strumento per misurare la distanza di un bersaglio"
"Projection Sight","Mirino a proiezione","ottiche","tradurre","Mirino che proietta un indicatore del bersaglio"
"Holographic","Olografico","ottiche","tradurre","Tipologia di mirino"
"Telescopic","Telescopico","ottiche","tradurre","Tipologia di mirino con ingrandimento"
"Aim Time","Tempo di mira","ottiche","tradurre","Tempo necessario a portare l'arma in mira"
"Snowfall","Snowfall","varianti di equipaggiamento","mantenere","Nome canonico della variante; mantenere identico alla sorgente per coerenza con mappe, guide e comunità"
"Tactical","Tactical","varianti di equipaggiamento","mantenere","Nome canonico della variante; mantenere identico alla sorgente per coerenza con mappe, guide e comunità"
"Forest","Forest","varianti di equipaggiamento","mantenere","Nome canonico della variante; mantenere identico alla sorgente per coerenza con mappe, guide e comunità"
"Deadfall","Deadfall","varianti di equipaggiamento","mantenere","Nome canonico della variante; mantenere identico alla sorgente per coerenza con mappe, guide e comunità"
"One Empire","One Empire","iniziative dell'UEE","mantenere","Nome canonico dell'iniziativa governativa celebrata dall'edizione speciale S-38"
"Scorched","Scorched","varianti di equipaggiamento e livree","mantenere","Nome canonico della variante; mantenere identico alla sorgente per coerenza con mappe, guide e comunità"
"Magazine Size","Capacità caricatore","armi personali","tradurre","Numero di cartucce contenute nel caricatore"
"Purgatory Camo","Purgatory Camo","varianti di equipaggiamento","mantenere","Nome canonico della variante; mantenere identico alla sorgente per coerenza con mappe, guide e comunità"
"Blacklist","Blacklist","varianti di equipaggiamento","mantenere","Nome canonico della variante; mantenere identico alla sorgente per coerenza con mappe, guide e comunità"
"Sniper Rifle","Fucile di precisione","armi personali","tradurre","Fucile progettato per il tiro preciso a lunga distanza"
"Effective Range","Gittata efficace","armi","tradurre","Distanza entro cui l'arma mantiene un'efficacia pratica"
"Rime","Rime","varianti di equipaggiamento","mantenere","Nome canonico della variante; mantenere identico alla sorgente per coerenza con mappe, guide e comunità"
"Archangel","Archangel","varianti di equipaggiamento","mantenere","Nome canonico della variante; mantenere identico alla sorgente per coerenza con mappe, guide e comunità"
"Evergreen","Evergreen","varianti di equipaggiamento","mantenere","Nome canonico della variante; mantenere identico alla sorgente per coerenza con mappe, guide e comunità"
"Legendary Bounty Hunters","Cacciatori di taglie leggendari","linee di equipaggiamento","tradurre","Linea speciale dedicata a celebri cacciatori di taglie"
"Stoneface","Faccia di pietra","soprannomi","tradurre","Soprannome di Farook Norris"
"Concussion Grenade","Granata stordente","granate","tradurre","Ordigno non letale che disorienta e neutralizza i bersagli"
"EMP Grenade","Granata EMP","granate","tradurre","Ordigno che genera un impulso elettromagnetico"
"Frag Grenade","Granata a frammentazione","granate","tradurre","Ordigno antiuomo che disperde frammenti letali"
"Force Propulsion Grenade","Granata a spinta cinetica","granate","tradurre","Ordigno non letale che allontana i bersagli con un impulso di forza"
"HMG","Mitragliatrice pesante","armi personali","tradurre","Arma automatica pesante destinata al fuoco di supporto"
"Area of Effect","Area d'effetto","armi","tradurre","Raggio entro cui un ordigno produce i propri effetti"
"Damage Type","Tipo di danno","armi","tradurre","Categoria del danno inflitto"
"Grenade Launcher","Lanciagranate","armi personali","tradurre","Arma destinata al lancio di granate"
"Thunderclap","Thunderclap","varianti di equipaggiamento","mantenere","Nome canonico della variante; mantenere identico alla sorgente per coerenza con mappe, guide e comunità"
"Ashfall","Ashfall","varianti di equipaggiamento","mantenere","Nome canonico della variante; mantenere identico alla sorgente per coerenza con mappe, guide e comunità"
"Copperhead","Copperhead","varianti di equipaggiamento","mantenere","Nome canonico della variante; mantenere identico alla sorgente per coerenza con mappe, guide e comunità"
"Quite Useful","Quite Useful","varianti di equipaggiamento","mantenere","Nome canonico della variante; mantenere identico alla sorgente per coerenza con mappe, guide e comunità"
"Umber","Umber","varianti di equipaggiamento","mantenere","Nome canonico della variante; mantenere identico alla sorgente per coerenza con mappe, guide e comunità"
"Midnight","Midnight","varianti di equipaggiamento","mantenere","Nome canonico della variante; mantenere identico alla sorgente per coerenza con mappe, guide e comunità"
"Nightstalker","Nightstalker","varianti di equipaggiamento","mantenere","Nome canonico della variante; mantenere identico alla sorgente per coerenza con mappe, guide e comunità"
"Executive Edition","Executive Edition","varianti di equipaggiamento","mantenere","Nome canonico della variante; mantenere identico alla sorgente per coerenza con mappe, guide e comunità"
"Warhawk","Warhawk","varianti di equipaggiamento","mantenere","Nome canonico della variante; mantenere identico alla sorgente per coerenza con mappe, guide e comunità"
"Epoque","Epoque","varianti di equipaggiamento","mantenere","Nome canonico della variante; mantenere identico alla sorgente per coerenza con mappe, guide e comunità"
"Iron Sight","Mire metalliche","armi personali","tradurre","Organi di mira meccanici privi di ottiche"
"Desert Shadow","Desert Shadow","varianti di equipaggiamento","mantenere","Nome canonico della variante; mantenere identico alla sorgente per coerenza con mappe, guide e comunità"
"Stormfall","Stormfall","varianti di equipaggiamento","mantenere","Nome canonico della variante; mantenere identico alla sorgente per coerenza con mappe, guide e comunità"
"Boneyard","Boneyard","varianti di equipaggiamento","mantenere","Nome canonico della variante; mantenere identico alla sorgente per coerenza con mappe, guide e comunità"
"Ballistic Cannon","Cannone balistico","armamenti dei veicoli","tradurre","Cannone che impiega proiettili fisici"
"Ballistic Autocannon","Cannone automatico balistico","armamenti dei veicoli","tradurre","Cannone balistico dotato di tiro automatico"
"Gimbal Mount","Supporto cardanico","supporti per armi","tradurre","Supporto orientabile che consente il puntamento adattivo"
"Point Defense","Difesa di punto","sistemi difensivi","tradurre","Sistema ravvicinato che intercetta missili, siluri e altre minacce veloci"
"Missile PDC","Difesa di punto missilistica","sistemi difensivi","tradurre","Sistema di difesa di punto basato su piccoli missili"
"Torpedo Launcher","Lanciatore siluri","armamenti dei veicoli","tradurre","Complesso destinato al lancio di siluri"
"Anti-Aircraft Turret","Torretta contraerea","difese terrestri","tradurre","Torretta progettata per colpire bersagli aerei"
"Missile Turret","Torretta missilistica","difese terrestri","tradurre","Torretta dotata di missili"
"Area Denial Ordnance","Ordigno di interdizione d'area","mine","tradurre","Dispositivo concepito per impedire l'accesso a una zona"
"Laser Mine","Mina laser","mine","tradurre","Mina attivata dall'interruzione di un raggio laser"
"Distortion Cannon","Cannone a distorsione","armamenti dei veicoli","tradurre","Arma non letale progettata per disattivare i sistemi delle navi"
"Distortion Repeater","Ripetitore a distorsione","armamenti dei veicoli","tradurre","Arma a distorsione con elevata cadenza di tiro"
"Dual Mount","Supporto doppio","supporti per armi","tradurre","Supporto predisposto per due armi o componenti"
"Ballistic Gatling","Mitragliatrice balistica a canne rotanti","armamenti dei veicoli","tradurre","Arma balistica automatica con più canne rotanti"
"Ballistic Repeater","Ripetitore balistico","armamenti dei veicoli","tradurre","Arma balistica a elevata cadenza di tiro"
"Torrent","Torrente","nomi di armamenti","tradurre","Soprannome del sistema di difesa di punto MRX"
"Buzzsaw","Sega circolare","nomi di armamenti","tradurre","Soprannome del ripetitore SW16BR1"
"Sawbuck","Cavalletto","nomi di armamenti","tradurre","Soprannome del ripetitore SW16BR2"
"Shredder","Trituratore","nomi di armamenti","tradurre","Soprannome del ripetitore SW16BR3"
"Laser Cannon","Cannone laser","armamenti dei veicoli","tradurre","Cannone che impiega energia laser"
"Laser Autocannon","Cannone automatico laser","armamenti dei veicoli","tradurre","Cannone laser dotato di tiro automatico"
"Defense Division","Defense Division","organizzazioni e varianti","mantenere","Nome canonico dell'unità di Alliance Aid e delle edizioni commemorative collegate"
"Assault Rifle","Fucile d'assalto","armi personali","tradurre","Fucile individuale a fuoco selettivo o automatico"
"Blackguard","Blackguard","varianti di equipaggiamento","mantenere","Nome canonico della variante; mantenere identico alla sorgente per coerenza con mappe, guide e comunità"
"Metro Camo","Metro Camo","varianti di equipaggiamento","mantenere","Nome canonico della variante; mantenere identico alla sorgente per coerenza con mappe, guide e comunità"
"Dominion Camo","Dominion Camo","varianti di equipaggiamento","mantenere","Nome canonico della variante; mantenere identico alla sorgente per coerenza con mappe, guide e comunità"
"Augustus","Augusto","nomi di armamenti","tradurre","Soprannome storico attribuito dagli ingegneri Amon & Reese all'Omnisky XVIII"
"Laser Repeater","Ripetitore laser","armamenti dei veicoli","tradurre","Arma energetica laser a elevata cadenza di tiro"
"Bulldog","Bulldog","nomi di armamenti","mantenere","Nome di razza d'uso corrente anche in italiano e soprannome del CF-117"
"Badger","Tasso","nomi di armamenti","tradurre","Soprannome animale del CF-227"
"Panther","Pantera","nomi di armamenti","tradurre","Soprannome animale del CF-337"
"Rhino","Rinoceronte","nomi di armamenti","tradurre","Soprannome animale del CF-447"
"Galdereen","Galdereen","nomi di armamenti","mantenere","Nome proprio di una creatura dell'universo di gioco e soprannome del CF-557"
"Mammoth","Mammut","nomi di armamenti","tradurre","Soprannome animale del CF-667"
"Gallant","Gallant","modelli di armamenti","mantenere","Nome canonico del fucile energetico Klaus & Werner"
"Battery Size","Capacità batteria","armi energetiche","tradurre","Numero di colpi disponibili con una batteria carica"
"Red Dot Sight","Mirino a punto rosso","ottiche","tradurre","Mirino che proietta un punto rosso sul punto di mira"
"Conviction Camo","Conviction Camo","varianti di equipaggiamento","mantenere","Nome canonico della variante; mantenere identico alla sorgente per coerenza con mappe, guide e comunità"
"Redline","Redline","varianti di equipaggiamento","mantenere","Nome canonico della variante; mantenere identico alla sorgente per coerenza con mappe, guide e comunità"
"Arrowhead","Arrowhead","modelli di armamenti","mantenere","Nome canonico del fucile di precisione energetico Klaus & Werner"
"Lamplighter","Lamplighter","varianti di equipaggiamento","mantenere","Nome canonico della variante; mantenere identico alla sorgente per coerenza con mappe, guide e comunità"
"Voyager","Voyager","varianti di equipaggiamento","mantenere","Nome canonico della variante; mantenere identico alla sorgente per coerenza con mappe, guide e comunità"
"Executive","Executive","varianti di equipaggiamento","mantenere","Nome canonico della variante; mantenere identico alla sorgente per coerenza con mappe, guide e comunità"
"Pathfinder","esplorazione (ruolo); Apripista (variante); Pathfinder (missile)","ruoli dei veicoli e equipaggiamento","contestuale","Tradurre come esplorazione nelle schede ruolo, come Apripista nelle varianti creative; mantenere per il missile Behring Pathfinder"
"Arclight","Arclight","modelli di armamenti","mantenere","Nome canonico della pistola energetica Klaus & Werner"
"Glimmer","Glimmer","varianti di equipaggiamento","mantenere","Nome canonico della variante; mantenere identico alla sorgente per coerenza con mappe, guide e comunità"
"Herrero","Herrero","varianti di equipaggiamento","mantenere","Nome proprio non inglese della variante incisa dell'Arclight"
"Demeco","Demeco","modelli di armamenti","mantenere","Nome canonico della mitragliatrice leggera energetica Klaus & Werner"
"Ultraviolet","Ultraviolet","varianti di equipaggiamento","mantenere","Nome canonico della variante; mantenere identico alla sorgente per coerenza con mappe, guide e comunità"
"Touchstone","Touchstone","modelli di ottiche","mantenere","Nome canonico dello schermo ottico 8x Klaus & Werner"
"Jaeger","Jaeger","modelli di ottiche","mantenere","Nome canonico della gamma di ottiche HG e RD Klaus & Werner"
"Basara","Basara","modelli di ottiche","mantenere","Nome canonico della gamma di ottiche telescopiche TS Klaus & Werner"
"Attachment Point","Punto d'aggancio","equipaggiamento","tradurre","Sede sulla quale viene installato un accessorio"
"Monitor","Schermo","ottiche","tradurre","Dispositivo ottico che mostra l'immagine su uno schermo"
"Mass Driver Cannon","Cannone ad accelerazione di massa","armamenti dei veicoli","tradurre","Cannone elettromagnetico che accelera proiettili dotati di massa"
"Railgun","Cannone a rotaia","armamenti","contestuale","Nel testo esteso tradurre; nelle categorie tecniche compatte conservare Railgun"
"Sledge","Sledge","modelli di armamenti","mantenere","Nome canonico della gamma di cannoni ad accelerazione di massa Klaus & Werner"
"Destroyer","Destroyer","modelli di armamenti","mantenere","Nome canonico del cannone ad accelerazione di massa S10 per Idris"
"Lumin V","Lumin V","modelli di armamenti","mantenere","Nome canonico del mitra energetico Klaus & Werner"
"Interval Autofire","Fuoco automatico intervallato","modalità di fuoco","tradurre","Modalità che alterna raffiche automatiche di cinque colpi a brevi pause"
"Valor","Valor","varianti di equipaggiamento","mantenere","Nome canonico della variante; mantenere identico alla sorgente per coerenza con mappe, guide e comunità"
"Rapid Traversal Device","Dispositivo di attraversamento rapido","mobilità personale","tradurre","Espansione italiana della sigla di prodotto RTD"
"Kagi RTD","Kagi RTD","modelli di equipaggiamento","mantenere","Nome canonico dell'accessorio di mobilità per Arclight II"
"Flashlight","Torcia","accessori per armi","tradurre","Dispositivo sottocanna per illuminare"
"Laser Pointer","Puntatore laser","accessori per armi","tradurre","Dispositivo sottocanna che proietta un punto o un fascio laser"
"Spread","Dispersione","armi e accessori","tradurre","Ampiezza della rosata dei colpi"
"Brightspot","Brightspot","modelli di equipaggiamento","mantenere","Nome canonico della torcia sottocanna Klaus & Werner"
"Tracer","Tracer","modelli di equipaggiamento","mantenere","Nome canonico del puntatore laser Klaus & Werner"
"Coda","Coda","modelli di armamenti","mantenere","Nome canonico della pistola balistica Kastak Arms"
"Hand Cannon","Cannone tascabile","armi personali","tradurre","Soprannome informale della potente pistola Coda"
"Ascension","Ascension","varianti di equipaggiamento","mantenere","Nome canonico della variante; mantenere identico alla sorgente per coerenza con mappe, guide e comunità"
"Nighthawk","Nighthawk","varianti di equipaggiamento","mantenere","Nome canonico della variante; mantenere identico alla sorgente per coerenza con mappe, guide e comunità"
"Big Boss","Big Boss","varianti di equipaggiamento","mantenere","Nome canonico della variante; mantenere identico alla sorgente per coerenza con mappe, guide e comunità"
"Scalpel","Scalpel","modelli di armamenti","mantenere","Nome canonico del fucile di precisione a doppia canna Kastak Arms"
"Permafrost","Permafrost","varianti di equipaggiamento","mantenere","Termine d'uso corrente anche in italiano per varianti blu e grigie"
"Karna","Karna","modelli di armamenti","mantenere","Nome canonico del fucile d'assalto al plasma Kastak Arms"
"Rager","Rager","varianti di equipaggiamento","mantenere","Nome canonico della variante; mantenere identico alla sorgente per coerenza con mappe, guide e comunità"
"Fate","Fate","varianti di equipaggiamento","mantenere","Nome canonico della variante; mantenere identico alla sorgente per coerenza con mappe, guide e comunità"
"Brimstone","Brimstone","varianti di equipaggiamento","mantenere","Nome canonico della variante; mantenere identico alla sorgente per coerenza con mappe, guide e comunità"
"Alpine Sunset","Alpine Sunset","varianti di equipaggiamento","mantenere","Nome canonico della variante; mantenere identico alla sorgente per coerenza con mappe, guide e comunità"
"Custodian","Custodian","modelli di armamenti","mantenere","Nome canonico del mitra energetico Kastak Arms"
"Foundry's Fire","Foundry's Fire","varianti di equipaggiamento","mantenere","Nome canonico della variante; mantenere identico alla sorgente per coerenza con mappe, guide e comunità"
"Citizen's Pride","Citizen's Pride","varianti di equipaggiamento","mantenere","Nome canonico della variante; mantenere identico alla sorgente per coerenza con mappe, guide e comunità"
"Ravager-212 Twin","Ravager-212 doppio","modelli di armamenti","traduzione parziale","Ravager-212 resta il modello canonico; Twin descrive la configurazione a due canne"
"Bright Star","Bright Star","varianti di equipaggiamento","mantenere","Nome canonico della variante; mantenere identico alla sorgente per coerenza con mappe, guide e comunità"
"Devastator","Devastator","modelli di armamenti","mantenere","Nome canonico del fucile a pompa al plasma Kastak Arms"
"Starchaser","Starchaser","varianti di equipaggiamento","mantenere","Nome canonico della variante; mantenere identico alla sorgente per coerenza con mappe, guide e comunità"
"Combat Knife","Coltello da combattimento","armi da mischia","tradurre","Coltello progettato per l'impiego in combattimento"
"Sawtooth","Sawtooth","modelli di armamenti","mantenere","Nome canonico del coltello da combattimento Kastak Arms"
"Squall","Squall","varianti di equipaggiamento","mantenere","Nome canonico della variante; mantenere identico alla sorgente per coerenza con mappe, guide e comunità"
"Sirocco","Sirocco","varianti di equipaggiamento","mantenere","Nome canonico della variante; mantenere identico alla sorgente per coerenza con mappe, guide e comunità"
"Sunspike","Sunspike","varianti di equipaggiamento","mantenere","Nome canonico della variante; mantenere identico alla sorgente per coerenza con mappe, guide e comunità"
"Bloodstone","Bloodstone","varianti di equipaggiamento","mantenere","Nome canonico della variante; mantenere identico alla sorgente per coerenza con mappe, guide e comunità"
"Scorch","Scorch","armamenti, personaggi e lore","mantenere","Nome condiviso dalla granata al plasma Kastak Arms e dal soprannome di un luogotenente dei Nine Tails; disambiguare dal contesto"
"Black Prism","Black Prism","modelli di ottiche","mantenere","Nome canonico del mirino telescopico 8x Kastak Arms"
"Microwave Cannon","Cannone a microonde","armi personali","tradurre","Arma energetica che emette un fascio continuo di microonde"
"Firestorm","Firestorm","modelli di armamenti","mantenere","Nome canonico del cannone portatile a microonde Kastak Arms"
"Damage Reduction","Riduzione danni","armature","tradurre","Percentuale di danno mitigata dall'armatura"
"Temp. Rating","Intervallo termico","armature","tradurre","Intervallo di temperature operative dell'equipaggiamento"
"Radiation Protection","Protezione dalle radiazioni","armature","tradurre","Dose totale di radiazioni contro cui l'equipaggiamento offre protezione"
"Radiation Scrub Rate","Velocità di smaltimento radiazioni","armature","tradurre","Velocità con cui l'equipaggiamento smaltisce la dose di radiazioni"
"Carrying Capacity","Capacità di carico","armature e contenitori","tradurre","Volume massimo trasportabile"
"G-Force Tolerance","Tolleranza alle forze G","sottotute","tradurre","Incremento della resistenza alle accelerazioni"
"Manticore","Manticore","modelli di armature","mantenere","Nome canonico dell'elmo pesante Kastak Arms"
"Microid Battle Suit","Completo da combattimento Microid","modelli di armature","traduzione parziale","Microid resta il nome canonico; Battle Suit descrive il completo corazzato"
"Scaleweave Undersuit","Sottotuta Scaleweave","modelli di sottotute","traduzione parziale","Scaleweave resta il nome canonico; Undersuit indica la sottotuta"
"Nomad","Nomad","veicoli Consolidated Outland e varianti di armature","mantenere","Nome canonico del veicolo e della variante di armatura; distinguere dal contesto e mantenere identico"
"Crucible","Crucible","varianti di armature","mantenere","Nome canonico della variante; mantenere identico alla sorgente per coerenza con mappe, guide e comunità"
"Lodestone","Lodestone","varianti di armature","mantenere","Nome canonico della variante; mantenere identico alla sorgente per coerenza con mappe, guide e comunità"
"Badland","Badland","varianti di armature","mantenere","Nome canonico della variante; mantenere identico alla sorgente per coerenza con mappe, guide e comunità"
"Lowland","Lowland","varianti di armature","mantenere","Nome canonico della variante; mantenere identico alla sorgente per coerenza con mappe, guide e comunità"
"Barrens","Barrens","varianti di sottotute","mantenere","Nome canonico della variante; mantenere identico alla sorgente per coerenza con mappe, guide e comunità"
"Ironclad","Ironclad","varianti di sottotute","mantenere","Nome canonico della variante; mantenere identico alla sorgente per coerenza con mappe, guide e comunità"
"Whetstone","Whetstone","varianti di sottotute","mantenere","Nome canonico della variante; mantenere identico alla sorgente per coerenza con mappe, guide e comunità"
"Driftwood","Driftwood","varianti di sottotute","mantenere","Nome canonico della variante; mantenere identico alla sorgente per coerenza con mappe, guide e comunità"
"Quagmire","Quagmire","varianti di sottotute","mantenere","Nome canonico della variante; mantenere identico alla sorgente per coerenza con mappe, guide e comunità"
"Slugger","Slugger","modelli di armature","mantenere","Nome canonico dell'armatura pesante Kastak Arms"
"Sparrer","Sparrer","modelli di armature","mantenere","Nome canonico dell'armatura leggera Kastak Arms"
"Brawler","Brawler","modelli di armature","mantenere","Nome canonico dell'armatura media Kastak Arms"
"Stoneskin","Stoneskin","modelli di sottotute","mantenere","Nome canonico della serie di sottotute da combattimento Kastak Arms"
"AR Crosshair","Reticolo RA","visori","tradurre","Reticolo di realtà aumentata proiettato sul visore"
"Citadel","Citadel","modelli di armature","mantenere","Nome canonico dell'armatura pesante Kastak Arms"
"Lynx","Lynx","armature e veicoli RSI","mantenere","Nome canonico usato sia per l'armatura leggera Kastak Arms sia per il veicolo terrestre RSI"
"Oracle","Oracle","modelli di armature","mantenere","Nome canonico dell'elmo leggero Kastak Arms"
"Morningstar","Morningstar","modelli di armature","mantenere","Nome canonico dell'elmo medio Kastak Arms"
"Inquisitor","Inquisitor","modelli di armature","mantenere","Nome canonico dell'armatura media Kastak Arms"
"Fortifier","Fortifier","modelli di armature","mantenere","Nome canonico dell'elmo pesante Kastak Arms"
"Fire and Fury","Fire and Fury","opere narrative","mantenere","Titolo canonico dei programmi che resero celebre l'armatura Lynx"
"The Seeker","The Seeker","personaggi di finzione","mantenere","Nome canonico del personaggio dei programmi Fire and Fury"
"Renegade","Renegade","modelli di armature","mantenere","Nome canonico dell'elmo leggero Kastak Arms"
"Calico","Calico (armatura o livrea); Calicò (variante Strata)","armature, livree e varianti di equipaggiamento","contestuale","Mantenere Calico per il completo Kastak Arms e la livrea Retaliator; usare Calicò soltanto per la variante dell'elmo Strata"
"DustUp","DustUp","modelli di armature","mantenere","Nome canonico dell'elmo medio Kastak Arms"
"Flight Helmet","Elmo da volo","armature","tradurre","Elmo compatibile con sottotute e operazioni di volo"
"LH86","LH86","modelli di armamenti","mantenere","Codice canonico della pistola balistica Gemini"
"Tritium Low-Light Sight","Mirino al trizio per scarsa luminosità","ottiche","tradurre","Mira luminosa al trizio per ambienti poco illuminati"
"Luckbringer","Luckbringer","varianti di equipaggiamento","mantenere","Nome canonico della variante; mantenere identico alla sorgente per coerenza con mappe, guide e comunità"
"Takahashi Racing","Takahashi Racing","varianti di equipaggiamento","mantenere","Nome canonico della variante; mantenere identico alla sorgente per coerenza con mappe, guide e comunità"
"Righteous","Righteous","varianti di equipaggiamento","mantenere","Nome canonico della variante; mantenere identico alla sorgente per coerenza con mappe, guide e comunità"
"S71","S71","modelli di armamenti","mantenere","Codice canonico del fucile d'assalto balistico Gemini"
"Hemlock Camo","Hemlock Camo","varianti di equipaggiamento","mantenere","Nome canonico della variante; mantenere identico alla sorgente per coerenza con mappe, guide e comunità"
"Justified","Justified","varianti di equipaggiamento","mantenere","Nome canonico della variante; mantenere identico alla sorgente per coerenza con mappe, guide e comunità"
"Murray Cup Racing","Murray Cup Racing","varianti di equipaggiamento","mantenere","Nome canonico della variante; mantenere identico alla sorgente per coerenza con mappe, guide e comunità"
"Bullseye","Bullseye","varianti di equipaggiamento","mantenere","Nome canonico della variante; mantenere identico alla sorgente per coerenza con mappe, guide e comunità"
"C54","C54","modelli di armamenti","mantenere","Codice canonico del mitra balistico Gemini"
"Origin Racing","Origin Racing","varianti di equipaggiamento","mantenere","Nome canonico della variante; mantenere identico alla sorgente per coerenza con mappe, guide e comunità"
"Ochelo","Ochelo","varianti di equipaggiamento","mantenere","Nome Banu di uno strumento musicale e della variante C54 ispirata a esso"
"F55","F55","modelli di armamenti","mantenere","Codice canonico della mitragliatrice leggera Gemini"
"Mark I","Mark I","varianti di equipaggiamento","mantenere","Nome canonico della variante; mantenere identico alla sorgente per coerenza con mappe, guide e comunità"
"Deadlock","Deadlock","varianti di equipaggiamento","mantenere","Nome canonico della variante; mantenere identico alla sorgente per coerenza con mappe, guide e comunità"
"A03","A03","modelli di armamenti","mantenere","Codice canonico del fucile di precisione Gemini"
"Wildwood","Wildwood","varianti di equipaggiamento","mantenere","Nome canonico della variante; mantenere identico alla sorgente per coerenza con mappe, guide e comunità"
"HighSec","HighSec","varianti di equipaggiamento","mantenere","Nome canonico della variante; mantenere identico alla sorgente per coerenza con mappe, guide e comunità"
"R97","R97","modelli di armamenti","mantenere","Codice canonico del fucile a pompa balistico Gemini"
"Kismet","Kismet","varianti di equipaggiamento","mantenere","Nome canonico della variante; mantenere identico alla sorgente per coerenza con mappe, guide e comunità"
"Crimson Camo","Crimson Camo","varianti di equipaggiamento","mantenere","Nome canonico della variante; mantenere identico alla sorgente per coerenza con mappe, guide e comunità"
"Echoburst Rangefinder","Telemetro a impulsi d'eco","ottiche","tradurre","Telemetro Gemini che misura la distanza tramite impulsi d'eco"
"Visual Recoil","Rinculo visivo","armi e ottiche","tradurre","Movimento apparente della visuale prodotto dal rinculo"
"OT4-RF","OT4-RF","modelli di ottiche","mantenere","Codice canonico dell'ottica telescopica 4x Gemini"
"OT8-RF","OT8-RF","modelli di ottiche","mantenere","Codice canonico dell'ottica telescopica 8x Gemini"
"Pulse","Pulse","modelli di armamenti e veicoli Mirai","mantenere","Nome canonico sia della pistola laser VOLT sia del veicolo Mirai; distinguere dal contesto e mantenere identico"
"Piconalia","Piconalia","varianti di equipaggiamento","mantenere","Nome proprio dell'edizione Luminalia verde della Pulse"
"Rouge","Rouge","varianti di equipaggiamento","mantenere","Nome canonico della variante; mantenere identico alla sorgente per coerenza con mappe, guide e comunità"
"Prism","Prism","modelli di armamenti","mantenere","Nome canonico del fucile a pompa laser VOLT"
"Irradiated","Irradiated","varianti di equipaggiamento","mantenere","Nome canonico della variante; mantenere identico alla sorgente per coerenza con mappe, guide e comunità"
"Hazard","Hazard","varianti di equipaggiamento","mantenere","Nome canonico della variante; mantenere identico alla sorgente per coerenza con mappe, guide e comunità"
"Bonedust","Bonedust","varianti di equipaggiamento","mantenere","Nome canonico della variante; mantenere identico alla sorgente per coerenza con mappe, guide e comunità"
"Deep Sea","Deep Sea","varianti di equipaggiamento","mantenere","Nome canonico della variante; mantenere identico alla sorgente per coerenza con mappe, guide e comunità"
"Firesteel","Firesteel","varianti di equipaggiamento","mantenere","Nome canonico della variante; mantenere identico alla sorgente per coerenza con mappe, guide e comunità"
"Parallax","Parallax (modello); parallasse (ottica)","modelli di armamenti e ottiche","contestuale","Mantenere per il fucile VOLT; tradurre come parallasse quando indica il parametro ottico"
"Electron","elettroni","armi energetiche","tradurre","Classe energetica basata su un fascio di elettroni; al plurale nella scheda tecnica"
"Beam","fascio","armi energetiche","tradurre","Emissione energetica continua o progressivamente sostenuta"
"Downburst Camo","Downburst Camo","varianti di equipaggiamento","mantenere","Nome canonico della variante; mantenere identico alla sorgente per coerenza con mappe, guide e comunità"
"Shock Trooper","Shock Trooper","varianti di equipaggiamento","mantenere","Nome canonico della variante; mantenere identico alla sorgente per coerenza con mappe, guide e comunità"
"Fun Kopion Tooth","Fun Kopion Tooth","varianti di equipaggiamento","mantenere","Nome canonico della variante; mantenere identico alla sorgente per coerenza con mappe, guide e comunità"
"Fun Kopion Skull","Fun Kopion Skull","varianti di equipaggiamento","mantenere","Nome canonico della variante; mantenere identico alla sorgente per coerenza con mappe, guide e comunità"
"Fun Military Skull","Fun Military Skull","varianti di equipaggiamento","mantenere","Nome canonico della variante; mantenere identico alla sorgente per coerenza con mappe, guide e comunità"
"Fun Military Tooth","Fun Military Tooth","varianti di equipaggiamento","mantenere","Nome canonico della variante; mantenere identico alla sorgente per coerenza con mappe, guide e comunità"
"Sunstone","Sunstone","varianti di equipaggiamento","mantenere","Nome canonico della variante; mantenere identico alla sorgente per coerenza con mappe, guide e comunità"
"Sanguine","Sanguine","varianti di equipaggiamento","mantenere","Nome canonico della variante; mantenere identico alla sorgente per coerenza con mappe, guide e comunità"
"GCD-Army","GCD-Army","livree","mantenere","Nome canonico della livrea militare Tumbril; mantenere identico alla sorgente"
"Pico the Penguin","Pico the Penguin","personaggi e mascotte","mantenere","Nome canonico della mascotte di microTech"
"Party Animal","Party Animal","varianti di oggetti decorativi","mantenere","Nome canonico delle varianti festive del peluche Pico the Penguin"
"Quartz","Quartz","modelli di armamenti","mantenere","Nome canonico del mitra energetico VOLT"
"Jungle Camo","Jungle Camo","varianti di equipaggiamento","mantenere","Nome canonico della variante; mantenere identico alla sorgente per coerenza con mappe, guide e comunità"
"Hunter Camo","Hunter Camo","varianti di equipaggiamento","mantenere","Nome canonico della variante; mantenere identico alla sorgente per coerenza con mappe, guide e comunità"
"Cobalt Camo","Cobalt Camo","varianti di equipaggiamento","mantenere","Nome canonico della variante; mantenere identico alla sorgente per coerenza con mappe, guide e comunità"
"True Valor","True Valor","varianti di equipaggiamento","mantenere","Nome canonico della variante; mantenere identico alla sorgente per coerenza con mappe, guide e comunità"
"Clawed Steel","Clawed Steel","varianti di equipaggiamento","mantenere","Nome canonico della variante; mantenere identico alla sorgente per coerenza con mappe, guide e comunità"
"New Dawn","New Dawn","varianti di equipaggiamento","mantenere","Nome canonico della variante; mantenere identico alla sorgente per coerenza con mappe, guide e comunità"
"Black Op","Black Op","varianti di equipaggiamento","mantenere","Nome canonico della variante; mantenere identico alla sorgente per coerenza con mappe, guide e comunità"
"Lumen","Lumen","varianti di equipaggiamento","mantenere","Nome canonico della variante; mantenere identico alla sorgente per coerenza con mappe, guide e comunità"
"Fresnel","Fresnel","modelli di armamenti","mantenere","Nome canonico della mitragliatrice leggera energetica VOLT"
"Deepwater","Deepwater","varianti di equipaggiamento","mantenere","Nome canonico della variante; mantenere identico alla sorgente per coerenza con mappe, guide e comunità"
"Yormandi","Yormandi","fauna e varianti di equipaggiamento","mantenere","Nome canonico del rettile e della variante Fresnel che lo raffigura"
"Molten","Molten","varianti di equipaggiamento","mantenere","Nome canonico della variante; mantenere identico alla sorgente per coerenza con mappe, guide e comunità"
"Icebox","Icebox","varianti di equipaggiamento","mantenere","Nome canonico della variante; mantenere identico alla sorgente per coerenza con mappe, guide e comunità"
"Rockfall","Rockfall","varianti di equipaggiamento","mantenere","Nome canonico della variante; mantenere identico alla sorgente per coerenza con mappe, guide e comunità"
"Zenith","Zenith","modelli di armamenti","mantenere","Nome canonico del fucile di precisione laser VOLT"
"Snow Camo","Snow Camo","varianti di equipaggiamento","mantenere","Nome canonico della variante; mantenere identico alla sorgente per coerenza con mappe, guide e comunità"
"Golden Blossom","Golden Blossom","varianti di equipaggiamento","mantenere","Nome canonico della variante; mantenere identico alla sorgente per coerenza con mappe, guide e comunità"
"Darkwave","Darkwave","varianti di equipaggiamento","mantenere","Nome canonico della variante; mantenere identico alla sorgente per coerenza con mappe, guide e comunità"
"Landslide","Landslide","varianti di equipaggiamento","mantenere","Nome canonico della variante; mantenere identico alla sorgente per coerenza con mappe, guide e comunità"
"Thunderstrike","Thunderstrike","varianti di equipaggiamento","mantenere","Nome canonico della variante; mantenere identico alla sorgente per coerenza con mappe, guide e comunità"
"FocalWave-10","FocalWave-10","modelli di ottiche","mantenere","Nome canonico dell'ottica olografica VOLT 1x"
"FocalWave-20","FocalWave-20","modelli di ottiche","mantenere","Nome canonico dell'ottica olografica VOLT 2x"
"FocalWave-30","FocalWave-30","modelli di ottiche","mantenere","Nome canonico dell'ottica olografica VOLT 3x"
"FarSight","FarSight","modelli di ottiche","mantenere","Nome canonico dell'ottica telescopica VOLT 8x"
"TruePicture","TruePicture","tecnologie proprietarie","mantenere","Nome canonico della tecnologia per lenti VOLT"
"Lux","Lux","modelli di accessori per armi","mantenere","Nome canonico della torcia sottocanna VOLT"
"Avenger","Avenger","veicoli Aegis","mantenere","Nome canonico della famiglia di astronavi Aegis"
"Interdiction","interdizione","ruoli dei veicoli","tradurre","Ruolo dedicato a impedire la fuga o il transito del bersaglio"
"External Lighting","illuminazione esterna","componenti dei veicoli","tradurre","Insieme delle luci esterne di un veicolo"
"Gladius","Gladius","veicoli Anvil","mantenere","Nome canonico del caccia leggero Anvil"
"STC Blue","STC Blue","modelli di propulsori","mantenere","Nome canonico del propulsore Dragon Stellar Transit Company montato sul Gladius"
"Winnowing D1","Winnowing D1","modelli di propulsori","mantenere","Nome canonico del propulsore di manovra Aegis"
"Light Fighter","caccia leggero","ruoli dei veicoli","tradurre","Caccia agile e leggero dedicato al combattimento"
"Dogfighting","combattimento tra caccia","combattimento spaziale","tradurre","Scontro ravvicinato e manovrato fra velivoli o astronavi"
"External Lights","luci esterne","componenti dei veicoli","tradurre","Luci installate all'esterno di un veicolo"
"Light Set","gruppo luci","componenti dei veicoli","tradurre","Insieme coordinato delle luci di un veicolo"
"Sabre","Sabre","veicoli Aegis","mantenere","Nome canonico del caccia furtivo Aegis"
"Sabre Raven","Sabre Raven","veicoli Aegis","mantenere","Nome canonico della variante Raven dell'Aegis Sabre"
"Cockpit Seat","sedile di pilotaggio","componenti dei veicoli","tradurre","Sedile principale installato nella cabina di pilotaggio"
"Omni Thruster","propulsore omnidirezionale","propulsione","tradurre","Propulsore di manovra capace di orientare la spinta in più direzioni"
"Rotational Thruster","propulsore rotazionale","propulsione","tradurre","Propulsore di manovra dedicato alla rotazione del veicolo"
"Eclipse","Eclipse","veicoli Aegis","mantenere","Nome canonico del bombardiere furtivo Aegis"
"Retaliator","Retaliator","veicoli Aegis","mantenere","Nome canonico del bombardiere pesante Aegis"
"Heavy Bomber","bombardiere pesante","ruoli dei veicoli","tradurre","Bombardiere di grandi dimensioni destinato ad attacchi pesanti"
"Engineering Control Station","postazione di controllo tecnico","componenti dei veicoli","tradurre","Postazione dalla quale si gestiscono i sistemi tecnici della nave"
"Turret Seat","sedile della torretta","componenti dei veicoli","tradurre","Sedile destinato all'operatore di una torretta"
"Torpedo Bay","vano lanciasiluri","armamenti dei veicoli","tradurre","Vano della nave destinato all'alloggiamento e al lancio dei siluri"
"Hammerhead","Hammerhead","veicoli Aegis","mantenere","Nome canonico della cannoniera pesante Aegis"
"Redeemer","Redeemer","veicoli Aegis","mantenere","Nome canonico della cannoniera e mezzo da sbarco Aegis"
"The Next Great Starship","The Next Great Starship","eventi e titoli","mantenere","Titolo canonico del concorso che portò alla progettazione del Redeemer"
"Javelin","Javelin","veicoli Aegis","mantenere","Nome canonico del cacciatorpediniere Aegis"
"Joint Thruster","propulsore articolato","propulsione","tradurre","Propulsore orientabile montato su un'articolazione"
"Main Engine","motore principale","propulsione","tradurre","Motore principale di un veicolo o di un'astronave"
"Support Engine","motore ausiliario","propulsione","tradurre","Motore secondario che assiste il sistema propulsivo principale"
"Pilot Seat","sedile del pilota","componenti dei veicoli","tradurre","Sedile destinato al pilota del veicolo"
"Co-Pilot Seat","sedile del copilota","componenti dei veicoli","tradurre","Sedile destinato al copilota del veicolo"
"Idris","Idris","veicoli Aegis","mantenere","Nome canonico della famiglia di fregate Aegis"
"IFR-A77","IFR-A77","modelli di torrette","mantenere","Codice canonico della torretta dell'Aegis Idris per armi di taglia 7"
"IFR-W57","IFR-W57","modelli di torrette","mantenere","Codice canonico della torretta dell'Aegis Idris per armi di taglia 5"
"Twin Main Thruster","doppio propulsore principale","propulsione","tradurre","Coppia di propulsori principali installata come singolo gruppo"
"Front Turret","torretta anteriore","armamenti dei veicoli","tradurre","Torretta collocata nella sezione anteriore della nave"
"Vanguard","Vanguard","veicoli Aegis","mantenere","Nome canonico della famiglia di caccia pesanti Aegis"
"Fixed Mav Thruster","Propulsore di manovra fisso","propulsione","tradurre","Propulsore di manovra installato con orientamento fisso; Mav indica il ruolo di manovra"
"Joint Mav Thruster","propulsore di manovra articolato","propulsione","tradurre","Propulsore di manovra installato su un'articolazione orientabile"
"Double Engine","doppio motore","propulsione","tradurre","Gruppo composto da due motori"
"Single Engine","motore singolo","propulsione","tradurre","Gruppo composto da un solo motore"
"Fuel Tank","serbatoio del carburante","sistemi dei veicoli","tradurre","Serbatoio destinato al carburante del veicolo"
"Fixed Thruster","propulsore fisso","propulsione","tradurre","Propulsore installato con orientamento non variabile"
"XiTech Pro","XiTech Pro","modelli di propulsori","mantenere","Nome canonico della famiglia di propulsori Aegis"
"IFR-532","IFR-532","modelli di rastrelliere missili","mantenere","Codice canonico della rastrelliera missili Aegis per l'Idris"
"IFR-810","IFR-810","modelli di rastrelliere missili","mantenere","Codice canonico della rastrelliera missili Aegis per l'Idris"
"IFR-BC7","IFR-BC7","modelli di torrette","mantenere","Codice canonico della torretta Aegis per cannoni balistici"
"IFR-MS7","IFR-MS7","modelli di torrette","mantenere","Codice canonico della torretta Aegis abbinata a una rastrelliera missili"
"Single Platform","Piattaforma singola","rastrelliere missili","tradurre","Rastrelliera Aegis destinata a un solo missile"
"Double Platform","Piattaforma doppia","rastrelliere missili","tradurre","Rastrelliera Aegis destinata a due missili"
"Triple Platform","Piattaforma tripla","rastrelliere missili","tradurre","Rastrelliera Aegis destinata a tre missili"
"Quad Platform","Piattaforma quadrupla","rastrelliere missili","tradurre","Rastrelliera Aegis destinata a quattro missili"
"REP-8","REP-8","modelli di generatori IEM","mantenere","Codice canonico del generatore IEM Behring"
"REP-VS","REP-VS","modelli di generatori IEM","mantenere","Codice canonico del generatore IEM Behring per il Vanguard Sentinel"
"EMP Generator","Generatore IEM","sistemi dei veicoli","tradurre","Dispositivo che produce un impulso elettromagnetico; usare la sigla italiana IEM"
"Burst Generator","Generatore a impulsi","sistemi dei veicoli","tradurre","Generatore che rilascia energia in una scarica concentrata"
"Distortion Damage","danni da distorsione","tipi di danno","tradurre","Danni che compromettono temporaneamente i sistemi elettronici"
"3D Radar Display","schermo radar 3D","strumentazione di bordo","tradurre","Schermo tridimensionale dedicato alla visualizzazione radar"
"Cockpit Audio","audio di cabina","sistemi dei veicoli","tradurre","Sistema audio della cabina di pilotaggio"
"CPU","unità centrale di elaborazione (CPU)","informatica di bordo","tradurre_con_sigla","Espandere in italiano mantenendo la sigla universalmente riconoscibile"
"Motherboard","scheda madre","informatica di bordo","tradurre","Scheda elettronica principale del sistema di elaborazione"
"Weapons Control","controllo armamenti","sistemi dei veicoli","tradurre","Sistema di gestione degli armamenti del veicolo"
"ADS Computer","calcolatore ADS","informatica di bordo","tradurre_con_sigla","Calcolatore Aegis identificato dalla sigla canonica ADS"
"Scythe","Scythe","veicoli Vanduul","mantenere","Nome canonico del caccia Vanduul"
"AIR","AIR","modelli di sistemi Vanduul","mantenere","Nome canonico del sistema ADS della Scythe; non tradurre quando compare come modello tra virgolette"
"CORE","CORE","modelli di sistemi Vanduul","mantenere","Nome canonico dell'unità centrale della Scythe; non tradurre quando compare come modello tra virgolette"
"CLOUD","CLOUD","modelli di sistemi Vanduul","mantenere","Nome canonico del sistema avionico della Scythe; non tradurre quando compare come modello tra virgolette"
"SPARK","SPARK","modelli di sistemi Vanduul","mantenere","Nome canonico dello scudo della Scythe; non tradurre quando compare come modello tra virgolette"
"CROSS","CROSS","modelli di sistemi Vanduul","mantenere","Nome canonico del calcolatore di puntamento della Scythe; non tradurre quando compare come modello tra virgolette"
"CAST","CAST","modelli di sistemi Vanduul","mantenere","Nome canonico del controllo armamenti della Scythe; non tradurre quando compare come modello tra virgolette"
"Avionics System","sistema avionico","sistemi dei veicoli","tradurre","Sistema elettronico che gestisce funzioni di volo e navigazione"
"Short Range Radar","radar a corto raggio","sensori dei veicoli","tradurre","Radar ottimizzato per il rilevamento a breve distanza"
"Missile Platform","piattaforma missili","armamenti dei veicoli","tradurre","Supporto destinato all'installazione di missili"
"Blade","Blade (veicolo); lama (arma); scheda server (informatica)","veicoli Vanduul, armi e informatica","contestuale","Mantenere per il nome canonico del caccia Vanduul; usare lama per la parte tagliente e scheda server per i moduli informatici"
"Plasma Repeater","ripetitore al plasma","armamenti dei veicoli","tradurre","Arma al plasma a elevata cadenza di tiro"
"Dual Missile Platform","piattaforma doppia missili","armamenti dei veicoli","tradurre","Supporto Vanduul destinato a due missili"
"Glaive","Glaive","veicoli Vanduul","mantenere","Nome canonico del caccia Vanduul"
"Body Light","luce dello scafo","illuminazione dei veicoli","tradurre","Luce installata sul corpo principale della nave"
"Cockpit Light","luce della cabina","illuminazione dei veicoli","tradurre","Luce installata nella cabina di pilotaggio"
"Engine Light","luce del motore","illuminazione dei veicoli","tradurre","Luce associata al gruppo motore"
"Neutron Cannon","cannone a neutroni","armamenti dei veicoli","tradurre","Cannone energetico Vanduul basato su emissioni neutroniche"
"Laser Beam","fascio laser","armamenti dei veicoli","tradurre","Emissione laser continua o sostenuta"
"Plasma Cannon","cannone al plasma","armamenti dei veicoli","tradurre","Cannone energetico che impiega plasma"
"Mauler","Mauler","famiglie di armamenti Vanduul","mantenere","Nome canonico della famiglia di armamenti Vanduul di seconda generazione"
"IGNITER","IGNITER","designazioni UEE","mantenere","Designazione canonica UEE del fascio laser Mauler S9"
"STRIKER","STRIKER","designazioni UEE","mantenere","Designazione canonica UEE del ripetitore laser Mauler S6"
"RAGE","RAGE","designazioni UEE","mantenere","Designazione canonica UEE del cannone al plasma Mauler S8"
"ANNIHILATOR","ANNIHILATOR","designazioni UEE","mantenere","Designazione canonica UEE del cannone tachionico Mauler S10"
"ERADICATOR","ERADICATOR","designazioni UEE","mantenere","Designazione canonica UEE del cannone tachionico Mauler S7"
"WHIP","WHIP","designazioni UEE","mantenere","Designazione canonica UEE del cannone al plasma Vanduul S2"
"WARLORD","WARLORD","designazioni UEE","mantenere","Designazione canonica UEE del cannone al plasma Vanduul S3"
"WRATH","WRATH","designazioni UEE","mantenere","Designazione canonica UEE del cannone al plasma Vanduul S5"
"Plasma Autocannon","autocannone al plasma","armamenti dei veicoli","tradurre","Cannone automatico Vanduul che impiega plasma"
"WEAK","WEAK","designazioni UEE","mantenere","Designazione canonica UEE del ripetitore laser Vanduul S1"
"WASP","WASP","designazioni UEE","mantenere","Designazione canonica UEE del ripetitore laser Vanduul S2"
"WAR","WAR","designazioni UEE","mantenere","Designazione canonica UEE impiegata per armamenti Vanduul a neutroni e al plasma"
"Kingship","Kingship","veicoli Vanduul","mantenere","Nome canonico della più grande classe di nave capitale Vanduul"
"IR Missile","missile a infrarossi (IR)","armamenti dei veicoli","tradurre_con_sigla","Missile guidato tramite sensore a infrarossi; mantenere la sigla IR"
"Ramming Blade","lama da speronamento","componenti offensivi dei veicoli","tradurre","Lama strutturale impiegata per colpire tramite speronamento"
"Throw","Throw","modelli di propulsori Vanduul","mantenere","Nome canonico di un propulsore Vanduul"
"Trap","Trap","modelli di propulsori Vanduul","mantenere","Nome canonico di un propulsore fisso Vanduul"
"Trunk","Trunk","modelli di propulsori Vanduul","mantenere","Nome canonico di un propulsore di retrospinta Vanduul"
"Twist","Twist","modelli di propulsori Vanduul","mantenere","Nome canonico di un propulsore articolato Vanduul"
"Spark Shield","scudo Spark","modelli di scudi Vanduul","mantenere_modello","Mantenere Spark come nome canonico e tradurre soltanto la funzione Shield"
"Constellation","Constellation","veicoli RSI","mantenere","Nome canonico della famiglia di astronavi RSI"
"Medium Freight","trasporto merci medio","ruoli dei veicoli","tradurre","Ruolo di trasporto merci di capacità intermedia"
"Expedition","spedizione","ruoli dei veicoli","tradurre","Ruolo dedicato a esplorazioni e viaggi prolungati"
"Touring","turismo","ruoli dei veicoli","tradurre","Ruolo dedicato al trasporto confortevole e ai viaggi di lusso"
"Missile Pod","modulo missili","armamenti dei veicoli","tradurre","Modulo compatto destinato all'alloggiamento e al lancio di missili"
"Side Missile Pod","modulo missili laterale","armamenti dei veicoli","tradurre","Modulo missili installato sul lato della nave"
"Top Missile Pod","modulo missili superiore","armamenti dei veicoli","tradurre","Modulo missili installato nella parte superiore della nave"
"Snub Ship","navetta ausiliaria","classi di veicoli","tradurre","Piccola nave imbarcata su un veicolo più grande"
"Aurora","Aurora","veicoli RSI","mantenere","Nome canonico della famiglia di astronavi RSI"
"Light Freight","trasporto merci leggero","ruoli dei veicoli","tradurre","Ruolo di trasporto merci di capacità contenuta"
"Clipper","Clipper","varianti RSI Aurora","mantenere","Alias canonico dell'Aurora CL"
"Legionnaire","Legionnaire","varianti RSI Aurora","mantenere","Alias canonico dell'Aurora LN"
"Marque","Marque","varianti RSI Aurora","mantenere","Alias canonico dell'Aurora MR"
"Light Armor","armatura leggera","armature personali","tradurre","Categoria leggera di armatura; usare la maiuscola iniziale soltanto all'inizio del nome o dell'etichetta"
"Light Helmet","elmetto leggero","armature personali","tradurre","Elmetto appartenente alla categoria leggera"
"Default Helmet","elmetto standard","armature personali","tradurre","Elmetto generico o predefinito"
"Medical","medico","ruoli dei veicoli","tradurre","Ruolo dedicato a cure, soccorso ed evacuazione sanitaria"
"Heavy Mining","estrazione pesante","ruoli dei veicoli","tradurre","Ruolo di estrazione mineraria su vasta scala"
"Exploration","esplorazione","ruoli dei veicoli","tradurre","Ruolo dedicato alla ricognizione e alla scoperta"
"AA Turret","torretta contraerea","armamenti dei veicoli","tradurre","Torretta destinata alla difesa contro bersagli aerei"
"Apollo","Apollo","veicoli RSI","mantenere","Nome canonico della famiglia di navi mediche RSI"
"Bengal","Bengal","veicoli RSI","mantenere","Nome canonico della portaerei RSI"
"Orion","Orion","veicoli RSI","mantenere","Nome canonico della piattaforma estrattiva RSI"
"Ursa Rover","rover Ursa","veicoli RSI","mantenere_modello","Mantenere Ursa come nome canonico e rendere il tipo con rover"
"Lesath","Lesath","modelli di torrette","mantenere","Nome canonico della torretta missilistica RSI Scorpius"
"Astromedics: Back from the Brink","Astromedics: Back from the Brink","opere di fantasia nel lore","mantenere","Titolo canonico del film del 2910 omaggiato dall'Apollo Medivac"
"Leonids","Leonids","modelli di armamenti RSI","mantenere","Nome canonico del cannone balistico del Meteor"
"Medusa","Medusa","modelli di armamenti RSI","mantenere","Nome canonico del cannone balistico S8 del Perseus"
"Maris","Maris","modelli di armamenti RSI","mantenere","Nome canonico del cannone balistico su misura della Polaris"
"Magstrand","Magstrand","modelli di generatori IEM","mantenere","Nome canonico del generatore IEM dello Scorpius Antares"
"FXM ESA","FXM ESA","modelli di propulsori RSI","mantenere","Designazione canonica della famiglia di propulsori RSI"
"Echion","Echion","modelli di armamenti RSI","mantenere","Nome canonico del ripetitore laser S5 RSI"
"MicroTorch","MicroTorch","modelli di accessori RSI","mantenere","Nome canonico della torcia a mani libere RSI"
"Long Range Radar","radar a lungo raggio","sensori dei veicoli","tradurre","Radar ottimizzato per rilevamenti a lunga distanza"
"Medium Range Radar","radar a medio raggio","sensori dei veicoli","tradurre","Radar ottimizzato per rilevamenti a distanza intermedia"
"Signature Reduction Device","dispositivo di riduzione della segnatura","sistemi dei veicoli","tradurre","Dispositivo che riduce la segnatura rilevabile del veicolo"
"Target Selection Device","dispositivo di selezione del bersaglio","sistemi di puntamento","tradurre","Dispositivo usato per scegliere il bersaglio attivo"
"Turret Module","modulo torretta","componenti dei veicoli","tradurre","Modulo elettronico o operativo destinato a una torretta"
"Weapon Battery","batteria per armi","armamenti dei veicoli","tradurre","Batteria che alimenta i sistemi d'arma"
"Weapon Control","controllo armamenti","sistemi dei veicoli","tradurre","Sistema di gestione degli armamenti"
"Intakes","prese d'aspirazione","propulsione","tradurre","Prese che convogliano il fluido o il carburante necessario ai sistemi di bordo"
"Missile Bay","vano missili","armamenti dei veicoli","tradurre","Vano destinato all'alloggiamento e al lancio dei missili"
"Self Destruct","autodistruzione","sistemi dei veicoli","tradurre","Sistema che provoca intenzionalmente la distruzione del veicolo"
"Venture","Venture","modelli di armature RSI","mantenere","Nome canonico del completo corazzato leggero RSI per esplorazione"
"Backpacks","zaini","armature ed equipaggiamento","tradurre","Categoria di zaini compatibili con un componente d'armatura"
"Venture Explorer Suit","tuta da esplorazione Venture","modelli di armature RSI","mantenere_modello","Mantenere Venture come nome canonico e tradurre la funzione della tuta"
"Rust Society","Rust Society","organizzazioni e varianti di equipaggiamento","mantenere","Nome proprio dell'organizzazione di trasportatori e recuperatori; le edizioni rosse e color sabbia ne rappresentano l'affiliazione"
"Envy","Envy","varianti di equipaggiamento","mantenere","Nome canonico della variante; mantenere identico alla sorgente per coerenza con mappe, guide e comunità"
"Starcrossed","Starcrossed","varianti di equipaggiamento","mantenere","Nome canonico della variante; mantenere identico alla sorgente per coerenza con mappe, guide e comunità"
"Carrack Day","Carrack Day","eventi","mantenere","Nome canonico della celebrazione del 2950 dedicata all'Anvil Carrack"
"The Outsiders","The Outsiders","fazioni","mantenere","Nome canonico attribuito ai seguaci della Sun's Eye Fellowship su Mya"
"Alliance Aid","Alliance Aid","organizzazioni","mantenere","Nome canonico dell'organizzazione di soccorso attiva durante l'emergenza di Levski"
"Militia Mobilization Initiative","Militia Mobilization Initiative","iniziative dell'UEE","mantenere","Nome canonico dell'iniziativa che autorizza la mobilitazione della CDF"
"AA Transport","AA Transport","varianti di equipaggiamento","mantenere","Nome canonico dell'edizione ParaMed collegata alla Transport Division di Alliance Aid"
"AA Support","AA Support","varianti di equipaggiamento","mantenere","Nome canonico dell'edizione ParaMed collegata ad Alliance Aid"
"AA Defense","AA Defense","varianti di equipaggiamento","mantenere","Nome canonico dell'edizione ParaMed collegata alla Defense Division di Alliance Aid"
"Medivac","Medivac","varianti e modelli di veicoli RSI","mantenere","Suffisso canonico dei modelli Apollo Medivac e Ursa Medivac"
"Carrack Edition","Edizione Carrack","varianti di equipaggiamento","tradurre_modello","Mantenere Carrack come nome canonico e tradurre la qualifica di edizione"
"Twilight","Twilight","varianti di equipaggiamento","mantenere","Nome canonico della variante; mantenere identico alla sorgente per coerenza con mappe, guide e comunità"
"Imperial","Imperial","varianti di equipaggiamento","mantenere","Nome canonico della variante; mantenere identico alla sorgente per coerenza con mappe, guide e comunità"
"VCK-1","VCK-1","modelli di armi bianche","mantenere","Codice canonico della lama UltiFlex ispirata ai Vanduul"
"Melee","corpo a corpo","combattimento","tradurre","Classe di armi destinate al combattimento ravvicinato"
"Knife","coltello","armi bianche","tradurre","Arma bianca corta dotata di lama"
"Payback","Payback","varianti di equipaggiamento","mantenere","Nome canonico della variante; mantenere identico alla sorgente per coerenza con mappe, guide e comunità"
"Maul","Maul","varianti di equipaggiamento","mantenere","Nome canonico della variante; mantenere identico alla sorgente per coerenza con mappe, guide e comunità"
"Carver","Carver","varianti di equipaggiamento","mantenere","Nome canonico della variante; mantenere identico alla sorgente per coerenza con mappe, guide e comunità"
"Void","Void","veicoli Vanduul","mantenere","Nome canonico del veicolo Vanduul; tradurre come vuoto soltanto quando è un nome comune"
"Cleaver","Cleaver","veicoli Vanduul","mantenere","Nome canonico del veicolo Vanduul"
"Light Backpack","zaino leggero","armature ed equipaggiamento","tradurre","Categoria di zaino leggero indossabile"
"Core Compatibility","corazze compatibili","armature ed equipaggiamento","tradurre","Indica con quali corazze può essere usato uno zaino"
"MacFlex","MacFlex","modelli di zaini RSI","mantenere","Nome canonico della linea di zaini rigidi RSI"
"Rucksack","Rucksack","varianti di equipaggiamento","mantenere","Nome canonico della variante; mantenere identico alla sorgente per coerenza con mappe, guide e comunità"
"Racing Helmet","elmo da corsa","armature ed equipaggiamento","tradurre","Elmo leggero destinato anche alle attività di corsa"
"Odyssey","Odyssey","modelli di armature RSI","mantenere","Nome canonico della linea di sottotute ed elmi RSI"
"Exec","Exec","varianti di equipaggiamento","mantenere","Nome canonico della variante; mantenere identico alla sorgente per coerenza con mappe, guide e comunità"
"Sunset","Sunset","varianti di equipaggiamento","mantenere","Nome canonico della variante; mantenere identico alla sorgente per coerenza con mappe, guide e comunità"
"Multi","Multi","varianti di equipaggiamento","mantenere","Nome canonico della variante; mantenere identico alla sorgente per coerenza con mappe, guide e comunità"
"Mono","monocromatica","colori di equipaggiamento","tradurre","Descrizione cromatica concordata al femminile con sottotuta"
"Night","Night","varianti di equipaggiamento","mantenere","Nome canonico della variante; mantenere identico alla sorgente per coerenza con mappe, guide e comunità"
"Caudillo","Caudillo","modelli di elmi","mantenere","Nome canonico dell'elmo prodotto da CC's Conversions"
"Wildfire","Fiamma indomita","varianti di equipaggiamento e veicoli","contestuale","Tradurre la variante dell'elmo Caudillo; mantenere Wildfire nel nome canonico dell'Anvil F7C"
"Burnt Orange","Burnt Orange","varianti di equipaggiamento","mantenere","Nome canonico della variante; mantenere identico alla sorgente per coerenza con mappe, guide e comunità"
"Ghost White","Ghost White","varianti di equipaggiamento","mantenere","Nome canonico della variante; mantenere identico alla sorgente per coerenza con mappe, guide e comunità"
"Autumn","Autumn","varianti di equipaggiamento","mantenere","Nome canonico della variante; mantenere identico alla sorgente per coerenza con mappe, guide e comunità"
"Obsidian","Obsidian","varianti di equipaggiamento e livree","mantenere","Nome canonico della variante; mantenere identico alla sorgente per coerenza con mappe, guide e comunità"
"Slate","Slate","varianti di equipaggiamento e livree","mantenere","Nome canonico della variante; mantenere identico alla sorgente per coerenza con mappe, guide e comunità"
"Azrael","Azrael","modelli di elmi","mantenere","Nome canonico dell'elmo prodotto da CC's Conversions"
"Ruby","Ruby","varianti di equipaggiamento e livree","mantenere","Nome canonico della variante; mantenere identico alla sorgente per coerenza con mappe, guide e comunità"
"Sapphire","Sapphire","varianti di equipaggiamento e livree","mantenere","Nome canonico della variante; mantenere identico alla sorgente per coerenza con mappe, guide e comunità"
"Heavy Backpack","zaino pesante","armature ed equipaggiamento","tradurre","Categoria di zaino ad alta capacità"
"Heavy Utility","tuta tecnica pesante","armature ed equipaggiamento","tradurre","Classe di tuta tecnica pesante; evitare il prestito utility"
"Zeus Exploration Suit","tuta da esplorazione Zeus","modelli di armature RSI","mantenere_modello","Mantenere Zeus come nome canonico e tradurre la funzione della tuta"
"Solar","Solar","varianti di equipaggiamento","mantenere","Nome canonico della variante; mantenere identico alla sorgente per coerenza con mappe, guide e comunità"
"Starscape","Starscape","varianti di equipaggiamento","mantenere","Nome canonico della variante; mantenere identico alla sorgente per coerenza con mappe, guide e comunità"
"Stirling","Stirling","modelli di armature RSI","mantenere","Nome canonico della tuta e dello zaino da esplorazione RSI"
"Sediment","Sediment","varianti di equipaggiamento","mantenere","Nome canonico della variante; mantenere identico alla sorgente per coerenza con mappe, guide e comunità"
"Alkaline","Alkaline","varianti di equipaggiamento","mantenere","Nome canonico della variante; mantenere identico alla sorgente per coerenza con mappe, guide e comunità"
"Chroma","Chroma","varianti di equipaggiamento","mantenere","Nome canonico della variante; mantenere identico alla sorgente per coerenza con mappe, guide e comunità"
"Sandstorm","Sandstorm","varianti di equipaggiamento","mantenere","Nome canonico della variante; mantenere identico alla sorgente per coerenza con mappe, guide e comunità"
"Tungsten","Tungsten","varianti di equipaggiamento","mantenere","Nome canonico della variante; mantenere identico alla sorgente per coerenza con mappe, guide e comunità"
"Transistor","Transistor","varianti di equipaggiamento","prestito_acclimatato","Termine tecnico acclimatato usato come nome creativo di variante"
"Olympian","Olympian","varianti di equipaggiamento","mantenere","Nome canonico della variante; mantenere identico alla sorgente per coerenza con mappe, guide e comunità"
"Horizon","Horizon","fazioni, modelli di elmi e livree","mantenere","Nome canonico della fazione di Pyro, dell'elmo leggero RSI e delle livree MISC Hull; non tradurre come orizzonte"
"Racing Flight Suit","tuta di volo da corsa","equipaggiamento personale","tradurre","Tuta di volo progettata per le competizioni ad alta velocità"
"Racing Boots","stivali da corsa","equipaggiamento personale","tradurre","Stivali progettati per le competizioni ad alta velocità"
"Racing Gloves","guanti da corsa","equipaggiamento personale","tradurre","Guanti progettati per le competizioni ad alta velocità"
"Mirai","Mirai","aziende e marchi","mantenere","Nome proprio canonico del marchio di veicoli ed equipaggiamento da corsa"
"Murray Cup","Murray Cup","eventi sportivi","mantenere","Nome proprio canonico della competizione interstellare di corse aerospaziali"
"Fortuna","Fortuna","varianti di equipaggiamento","mantenere","Nome proprio canonico della variante verde da corsa"
"WhiteHot","WhiteHot","varianti di equipaggiamento","mantenere","Nome canonico della variante; mantenere identico alla sorgente per coerenza con mappe, guide e comunità"
"BlackFire","BlackFire","varianti di equipaggiamento","mantenere","Nome canonico della variante; mantenere identico alla sorgente per coerenza con mappe, guide e comunità"
"BlueFlame","BlueFlame","varianti di equipaggiamento","mantenere","Nome canonico della variante; mantenere identico alla sorgente per coerenza con mappe, guide e comunità"
"Strata","Strata","modelli di armature Greycat","mantenere","Nome canonico dell'armatura mineraria Greycat Industrial"
"Shooting Star","Shooting Star","varianti di equipaggiamento","mantenere","Nome canonico della variante; mantenere identico alla sorgente per coerenza con mappe, guide e comunità"
"Amber","Amber","varianti di equipaggiamento","mantenere","Nome canonico della variante; mantenere identico alla sorgente per coerenza con mappe, guide e comunità"
"Neptune","Neptune","varianti di equipaggiamento","mantenere","Nome canonico della variante; mantenere identico alla sorgente per coerenza con mappe, guide e comunità"
"Lodestar","Lodestar","varianti di equipaggiamento","mantenere","Nome canonico della variante; mantenere identico alla sorgente per coerenza con mappe, guide e comunità"
"Onyx","Onyx","luoghi, lore e varianti di equipaggiamento","mantenere","Nome canonico sia della struttura ASD sia della variante di equipaggiamento; mantenere identico per coerenza con mappe, guide e comunità"
"Shire","Shire","varianti di equipaggiamento","mantenere","Nome canonico della variante; mantenere identico alla sorgente per coerenza con mappe, guide e comunità"
"Piston","Piston","varianti di equipaggiamento","mantenere","Nome canonico della variante; mantenere identico alla sorgente per coerenza con mappe, guide e comunità"
"Heatwave","Heatwave","varianti di equipaggiamento","mantenere","Nome canonico della variante; mantenere identico alla sorgente per coerenza con mappe, guide e comunità"
"Broken Moon","Broken Moon","mappe di Arena Commander","mantenere","Nome proprio canonico della mappa"
"Clio Islands","Clio Islands","mappe di Arena Commander","mantenere","Nome proprio canonico della mappa"
"Crossroads of Crime","Crossroads of Crime","mappe di Arena Commander","mantenere","Nome proprio canonico della mappa"
"OP Station Demien","OP Station Demien","mappe e luoghi","mantenere","Nome proprio canonico della stazione"
"Dunlow Derby","Dunlow Derby","mappe di Arena Commander","mantenere","Nome proprio canonico della mappa"
"Echo Eleven","Echo Eleven","mappe e luoghi","mantenere","Nome proprio canonico dell'impianto"
"New Horizon Speedway","New Horizon Speedway","mappe e circuiti","mantenere","Nome proprio canonico dell'autodromo"
"Defford Link","Defford Link","mappe e circuiti","mantenere","Nome proprio canonico del tracciato"
"Halloran Circuit","Halloran Circuit","mappe e circuiti","mantenere","Nome proprio canonico del tracciato"
"Old Vanderval","Old Vanderval","mappe e circuiti","mantenere","Nome proprio canonico del tracciato"
"Rikkord Memorial Raceway","Rikkord Memorial Raceway","mappe e circuiti","mantenere","Nome proprio canonico del tracciato"
"Winner's Circle","Winner's Circle","mappe e circuiti","mantenere","Nome proprio canonico della mappa"
"River Zero","River Zero","mappe e circuiti","mantenere","Nome proprio canonico del tracciato"
"River's Edge","River's Edge","mappe e circuiti","mantenere","Nome proprio canonico del tracciato"
"Shifting Sands","Shifting Sands","mappe, circuiti e livree","mantenere","Nome proprio canonico del tracciato e della livrea desertica per Nova"
"The Snake Pit","The Snake Pit","mappe e circuiti","mantenere","Nome proprio canonico del circuito"
"The Good Doctor","The Good Doctor","mappe di Arena Commander","mantenere","Nome proprio canonico della mappa"
"Kellar's Run","Kellar's Run","eventi e lore","mantenere","Nome proprio canonico della celebre corsa di Dean Kellar"
"Hathor Group","Hathor Group","organizzazioni e lore","mantenere","Nome proprio canonico dell'organizzazione"
"United Nations of Earth","United Nations of Earth","organizzazioni e lore","mantenere","Nome proprio storico canonico"
"Hathor Mining Facility","Hathor Mining Facility","luoghi e lore","mantenere","Nome proprio canonico dell'impianto su Nexus III"
"Walzer Massacre","Walzer Massacre","eventi e lore","mantenere","Nome proprio canonico dell'evento del 2935"
"Euterpe Advanced Research Laboratories","Euterpe Advanced Research Laboratories","luoghi e circuiti","mantenere","Nome proprio canonico della struttura su Euterpe"
"The Icebreaker","The Icebreaker","mappe e circuiti","mantenere","Nome proprio canonico del circuito"
"UEE Navy","UEE Navy","organizzazioni e lore","mantenere","Nome ufficiale canonico della Marina dell'UEE"
"NineTails","Nine Tails","varianti sorgente e lore","normalizzare","Variante sorgente priva di spazio; nel testo visibile usare sempre il nome canonico Nine Tails"
"Bones'","Bones'","luoghi e orientamento","mantenere","Nome proprio del locale; conservare apostrofo e maiuscola per mappe e guide"
"G-Loc Bar","G-Loc Bar","luoghi e orientamento","mantenere","Nome canonico del locale di Area18; non invertire in Bar G-Loc"
"G-Loc","G-Loc","luoghi e orientamento","mantenere","Forma breve usata nei dialoghi per G-Loc Bar"
"M&V Bar","M&V Bar","luoghi e orientamento","mantenere","Nome canonico del locale di Lorville; non invertire in Bar M&V"
"M&V","M&V","luoghi e orientamento","mantenere","Forma breve usata nei dialoghi per M&V Bar"
"Turing's Stop","Turing's Stop","luoghi e orientamento","mantenere","Nome proprio del locale; preservare grafia e apostrofo"
"50/50","50/50","bevande e menu","mantenere","Nome di menu della bevanda; preservare cifre e barra"
"Flat White Jazz","Flat White Jazz","bevande e menu","mantenere","Nome proprio della bevanda; preservare maiuscole e grafia"
"Hot Coco","Hot Coco","bevande e menu","mantenere","Nome proprio della bevanda al cioccolato; distinguere dalla cioccolata calda generica"
"Long Shot","Long Shot","bevande e menu","mantenere","Nome proprio della bevanda; preservare maiuscole e grafia"
"Swirly Blend","Swirly Blend","bevande e menu","mantenere","Nome proprio della bevanda; preservare maiuscole e grafia"
"Grab 'n Go","Grab 'n Go","luoghi e orientamento","mantenere","Nome proprio del punto vendita; preservare spazi e apostrofo"
"Kacho","Kacho","alimenti e marchi","mantenere","Nome canonico del piatto di tagliolini di Big Benny's; minuscolo quando usato come nome comune nel corpo della frase"
"Fish Ringers","Fish Ringers","aziende e alimenti","mantenere","Nome proprio della catena gastronomica; preservare per insegne e guide"
"Garcia's Greens","Garcia's Greens","aziende e alimenti","mantenere","Nome proprio canonico del marchio gastronomico"
"Gino's Hot Bird","Gino's Hot Bird","aziende e alimenti","mantenere","Nome proprio canonico del punto vendita"
"Mayzay","Mayzay","aziende e alimenti","mantenere","Nome proprio canonico del punto vendita"
"TipTop","TipTop","aziende e alimenti","mantenere","Nome proprio canonico del punto vendita; preservare la doppia maiuscola"
"Twyn's","Twyn's","aziende e alimenti","mantenere","Nome proprio canonico del punto vendita; preservare apostrofo e maiuscola"
"Twyn's Sandwiches","Twyn's Sandwiches","aziende e alimenti","mantenere","Forma estesa del nome del punto vendita usata nell'accoglienza; preservare integralmente"
"carafi","Carafi","alimenti di frontiera","normalizzare","Nome della gelatina nutritiva; usare la maiuscola coerente con gli oggetti e le descrizioni italiane già approvate"
"Nomo grub","larva Nomo","alimenti di frontiera","tradurre","Larva commestibile; preservare Nomo come nome proprio e tradurre grub"
"Nomo grubs","larve Nomo","alimenti di frontiera","tradurre","Plurale della larva commestibile; preservare Nomo come nome proprio"
"seanut","nocemarina","alimenti di frontiera","tradurre","Creatura marina tubolare commestibile; termine italiano già usato negli oggetti"
"seanuts","nocimarine","alimenti di frontiera","tradurre","Plurale della creatura marina tubolare commestibile"
"Calliope machine","macchina Calliope","rigenerazione e lore","tradurre_parzialmente","Preservare Calliope come nome proprio del dispositivo e tradurre soltanto la categoria macchina"
"Calliope machines","macchine Calliope","rigenerazione e lore","tradurre_parzialmente","Plurale del dispositivo di rigenerazione; preservare Calliope"
"Lorville Outskirts","Lorville Outskirts","mappe e circuiti","mantenere","Nome proprio canonico del circuito"
"Miner's Lament","Miner's Lament","mappe e circuiti","mantenere","Nome proprio canonico del circuito"
"The Sky Scraper","The Sky Scraper","mappe e circuiti","mantenere","Nome proprio canonico del circuito"
"Yadar Valley","Yadar Valley","mappe e circuiti","mantenere","Nome proprio canonico del circuito"
"Caplan Circuit","Caplan Circuit","mappe e circuiti","mantenere","Nome proprio canonico del circuito"
"Caplan Industrial Platform","Caplan Industrial Platform","luoghi e circuiti","mantenere","Nome proprio canonico della piattaforma"
"August Dunlow Spaceport","August Dunlow Spaceport","luoghi e orientamento","mantenere","Nome proprio canonico del cosmoporto di Orison"
"Security Post Kareah","Security Post Kareah","luoghi e orientamento","mantenere","Nome proprio canonico della postazione di sicurezza"
"Ruin Station","Ruin Station","luoghi e orientamento","mantenere","Nome proprio canonico della stazione di Pyro"
"Everus Harbor","Everus Harbor","luoghi e orientamento","mantenere","Nome proprio canonico dello scalo orbitale di Hurston"
"Seraphim Station","Seraphim Station","luoghi e orientamento","mantenere","Nome proprio canonico della stazione orbitale di Crusader"
"QV Breaker Station","QV Breaker Station","luoghi e orientamento","mantenere","Nome proprio canonico della stazione mineraria di Nyx"
"Endless Odyssey Station","Endless Odyssey Station","luoghi e orientamento","mantenere","Nome proprio canonico della stazione al punto di Lagrange L3 di microTech"
"Voyager Bar","Voyager Bar","luoghi e orientamento","mantenere","Nome proprio canonico del locale di Orison"
"Amber Wave","Amber Wave","livree","mantenere","Nome canonico della livrea; mantenere identico alla sorgente"
"Granite Red","Granite Red","varianti di equipaggiamento","mantenere","Nome canonico della variante; mantenere identico alla sorgente"
"Grey Multi","Grey Multi","varianti di equipaggiamento","mantenere","Nome canonico della variante; mantenere identico alla sorgente"
"Gilded Night","Gilded Night","livree","mantenere","Nome canonico della livrea; mantenere identico alla sorgente"
"Imperial Red","Imperial Red","livree","mantenere","Nome canonico della livrea; mantenere identico alla sorgente"
"Polar Camo","Polar Camo","livree","mantenere","Nome canonico della livrea; mantenere identico alla sorgente"
"Sunset Mesa","Sunset Mesa","luoghi e orientamento","mantenere","Nome proprio canonico della localita di Pyro II"
"Tactical Strike","Tactical Strike","titoli di build","mantenere","Titolo canonico della versione 4.8"
"Imperial Trio","Imperial Trio","varianti di prodotti","mantenere","Nome canonico del gusto Kacho di Big Benny's"
"100 Series","100 Series","famiglie di veicoli","mantenere","Nome canonico della famiglia di veicoli Origin"
"Flame","Flame","livree","mantenere","Nome canonico della livrea per 100 Series"
"Blue Ametrine","Blue Ametrine","livree","mantenere","Nome canonico della livrea per 100 Series"
"Melrose","Melrose","livree","mantenere","Nome canonico della livrea per 100 Series"
"Slate Camo","Slate Camo","livree","mantenere","Nome canonico della livrea mimetica per 100 Series e M80"
"Sand Wave","Sand Wave","livree","mantenere","Nome canonico della livrea per 100 Series"
"Plasma Coil - Field Fusion","Plasma Coil - Field Fusion","tecnologie di munizionamento","mantenere","Nome canonico della tecnologia abbreviata PC-FF"
"Pulse Slug 10","Pulse Slug 10","tecnologie di munizionamento","mantenere","Nome canonico del proiettile energetico abbreviato PS-10"
"mX Shatter Rocket","mX Shatter Rocket","modelli di munizioni","mantenere","Nome canonico del razzo a submunizioni"
"mX-Shatter Rocket","mX-Shatter Rocket","modelli di munizioni","mantenere","Grafia usata nelle descrizioni del razzo a submunizioni"
"Uranium Core","Uranium Core","tecnologie di munizionamento","mantenere","Nome canonico della tecnologia abbreviata UC"
"TITAN","TITAN (interfaccia); Titan (dialoghi)","classi di armatura","contestuale","Designazione canonica della classe di armatura; preservare la capitalizzazione mostrata dalla sorgente visibile"
"Gauss AP","Gauss AP","tecnologie di munizionamento","mantenere","Designazione canonica della munizione perforante Gauss"
"Associated Science & Development","Associated Science & Development","aziende e produttori","mantenere","Nome canonico del produttore abbreviato ASD"
"Gallenson Tactical Systems","Gallenson Tactical Systems","aziende e produttori","mantenere","Nome canonico del produttore di armamenti"
"Preacher Armament","Preacher Armament","aziende e produttori","mantenere","Nome canonico del produttore di armamenti"
"Hurston Dynamics","Hurston Dynamics","aziende e produttori","mantenere","Nome canonico del produttore di armamenti"
"Apocalypse Arms","Apocalypse Arms","aziende e produttori","mantenere","Nome canonico del produttore di armamenti"
"Firestorm Kinetics","Firestorm Kinetics","aziende e produttori","mantenere","Nome canonico del produttore di armamenti"
"A&R Co.","A&R Co.","aziende e produttori","mantenere","Nome canonico del produttore di armamenti"
"Talon Dominators","Talon Dominators","modelli di missili","mantenere","Nome canonico dei missili Talon Dominator"
"Arrestor","Arrestor","modelli di missili","mantenere","Nome canonico del missile Firestorm Kinetics"
"Hammer Propulsion","Hammer Propulsion","aziende e produttori","mantenere","Nome canonico del produttore di propulsori"
"HE5.3","HE5.3","modelli di propulsori","mantenere","Nome canonico del propulsore Hammer Propulsion"
"Twin HM4.3","Twin HM4.3","modelli di propulsori","mantenere","Nome canonico del propulsore doppio Hammer Propulsion"
"Stella Fortuna","Stella Fortuna","eventi e lore","mantenere","Nome canonico della celebrazione annuale"
"Cold Forge","Cold Forge","livree","mantenere","Nome canonico della livrea per 600i"
"Sterling","Sterling","livree","mantenere","Nome canonico della livrea per 600i"
"Penumbra","Penumbra","livree","mantenere","Nome canonico della livrea per 890 Jump"
"Skyline","Skyline","livree","mantenere","Nome canonico della livrea per 890 Jump"
"Alliance Startech","Alliance Startech","aziende e produttori","mantenere","Nome canonico del produttore di propulsori"
"Retro","Retro","modelli di propulsori","mantenere","Nome canonico del propulsore Alliance Startech"
"Artifact Fragment","Frammento di artefatto","oggetti collezionabili","tradurre","Denominazione generica dei frammenti di artefatto alieno"
"Damaged","Danneggiato","condizioni degli oggetti","contestuale","Etichetta di condizione; accordare genere e numero con l'oggetto"
"Flawed","Imperfetto","condizioni degli oggetti","contestuale","Etichetta di condizione; accordare genere e numero con l'oggetto"
"Pristine","Impeccabile","condizioni degli oggetti","contestuale","Etichetta di condizione per oggetti da collezione; in prosa rendere secondo il contesto"
"Menarik","Menarik","fauna e lore","mantenere","Nome canonico della specie e dell'oggetto da Hangar"
"Ealus System","Ealus System","luoghi e orientamento","mantenere","Nome canonico completo del sistema; non rendere come Sistema Ealus"
"Ammo Box","Cassetta di munizioni","armamenti e munizioni","tradurre","Contenitore compatto; distinguere da Ammo Crate, reso come cassa di munizioni"
"Ammo Crate","Cassa di munizioni","armamenti e munizioni","tradurre","Contenitore di rifornimento; distinguere da Ammo Box, reso come cassetta di munizioni"
"Vehicle Weapon Ammunition","Munizioni per armi veicolari","armamenti e munizioni","tradurre","Usare taglia per Size quando indica la classe dell'arma"
"Ballistic Ammo","Munizioni balistiche","armamenti e munizioni","tradurre","Forma sintetica usata nelle descrizioni tecniche"
"Ballistic Explosive Ammo","Munizioni balistiche ad alto esplosivo","armamenti e munizioni","tradurre","Munizioni balistiche ad alto potenziale esplosivo"
"Ballistic Rail Ammo","Munizioni balistiche per cannone a rotaia","armamenti e munizioni","tradurre","Munizioni destinate ai cannoni a rotaia"
"Flares Ammo","Munizioni esca","contromisure","tradurre","Nelle stringhe legacy indica le munizioni delle contromisure esca"
"Rocket Ammo","Munizioni per razzi","armamenti e munizioni","tradurre","Munizioni destinate ai lanciarazzi"
"Delphi","Delphi","nomi propri e livree","mantenere","Nome canonico dell'applicazione mobiGlas e della livrea per Apollo"
"Shockwave","Shockwave","livree","mantenere","Nome canonico della livrea per Apollo"
"Frontline","Frontline","livree","mantenere","Nome canonico della livrea per Apollo"
"Lifeline","Lifeline","livree","mantenere","Nome canonico della livrea per Apollo"
"Luminalia","Luminalia","eventi e lore","mantenere","Nome canonico del festival Banu"
"Headhunters Reaper","Headhunters Reaper","livree e fazioni","mantenere","Denominazione canonica completa della livrea per Arrow"
"Citizens for Prosperity Liberation","Citizens for Prosperity Liberation","livree e fazioni","mantenere","Denominazione canonica completa della livrea per Arrow"
"Sand Sea","Sand Sea","livree","mantenere","Nome canonico della livrea per Asgard"
"Last Light","Last Light","livree","mantenere","Nome canonico della livrea per Asgard"
"Sky Forge","Sky Forge","livree","mantenere","Nome canonico della livrea per Asgard"
"Savannah","Savannah","livree","mantenere","Nome canonico della livrea per Asgard"
"Valhalla","Valhalla","livree","mantenere","Nome canonico della livrea per Asgard"
"Amon & Reese Co.","Amon & Reese Co.","aziende e produttori","mantenere","Nome canonico del produttore abbreviato A&R"
"Plasma Scattergun","Cannone al plasma a dispersione","armamenti dei veicoli","tradurre","Arma al plasma che satura un'area con più proiettili"
"PyroBurst","PyroBurst","modelli di armamenti","mantenere","Nome canonico del cannone al plasma a dispersione di Amon & Reese"
"Arc Duo 400","Arc Duo 400","modelli di propulsori","mantenere","Nome canonico del propulsore ArcCorp"
"Whitley's Ten Best","Whitley's Ten Best","lore e pubblicazioni","mantenere","Denominazione della selezione commerciale citata nella descrizione dell'Arc Duo 400"
"Durus","Durus","modelli di raggi traenti","mantenere","Nome canonico del raggio traente Argo Astronautics per ATLS"
"DR Model-XJ1","DR Model-XJ1","modelli di armamenti","mantenere","Nome canonico del ripetitore a distorsione ASD di dimensione 1"
"DR Model-XJ2","DR Model-XJ2","modelli di armamenti","mantenere","Nome canonico del ripetitore a distorsione ASD di dimensione 2"
"DR Model-XJ3","DR Model-XJ3","modelli di armamenti","mantenere","Nome canonico del ripetitore a distorsione ASD di dimensione 3"
"Ascension Astro","Ascension Astro","aziende e produttori","mantenere","Nome canonico del produttore di generatori di scudi"
"Soloshield","Soloshield","modelli di scudi","mantenere","Nome canonico del generatore di scudi Ascension Astro"
"Soloshield Survival","Soloshield Survival","varianti di scudi","mantenere","Nome canonico completo della variante del Soloshield"
"Avionics Motherboard","Scheda madre avionica","avionica","tradurre","Scheda madre dedicata ai sistemi avionici"
"CPU Booster","Potenziatore CPU","avionica","tradurre","Modulo che incrementa le capacità di elaborazione"
"TM-4AB Targeting Computer","Calcolatore di puntamento TM-4AB","avionica","tradurre_modello","Mantenere invariato il codice del modello"
"TM-4GS Targeting Computer","Calcolatore di puntamento TM-4GS","avionica","tradurre_modello","Mantenere invariato il codice del modello"
"TM-4WL Targeting Computer","Calcolatore di puntamento TM-4WL","avionica","tradurre_modello","Mantenere invariato il codice del modello"
"P1 Omnitrack Targeting Computer","Calcolatore di puntamento P1 Omnitrack","avionica","tradurre_modello","Mantenere invariato il nome del modello"
"P3X Multilock Targeting Computer","Calcolatore di puntamento P3X Multilock","avionica","tradurre_modello","Mantenere invariato il nome del modello"
"P3 Autocompensator Targeting Computer","Calcolatore di puntamento P3 Autocompensator","avionica","tradurre_modello","Mantenere invariato il nome del modello"
"Explosive Bomb","Bomba esplosiva","armamenti dei veicoli","tradurre","Ordigno aeronautico destinato ai bersagli terrestri"
"Thunderball","Thunderball","modelli di bombe","mantenere","Nome canonico della bomba S3 di Firestorm Kinetics"
"Colossus","Colossus","modelli di bombe","mantenere","Nome canonico della bomba S10 di Firestorm Kinetics"
"Atmo-Xact","Atmo-Xact","tecnologie di armamento","mantenere","Nome brevettato delle alette di guida Firestorm Kinetics"
"Anti-Personnel Turret","Torretta antipersonale","difese terrestri","tradurre","Torretta destinata a contrastare personale a piedi"
"Broad & Rabiee","Broad & Rabiee","aziende e produttori","mantenere","Nome canonico del produttore di torrette"
"AAT-34","AAT-34","modelli di torrette","mantenere","Codice canonico della torretta contraerea Behring"
"APT-18","APT-18","modelli di torrette","mantenere","Codice canonico della torretta antipersonale Broad & Rabiee"
"C4-360r","C4-360r","modelli di torrette","mantenere","Codice canonico della torretta sferica per Hornet"
"N4-160f","N4-160f","modelli di torrette","mantenere","Codice canonico del sistema di torretta per Hornet e F7A"
"Marksman","Marksman","modelli di missili","mantenere","Nome canonico del missile a ricerca termica Behring"
"Bobblehead","Statuetta a testa oscillante","oggetti da collezione","tradurre","Statuetta decorativa con testa mobile"
"Sakura Sun","Sakura Sun","aziende e produttori","mantenere","Nome canonico del produttore di oggetti da collezione"
"Sakura Fun","Sakura Fun","linee di prodotti","mantenere","Nome canonico della linea di statuette Sakura Sun"
"ORC-mkX","ORC-mkX","modelli di armature","mantenere","Nome canonico del completo d'armatura raffigurato dalle statuette"
"Day of the Vara","Day of the Vara","eventi e lore","mantenere","Nome canonico completo dell'evento; non rendere come Giorno della Vara"
"Scrubland Camo","Scrubland Camo","livree","mantenere","Nome canonico della livrea mimetica verde per C8 Pisces"
"Chess Piece","Pezzo degli scacchi","oggetti decorativi","tradurre","Elemento della scacchiera inclusa nel Mercury Star Runner"
"Bishop","Alfiere negli scacchi; Bishop nel cognome dell'Admiral","scacchi e personaggi","contestuale","Tradurre soltanto il pezzo degli scacchi; preservare Bishop quando indica l'Admiral Bishop, anche nella forma abbreviata"
"Knight","Cavallo","scacchi","tradurre","Pezzo degli scacchi"
"Pawn","Pedone","scacchi","tradurre","Pezzo degli scacchi"
"Rook","Torre / rook / recluta","scacchi, organizzazioni e addestramento","contestuale","Tradurre come Torre per il pezzo degli scacchi; mantenere rook per il grado intermedio dei Rough & Ready; rendere come recluta quando Gilly si rivolge a un allievo"
"Primer","Primer","livree","mantenere","Nome canonico della livrea bianca per Argo CSV"
"Jolt","Jolt","livree","mantenere","Nome canonico della livrea gialla per Argo CSV"
"Beachhead Camo","Beachhead Camo","livree","mantenere","Nome canonico della livrea per Centurion"
"Ice Storm Camo","Ice Storm Camo","livree","mantenere","Nome canonico della livrea per Centurion"
"Sandstorm Camo","Sandstorm Camo","livree","mantenere","Nome canonico della livrea per Centurion"
"Wooden Rooster Charm","Ciondolo in legno con gallo","oggetti da collezione","tradurre","Ciondolo scolpito dai coloni di frontiera"
"Year of the Rooster","Anno del Gallo","festività e simboli","tradurre","Denominazione del ciclo celebrato dai ciondoli in legno"
"Vindel","Vindel","fauna e lore","mantenere","Nome canonico della specie acquatica originaria di Locke"
"Advocacy Badge","Distintivo dell'Advocacy","oggetti da collezione","tradurre_proprio","Mantenere Advocacy come nome canonico dell'organizzazione"
"Touchscreen Display","Schermo tattile","tecnologia","tradurre","Schermo sensibile al tocco"
"Basalt","Basalt","livree","mantenere","Nome canonico della livrea per Clipper"
"Cerulean","Cerulean","livree","mantenere","Nome canonico della livrea per Clipper"
"Holt Camo","Holt Camo","livree","mantenere","Nome canonico della livrea mimetica per Clipper"
"Firewall","Firewall","livree","mantenere","Nome canonico della livrea per Clipper"
"Regatta","Regatta","livree","mantenere","Nome canonico della livrea per Clipper"
"Apis","Apis","livree","mantenere","Nome canonico della livrea per Clipper"
"Pyrotechnic Amalgamated","Pyrotechnic Amalgamated","aziende e lore","mantenere","Nome canonico della società mineraria che scoprì e denominò Pyro"
"Eternity","Eternity","livree","mantenere","Nome canonico della livrea nera e rossa per Corsair"
"Commando","Commando","livree","mantenere","Nome canonico della livrea verde e gialla per Corsair"
"Flashpoint","Flashpoint","livree","mantenere","Nome canonico della livrea rossa e bianca per Corsair"
"Hinterland","Hinterland","livree","mantenere","Nome canonico della livrea color sabbia per Corsair"
"Gold Ingot","Lingotto d'oro","oggetti da collezione","tradurre","Lingotto storico prodotto dalla UNE"
"Silver Ingot","Lingotto d'argento","oggetti da collezione","tradurre","Lingotto storico prodotto dalla UNE"
"Tigerstrike T-21","Tigerstrike T-21","modelli di armamenti","mantenere","Nome canonico del sistema Kruger Intergalactic"
"Crab","Granchio","fauna e oggetti decorativi","tradurre","Granchio destinato all'acquario del giocatore"
"Drinking Vessel","Recipiente per bere","oggetti comuni","tradurre","Descrizione generica di bicchieri e tazze"
"Cup","Bicchiere","oggetti comuni","tradurre","Recipiente generico per bevande"
"Insulated Cup","Bicchiere termoisolante","oggetti comuni","tradurre","Bicchiere dotato di strato isolante"
"Mug","Tazza","oggetti comuni","tradurre","Recipiente in ceramica con manico"
"Plastic Cup","Bicchiere in plastica","oggetti comuni","tradurre","Bicchiere resistente in materiale plastico"
"Class 2a Mount","Supporto di classe 2a","componenti dei veicoli","tradurre","Supporto base per torretta di classe 2a"
"Class 2b Mount","Supporto di classe 2b","componenti dei veicoli","tradurre","Supporto base per torretta di classe 2b"
"Main Thruster","Propulsore principale","propulsione","tradurre","Propulsore che genera la spinta principale del veicolo"
"Main Arm Thruster","Propulsore principale del braccio","propulsione","tradurre","Propulsore principale installato sul braccio del veicolo"
"Dragon Stellar Transit Company","Dragon Stellar Transit Company","aziende e produttori","mantenere","Nome canonico del produttore di propulsori abbreviato Dragon Stellar"
"STC Red","STC Red","modelli di propulsori","mantenere","Nome canonico del propulsore Dragon Stellar con indice di spinta 3"
"STC Silver","STC Silver","modelli di propulsori","mantenere","Nome canonico del motore TR4 di Dragon Stellar"
"Thrust Rating","Indice di spinta","propulsione","tradurre","Valore nominale della spinta erogata"
"Double Fuel Tank","Serbatoio doppio del carburante","sistemi dei veicoli","tradurre","Serbatoio doppio per carburante convenzionale"
"Fixed Mount","Supporto fisso","componenti dei veicoli","tradurre","Supporto non orientabile per componenti o armamenti"
"Quantum Fuel Tank","Serbatoio del carburante quantico","sistemi dei veicoli","tradurre","Serbatoio destinato al carburante quantico"
"Ocellus","Ocellus","livree","mantenere","Nome canonico della livrea ispirata ai motivi Tevarin"
"Wanderer","Wanderer","livree","mantenere","Nome canonico della livrea ispirata ai giardini Xi'an di R.aip'uāng"
"Riftwalker","Riftwalker","livree","mantenere","Nome canonico della livrea nera, bronzea e blu per Kruger Wolf"
"R.aip'uāng","R.aip'uāng","luoghi e lore","mantenere","Grafia canonica dei giardini sacri Xi'an; corregge il carattere corrotto della sorgente inglese"
"Harmony","Harmony","livree","mantenere","Nome canonico della livrea diplomatica multiveicolo; mantenere identico alla sorgente"
"Platinum","Platinum","livree","mantenere","Nome canonico della livrea argentata per Banu Defender"
"UEE Diplomatic Corps","UEE Diplomatic Corps","organizzazioni e lore","mantenere","Nome canonico dell'organizzazione che progettò la livrea Harmony"
"<-=MISSING=->","<-=MISSING=->","segnaposto tecnici","mantenere","Marcatore diagnostico opaco della sorgente; non inventare il contenuto mancante"
"DESCRIBE ME!","DESCRIVIMI!","segnaposto tecnici","tradurre_letterale","Testo provvisorio visibile; non sostituire con una descrizione inventata"
"(PH)","(PH)","segnaposto tecnici","mantenere","Prefisso Placeholder da conservare davanti al testo provvisorio tradotto"
"HeartStone PDS","HeartStone PDS","dispositivi medici","mantenere","Nome canonico del defibrillatore portatile; mantenere identico alla sorgente"
"Dragonfly","Dragonfly","veicoli","mantenere","Nome canonico del veicolo Drake; mantenere identico alla sorgente per mappe, guide e comunità"
"Roustabout","Roustabout","livree","mantenere","Nome canonico della livrea commemorativa per Dragonfly"
"Yellowjacket","Yellowjacket","varianti di veicoli e livree","mantenere","Nome canonico della variante e della livrea per Dragonfly"
"Engine","Motore","propulsione","tradurre","Termine generico per il motore di un veicolo"
"Wing Engine","Motore alare","propulsione","tradurre","Motore installato sull'ala del veicolo"
"Auxiliary Thruster","Propulsore ausiliario","propulsione","tradurre","Propulsore secondario o di supporto del veicolo"
"Vanduul Stinger","Vanduul Stinger","veicoli Vanduul","mantenere","Nome canonico completo del veicolo; mantenere identico alla sorgente"
"Khartu-al Scout","Khartu-al Scout","veicoli Xi'an","mantenere","Denominazione canonica del veicolo nella stringa componente; mantenere identica alla sorgente"
"Ambush Camo","Ambush Camo","livree","mantenere","Nome canonico della livrea mimetica per Eclipse"
"Knockout","Knockout","livree","mantenere","Nome canonico della livrea verde per Eclipse"
"Auspicious Red Rat","Auspicious Red Rat","livree del Festival Rosso","mantenere","Nome canonico della livrea 2956 per F8 Lightning"
"Action Figure","Action figure","oggetti collezionabili","prestito_acclimatato","Termine comunemente usato in italiano per una statuetta articolata da collezione"
"Imperator Edition","Imperator Edition","edizioni di oggetti","mantenere","Nome canonico dell'edizione riservata agli abbonati Imperator"
"Citizen Series","Citizen Series","collezioni Takuetsu","mantenere","Titolo canonico della serie di statuette Takuetsu"
"Military Might","Military Might","collezioni Takuetsu","mantenere","Titolo canonico della serie militare di statuette Takuetsu"
"Universe Series","Universe Series","collezioni Takuetsu","mantenere","Titolo canonico della serie di statuette replica Takuetsu"
"Armin Trask","Armin Trask","personaggi e oggetti","mantenere","Nome proprio canonico del lavoratore di avamposto raffigurato"
"Bravo Team Tank","Bravo Team Tank","personaggi e oggetti","mantenere","Nome canonico dell'action figure di Star Marine"
"Recon Marine","Recon Marine","unità e oggetti","mantenere","Denominazione canonica del marine da ricognizione raffigurato"
"Vanduul Shipkiller","Vanduul Shipkiller","personaggi e oggetti","mantenere","Nome canonico dell'action figure Vanduul"
"Recon Division","Recon Division","organizzazioni militari","mantenere","Nome canonico della divisione degli UEE Marines"
"UEE Marines","UEE Marines","organizzazioni militari","mantenere","Nome canonico del corpo militare UEE"
"Vanduul Warrior","Vanduul Warrior","personaggi e specie","mantenere","Denominazione canonica del guerriero Vanduul raffigurato"
"Squadron 214","Squadron 214","unità militari","mantenere","Nome canonico dello squadrone"
"Bravo Flight","Bravo Flight","unità militari","mantenere","Nome canonico della formazione di volo dello Squadron 214"
"Squadron 35","Squadron 35","unità militari","mantenere","Nome canonico dello squadrone"
"Squadron 36","Squadron 36","unità militari","mantenere","Nome canonico dello squadrone"
"Squadron 78","Squadron 78","unità militari","mantenere","Nome canonico dello squadrone"
"Tholo","Tholo","cultura Banu","mantenere","Nome canonico del gettone Banu a tre facce; usare al maschile"
"Cassa","Cassa","cultura Banu","mantenere","Nome canonico della patrona Banu della fortuna"
"Coin","Moneta","oggetti collezionabili","tradurre","Moneta commemorativa o da collezione"
"RSI Zeus","RSI Zeus","veicoli RSI","mantenere","Nome canonico completo dello storico veicolo da esplorazione"
"Roberts Space Industries","Roberts Space Industries","aziende e lore","mantenere","Nome canonico completo del produttore RSI"
"Year of the Dog","Year of the Dog","eventi e ricorrenze","mantenere","Denominazione canonica del ciclo celebrato dalla moneta"
"Red Festival","Red Festival","eventi e ricorrenze","mantenere","Nome canonico dell'evento annuale"
"People's Alliance","People's Alliance","organizzazioni e lore","mantenere","Nome canonico dell'organizzazione legata a Levski"
"First Contact Day","First Contact Day","eventi e lore","mantenere","Nome canonico della ricorrenza del primo contatto"
"Death Mask","Death Mask","pirateria e lore","mantenere","Nome canonico della moneta e del simbolo di prestigio dei fuorilegge"
"CitizenCon","CitizenCon","eventi","mantenere","Nome canonico della conferenza annuale"
"Coramor","Coramor","eventi e lore","mantenere","Nome canonico della ricorrenza dedicata all'amore"
"Emoto Dashbot","Emoto Dashbot","oggetti decorativi","mantenere","Nome canonico del compagno da plancia"
"United Planets of Earth","United Planets of Earth","organizzazioni e lore","mantenere","Nome proprio storico canonico; sigla UPE"
"Codi the Coramor Bear","Codi the Coramor Bear","oggetti decorativi","mantenere","Nome canonico dell'orsetto da cabina di pilotaggio"
"Mini-Flag","Mini-bandiera","oggetti decorativi","tradurre","Piccola bandiera olografica da esposizione"
"Chance Cube","Chance Cube","oggetti decorativi","mantenere","Nome canonico del dado luminoso per decisioni binarie"
"Six-Sided Die","Dado a sei facce","oggetti decorativi","tradurre","Dado cubico con sei possibili risultati"
"Twenty-Sided Die","Dado a venti facce","oggetti decorativi","tradurre","Dado icosaedrico con venti possibili risultati"
"Intergalactic Aerospace Expo","Intergalactic Aerospace Expo","eventi","mantenere","Nome canonico completo dell'IAE"
"Civilian Security Summit","Civilian Security Summit","eventi e lore","mantenere","Nome proprio dell'evento; conservare per coerenza con lore e guide"
"INS Jericho","INS Jericho","luoghi e lore","mantenere","Nome canonico della struttura; usare questa grafia anche quando la sorgente alterna impropriamente INS-Jericho"
"Cookie Jar","Barattolo per biscotti","arredi e oggetti decorativi","tradurre","Contenitore da cucina per biscotti e dolci"
"Magnus IV","Magnus IV","pianeti e luoghi","mantenere","Nome canonico del pianeta; mantenere identico per mappe e guide"
"Quantainium","Quantainium","risorse e materiali","mantenere","Nome canonico del minerale instabile; mantenere identico alla sorgente"
"Ten Thousand Seas Corporation","Ten Thousand Seas Corporation","aziende e lore","mantenere","Nome canonico del produttore di acquari"
"Kai Habitats","Kai Habitats","aziende e oggetti","mantenere","Nome canonico del marchio specializzato in habitat e acquari"
"Rescue Light","Luce di soccorso","equipaggiamento di emergenza","tradurre","Segnalatore luminoso visibile in condizioni atmosferiche pericolose"
"Ophelia Vine","Ophelia Vine","flora e lore","mantenere","Nome canonico della pianta ornamentale"
"Display Case","Vetrina","arredi e oggetti decorativi","tradurre","Custodia trasparente destinata all'esposizione"
"Storage Chest","Baule portaoggetti","arredi e contenitori","tradurre","Baule destinato alla conservazione di oggetti"
"Cockpit Voice Recorder","Registratore vocale di cabina","avionica e oggetti","tradurre","Dispositivo che registra le comunicazioni e i suoni della cabina di pilotaggio"
"Headhunters","Headhunters","fazioni e lore","mantenere","Nome canonico della fazione di Pyro"
"Chief","Chief","titoli Headhunters","mantenere","Titolo canonico del capo della fazione nel contesto Headhunters"
"Prospect","Prospect","titoli Headhunters","mantenere","Grado canonico interno agli Headhunters; resta invariato e con la maiuscola"
"kopion","kopion","fauna aliena","mantenere","Nome canonico della specie; invariabile al plurale e con la maiuscola soltanto a inizio titolo o frase"
"Counselor","Counselor","titoli Headhunters","mantenere","Titolo canonico dei quattro consiglieri del Chief"
"Model","Modellino (oggetti collezionabili); Modello (dati tecnici)","oggetti e dati tecnici","contestuale","Usare Modellino per una replica in scala da esposizione e Modello nei pannelli tecnici"
"Model Box","Scatola del modellino","oggetti collezionabili","tradurre","Confezione destinata a un modellino da esposizione"
"Miniature","Miniatura","oggetti collezionabili","tradurre","Replica di piccole dimensioni impugnabile o da esposizione"
"Prestige Series","Prestige Series","collezioni Takuetsu","mantenere","Titolo canonico della serie di modellini Khartu-al"
"Extended","Extended","configurazioni e varianti","mantenere","Nome canonico della configurazione estesa del modellino Hull C"
"Collapsed","Collapsed","configurazioni e varianti","mantenere","Nome canonico della configurazione chiusa del modellino Hull C"
"Icarus-One","Icarus-One","stazioni e luoghi","mantenere","Nome canonico della stazione; mantenere identico per mappe e guide"
"ICC Probe","ICC Probe","stazioni e luoghi","mantenere","Nome canonico della stazione e delle sonde ICC"
"IMS Bolliver","IMS Bolliver","stazioni e luoghi","mantenere","Nome canonico della stazione; mantenere identico per mappe e guide"
"Port Olisar","Port Olisar","stazioni e luoghi","mantenere","Nome canonico della stazione; mantenere identico per mappe, guide e memoria storica"
"Sol","Sol","sistemi stellari","mantenere","Nome canonico del sistema stellare"
"Stanton","Stanton","sistemi stellari","mantenere","Nome canonico del sistema stellare"
"Badlands","Badlands","varianti di veicoli e livree","mantenere","Nome canonico della variante e della livrea desertica per Tumbril Nova"
"Snowblind","Snowblind","varianti di veicoli e livree","mantenere","Nome canonico della variante e della livrea artica per Tumbril Nova"
"UEE Army","UEE Army","organizzazioni e varianti","mantenere","Nome canonico dell'organizzazione e della variante del modellino Tumbril Nova"
"[PH]","[PH]","segnaposto tecnici","mantenere","Marcatore opaco di placeholder tra parentesi quadre; conservarlo identico alla sorgente"
"*WIP*","*WIP*","segnaposto tecnici","mantenere","Marcatore opaco di contenuto in lavorazione racchiuso tra asterischi; conservarlo identico alla sorgente"
"PH -","PH -","segnaposto tecnici","mantenere","Prefisso abbreviato di placeholder; conservarlo identico alla sorgente"
"[PU]","[PU]","segnaposto tecnici","mantenere","Marcatore opaco della sorgente; non interpretarne o inventarne il significato"
"PLACEHOLDER TO BE FILLED IN","SEGNAPOSTO DA COMPLETARE","segnaposto tecnici","tradurre_letterale","Testo provvisorio visibile; tradurre letteralmente senza inventare il contenuto mancante"
"Locker","Armadietto","arredi e contenitori","tradurre","Mobile chiudibile destinato alla conservazione di oggetti"
"Hello Sunshine","Hello Sunshine","linee di prodotti","mantenere","Nome canonico della linea di fioriere Sakura Sun; conservare anche i nomi delle varianti"
"Puglisi Collection","Puglisi Collection","collezioni e oggetti","mantenere","Titolo canonico della collezione di reperti da esposizione"
"Radegast Distillery","Radegast Distillery","aziende e lore","mantenere","Nome canonico della distilleria marziana"
"Homeward Limited-Edition Collection 40 SEY","Homeward Limited-Edition Collection 40 SEY","prodotti e collezioni","mantenere","Nome canonico completo della collezione Radegast del 2947"
"Hanshi Wilkes","Hanshi Wilkes","personaggi e lore","mantenere","Nome proprio canonico del mastro distillatore Radegast"
"Angeli","Angeli","prodotti e lore","mantenere","Denominazione canonica associata alle botti e al profilo aromatico del whiskey Radegast"
"Sextant","Sestante","strumenti e oggetti decorativi","tradurre","Antico strumento terrestre per la navigazione celeste"
"Tempt Fate","Tempt Fate","slogan e iscrizioni","mantenere","Iscrizione canonica sulla moneta Stella Fortuna 2954"
"University of Rhetor","University of Rhetor","organizzazioni e lore","mantenere","Nome canonico dell'università responsabile dell'Opera Mushroom"
"Opera Mushroom","Opera Mushroom","flora e lore","mantenere","Nome comune canonico del Pleurotus Cornusymphonia"
"Spaceglobe","Globo spaziale","oggetti decorativi","tradurre","Globo da esposizione a tema; mantenere il nome proprio della variante"
"Tephra","Tephra","modelli di mine","mantenere","Nome canonico della mina autoguidata Firestorm Kinetics"
"Nautilus","Nautilus","veicoli Aegis","mantenere","Nome canonico della posamine Aegis"
"Valakkar","Valakkar","fauna e lore","mantenere","Nome canonico della creatura; mantenere identico anche negli oggetti ispirati alla specie"
"Battle of Vega II","Battle of Vega II","eventi e lore","mantenere","Nome canonico della battaglia del 5 ottobre 2945"
"Mya","Mya","culture e oggetti","mantenere","Nome canonico della tradizione associata ai vasi per la conservazione dell'acqua"
"viVid Display","Schermo viVid","tecnologia e oggetti","tradurre_nome_prodotto","Mantenere viVid con la grafia canonica e tradurre soltanto il termine generico Display"
"Hui’a","Hui’a","oggetti Xi'an","mantenere","Nome canonico del rompicapo gravitazionale Xi'an"
"Centennial Bloom","Centennial Bloom","flora e lore","mantenere","Nome canonico della pianta Xi'an"
"Cereus Rubra","Cereus Rubra","flora e lore","mantenere","Nome scientifico canonico della pianta nota come Kavische"
"Tuserac Plena","Tuserac Plena","flora e lore","mantenere","Nome scientifico canonico della pianta nota come Emperor Blossom"
"Pleurotus Cornusymphonia","Pleurotus Cornusymphonia","flora e lore","mantenere","Nome scientifico canonico dell'Opera Mushroom"
"Picoball","Picoball","oggetti e mascotte","mantenere","Nome canonico del pallone ispirato a Pico the Penguin"
"Poster","Poster","oggetti decorativi","prestito_acclimatato","Termine pienamente comprensibile in italiano; mantenere originali titoli, slogan ed eventi associati"
"Be A Hero","Be A Hero","poster e slogan","mantenere","Titolo canonico del poster motivazionale"
"We Want You","We Want You","poster e slogan","mantenere","Titolo canonico del poster di reclutamento UEEN"
"United Earth Empire Navy","United Earth Empire Navy","organizzazioni e lore","mantenere","Denominazione completa presente nella sorgente del poster di reclutamento"
"UEEN","UEEN","organizzazioni e lore","mantenere","Sigla presente nella sorgente per la United Earth Empire Navy"
"Blood Bank","Blood Bank","opere di fantasia nel lore","mantenere","Titolo canonico del film horror"
"The Hill Horror Reborn","The Hill Horror Reborn","opere di fantasia nel lore","mantenere","Titolo canonico del seguito horror con Neville Lott"
"Parasite","Parasite","opere di fantasia nel lore","mantenere","Titolo canonico del film di orrore corporeo"
"Ship Showdown","Ship Showdown","eventi","mantenere","Nome canonico della competizione annuale tra veicoli"
"Final Four","Final Four","fasi di eventi","mantenere","Denominazione canonica della fase conclusiva dello Ship Showdown quando riportata con queste maiuscole"
"Valentine's Day","Valentine's Day","eventi storici e lore","mantenere","Nome della ricorrenza storica citata dal poster Heartseeker"
"Happy New Year","Happy New Year","iscrizioni e lore","mantenere","Iscrizione riprodotta sul poster del Red Festival 2954"
"Stronger Together","Stronger Together","slogan e lore","mantenere","Motto canonico della People's Alliance"
"Gamescom","Gamescom","eventi","mantenere","Nome proprio dell'evento"
"nVidia","nVidia","marchi e poster","mantenere","Grafia presente nella sorgente del poster; conservarne le maiuscole"
"Hitbox","Hitbox","pubblicazioni e lore","mantenere","Titolo canonico della rivista associata al poster di Star Marine"
"Tears of Fire","Tears of Fire","opere di fantasia nel lore","mantenere","Titolo canonico del dipinto di Aaron Fring"
"UPE Historical Vault for Antiquity","UPE Historical Vault for Antiquity","istituzioni e lore","mantenere","Nome canonico dell'archivio storico che accolse Tears of Fire"
"Aaron Fring","Aaron Fring","personaggi e lore","mantenere","Nome proprio canonico dell'autore di Tears of Fire"
"Second Tevarin War","Second Tevarin War","eventi e lore","mantenere","Nome canonico del conflitto raffigurato in Tears of Fire"
"Corath’Thal","Corath’Thal","personaggi e lore","mantenere","Grafia canonica del Warlord Tevarin"
"Schematic","Schema tecnico","oggetti decorativi e documentazione","tradurre","Rappresentazione tecnica dettagliata di una nave o di un veicolo"
"Schematics","Schemi tecnici","oggetti decorativi e documentazione","tradurre","Forma plurale presente in alcuni nomi di oggetti"
"Masters of Design","Masters of Design","collezioni Esperia","mantenere","Titolo canonico della serie di schemi navali di Esperia"
"Esperia","Esperia","aziende e produttori","mantenere","Nome canonico del produttore e curatore della serie Masters of Design"
"Casse Aerospace","Casse Aerospace","aziende e lore","mantenere","Nome canonico dell'azienda autrice del progetto originale della Hurricane"
"Best in Show Finalist 2949","Best in Show Finalist 2949","edizioni di oggetti","mantenere","Nome canonico dell'edizione commemorativa dello schema tecnico"
"Best in Show Champion 2949","Best in Show Champion 2949","edizioni di oggetti","mantenere","Nome canonico dell'edizione celebrativa della Caterpillar vincitrice"
"Data Runner","Data Runner","ruoli dei veicoli, eventi e guide","mantenere","Nave bersaglio dedicata al trasporto di dati; preservare nei marker e negli obiettivi di Op. Save Stanton per compatibilità con le guide"
"Clinic Floor","Clinic Floor","cliniche e orientamento","mantenere","Elemento canonico delle etichette numerate dei piani clinici; preservare integralmente per mappe e guide"
"Crypto Key","Crypto Key","oggetti missione e guide","mantenere","Oggetto da recuperare nelle missioni UGF; preservare per riconoscibilità nelle guide"
"Contested Zone","Contested Zone","luoghi, attività e guide","mantenere","Nome canonico delle zone contese; preservare per mappe e comunicazioni tra giocatori"
"Commissary","Spaccio","servizi carcerari","tradurre","Chiosco in cui spendere i Meriti e ritirare oggetti"
"Fabrication Hangar","Hangar di Fabbricazione","fabbricazione e infrastrutture","tradurre_prestito","Mantenere Hangar come termine richiesto dal progetto e tradurre la funzione"
"PH","PH","segnaposto tecnici","mantenere","Marcatore opaco privo di parentesi presente in alcune stringhe provvisorie; conservarlo identico"
"Trophy","Trofeo","oggetti commemorativi","tradurre","Premio o cimelio da esposizione dedicato a eventi e imprese"
"Special Edition","Special Edition","edizioni di oggetti","mantenere","Nome canonico dell'edizione speciale quando compare nel nome dell'oggetto; nel testo discorsivo è ammesso edizione speciale"
"Golden Ticket","Golden Ticket","oggetti e lore","mantenere","Nome canonico del biglietto e del relativo trofeo"
"PAX","PAX","eventi e oggetti","mantenere","Nome proprio dell'evento e del relativo trofeo"
"RSI Cup","RSI Cup","eventi e oggetti","mantenere","Nome canonico della competizione e del relativo trofeo"
"Cot","Brandina","arredi","tradurre","Letto pieghevole leggero destinato al riposo temporaneo"
"Jukebox","Jukebox","arredi e oggetti decorativi","prestito_acclimatato","Termine comunemente usato in italiano per il riproduttore musicale a selezione"
"Liquor Cabinet","Mobile bar","arredi","tradurre","Mobile destinato alla conservazione e al servizio di bevande alcoliche"
"ORIG M50","ORIG M50","veicoli e oggetti Origin","mantenere","Denominazione canonica riportata sulla vetrina del modellino M50"
"Retired Drill Head","Testa di perforazione dismessa","oggetti industriali","tradurre","Testa di perforazione non più operativa destinata all'esposizione"
"Toolbox","Cassetta degli attrezzi","contenitori e attrezzature","tradurre","Contenitore portatile destinato agli attrezzi"
"Hartwell Music Sentinel 88G","Hartwell Music Sentinel 88G","strumenti musicali e prodotti","mantenere","Nome canonico completo del pianoforte digitale"
"Sand Nomad Plant Pot","Vaso per piante dei nomadi delle sabbie","arredi e lore","tradurre","Vaso ispirato alle ceramiche tradizionali delle popolazioni nomadi di Leir III"
"Altrucia Lacus","Altrucia Lacus","flora e lore","mantenere","Nome canonico della pianta nota come Revenant Tree"
"Revenant Tree","Revenant Tree","flora e lore","mantenere","Nome comune canonico dell'Altrucia Lacus"
"Conner’s Beard Moss","Conner’s Beard Moss","flora e lore","mantenere","Nome canonico della specie di muschio ornamentale"
"Workbench","Banco da lavoro","arredi e attrezzature","tradurre","Superficie attrezzata per lavori tecnici e manutenzione"
"Hermes","Hermes","veicoli RSI","mantenere","Nome canonico della nave RSI; mantenere identico alla sorgente"
"Tripline","Tripline","livree","mantenere","Nome canonico della livrea argentata e nera per Hermes"
"Disco","Disco","livree e personaggi","mantenere","Nome canonico della livrea Hermes e dell'asso di Rory Nova nel relativo contesto"
"Rory Nova","Rory Nova","opere di fantasia nel lore","mantenere","Titolo canonico del cartone animato per bambini"
"dynamic, instinctive spacecraft operator","dynamic, instinctive spacecraft operator","citazioni e lore","mantenere","Espansione inglese che genera il nome DISCO; mantenerla identica per non perdere l'acronimo"
"Earthfall","Earthfall","livree","mantenere","Nome canonico della livrea nera, beige e rossa per Hermes"
"Honorbound","Honorbound","livree","mantenere","Nome canonico della livrea verde militare e bronzea per Hermes"
"Paragon","Paragon","livree","mantenere","Nome canonico della livrea bianca, blu e dorata per Hermes"
"Dauntless","Dauntless","livree","mantenere","Nome canonico della livrea blu ardesia e rossa per Hermes"
"Pulsar","Pulsar","livree","mantenere","Nome canonico della livrea viola e arancione per Hermes"
"Navarra","Navarra","livree","mantenere","Nome canonico della livrea sabbia e blu per Hermes"
"Golem","Golem","veicoli Drake","mantenere","Nome canonico della nave mineraria Drake"
"Strongheart","Strongheart","livree","mantenere","Nome canonico della livrea rossa e nera per Golem"
"Cypher","Cypher","livree","mantenere","Nome canonico della livrea nera con dettagli verdi e blu per Golem"
"Greysteel","Greysteel","livree","mantenere","Nome canonico della livrea in diverse tonalità di grigio per Golem"
"Coalheart","Coalheart","livree","mantenere","Nome canonico della livrea nera e grigia per Golem"
"Sunstruck","Sunstruck","livree","mantenere","Nome canonico della livrea grigia, gialla e bianca per Golem"
"Faultline","Faultline","livree","mantenere","Nome canonico della livrea ad alta visibilità per Golem"
"RAFT","RAFT","veicoli Argo","mantenere","Nome canonico abbreviato dell'Argo RAFT"
"Alliance Aid Green","Alliance Aid Green","livree","mantenere","Nome canonico della livrea benefica verde e gialla per RAFT"
"Anchor","Anchor","livree","mantenere","Nome canonico della livrea grigia con sfumature verdi per RAFT"
"Auspicious Red Monkey","Auspicious Red Monkey","livree","mantenere","Nome canonico della livrea rossa e dorata per Sabre"
"Ashcloud","Ashcloud","livree","mantenere","Nome canonico della livrea nera con dettagli in fibra di carbonio e rame per Sabre"
"Harvest","Harvest","livree","mantenere","Nome canonico della livrea nera e arancione per Sabre"
"Firebreak","Firebreak","livree","mantenere","Nome canonico della livrea nera e rossa per Sabre"
"Starlight","Starlight","livree","mantenere","Nome canonico della livrea nera con finiture cromate per Sabre"
"Windbreak","Windbreak","livree","mantenere","Nome canonico della livrea verde, grigia, argentata e arancione per Sabre"
"Sally the Star Kitten","Sally the Star Kitten","personaggi e marchi","mantenere","Nome canonico completo della mascotte animata; mantenere identico alla sorgente"
"Nox","Nox","veicoli Aopoa","mantenere","Nome canonico del veicolo da competizione Aopoa"
"Thli","Thli","livree","mantenere","Nome canonico della livrea argentata e nera per Nox"
"Dominion","Dominion","livree","mantenere","Nome canonico della livrea nera e bronzea per Pulse"
"Corona","Corona","livree","mantenere","Nome canonico della livrea blu e arancione per Pulse; non tradurre nel contesto della livrea"
"Crossfire","Crossfire","livree","mantenere","Nome canonico della livrea rossa e nera per Pulse"
"Undertow","Undertow","livree","mantenere","Nome canonico della livrea nera, argentata e blu per Pulse"
"Nightrider","Nightrider","livree","mantenere","Nome canonico della livrea argentata per Pulse"
"MTC","MTC","veicoli Greycat","mantenere","Nome canonico del centro tattico mobile Greycat"
"MXC","MXC","veicoli Greycat","mantenere","Sigla impiegata dalla sorgente inglese in alcune livree condivise della serie M; non correggere senza conferma ufficiale"
"Greycat M-Series","Greycat M-Series","famiglie di veicoli","mantenere","Denominazione canonica della famiglia di veicoli Greycat compatibili con le livree condivise"
"Perdition","Perdition","livree","mantenere","Nome canonico della livrea nera e dorata per MXC"
"Moonstone","Moonstone","livree","mantenere","Nome canonico della livrea blu metallizzata per MTC"
"Brushwood Camo","Brushwood Camo","livree","mantenere","Nome canonico della livrea mimetica verde e grigia per MTC"
"Timberwolf Camo","Timberwolf Camo","livree","mantenere","Nome canonico della livrea mimetica marrone per MXC"
"Baracus","Baracus","livree","mantenere","Nome canonico della livrea nera e rossa per MTC"
"Filament","Filament","livree","mantenere","Nome canonico della livrea grigia, nera e gialla per MTC"
"Icefront Camo","Icefront Camo","livree","mantenere","Nome canonico della livrea mimetica digitale bianca e grigia per MXC"
"Boreal","Boreal","livree","mantenere","Nome canonico della livrea grigia e arancione per MTC"
"Cadet","Cadet","livree","mantenere","Nome canonico della livrea grigio chiaro e rossa per MXC"
"Outcasts","Outcasts","fazioni e lore","mantenere","Nome canonico della fazione; non tradurre come Reietti"
"Auspicious Red Pig","Auspicious Red Pig","livree del Festival Rosso","mantenere","Nome canonico della livrea 2955 con il simbolo del maiale"
"Auspicious Red Snake","Auspicious Red Snake","livree del Festival Rosso","mantenere","Nome canonico della livrea 2955 con il simbolo del serpente"
"MOLE","MOLE","veicoli Argo","mantenere","Nome canonico in maiuscolo dell'estrattore laser multiposto Argo"
"Aphorite","Aphorite","risorse e livree","mantenere","Nome canonico della gemma viola e della relativa livrea"
"Carbon","Carbon (edizione o livrea); carbonio (materiale)","edizioni, livree e materiali","contestuale","Mantenere Carbon quando è il nome canonico dell'edizione o della livrea MOLE"
"Dolivine","Dolivine","risorse e livree","mantenere","Nome canonico della gemma verde e della relativa livrea"
"Greycat","Greycat","aziende e livree","mantenere","Nome canonico del produttore e della livrea aziendale"
"Hadanite","Hadanite","risorse e livree","mantenere","Nome canonico della gemma rosa e della relativa livrea"
"Pyrotechnic","Pyrotechnic","aziende e livree","mantenere","Nome canonico abbreviato associato a Pyrotechnic Amalgamated e alla relativa livrea"
"Shubin","Shubin","aziende e livree","mantenere","Nome canonico del conglomerato minerario e della relativa livrea"
"Talus","Talus","edizioni e livree","mantenere","Nome canonico dell'edizione e della livrea grigia per MOLE"
"Teach's Special","Teach's Special","edizioni di veicoli","mantenere","Nome canonico completo dell'edizione speciale del MOLE"
"Teach's","Teach's","edizioni di veicoli","mantenere","Forma breve canonica dell'edizione Teach's del MOLE"
"Auspicious Red Ram","Auspicious Red Ram","livree del Festival Rosso","mantenere","Nome canonico della livrea 2951 con il simbolo dell'ariete"
"Sandstone","Sandstone","livree","mantenere","Nome canonico della livrea arancione metallizzata per Nomad"
"Conifer","Conifer","livree","mantenere","Nome canonico della livrea verde e gialla per Nomad"
"Jackal","Jackal","livree","mantenere","Nome canonico della livrea nera e rossa per Nomad"
"Cherry Blossom","Cherry Blossom","livree","mantenere","Nome canonico della livrea bianca, nera e rosa per Nomad"
"Pisces","Pisces","veicoli Anvil","mantenere","Nome canonico della famiglia di navette Anvil"
"C8 Pisces","C8 Pisces","veicoli Anvil","mantenere","Nome canonico del modello di navetta Anvil"
"Auspicious Red Rooster","Auspicious Red Rooster","livree del Festival Rosso","mantenere","Nome canonico della livrea 2953 con il simbolo del gallo"
"Citizens for Prosperity","Citizens for Prosperity","fazioni e lore","mantenere","Nome canonico del gruppo attivo sulla frontiera"
"Frontier Fighters","Frontier Fighters","fazioni e lore","mantenere","Nome canonico del gruppo di vigilanti della frontiera"
"XenoThreat","XenoThreat","fazioni e lore","mantenere","Nome canonico dell'organizzazione ostile; conservare esattamente maiuscole e grafia"
"Frontier Fighters Camo","Frontier Fighters Camo","livree","mantenere","Nome canonico della livrea mimetica per Pisces"
"Headhunters Trauma","Headhunters Trauma","livree","mantenere","Nome canonico della livrea della banda Headhunters per Pisces"
"XenoThreat Purge","XenoThreat Purge","livree","mantenere","Nome canonico della livrea XenoThreat per Pisces"
"Code Blue","Code Blue / Codice Blu","livree e allarmi medici","mantenere_contestuale","Mantenere Code Blue per la livrea C8 Pisces e per Code Blue Apparel; tradurre Codice Blu quando indica un allarme ospedaliero"
"Responder","Responder","livree","mantenere","Nome canonico della livrea di soccorso bianca e rossa per C8 Pisces"
"Seraphim","Seraphim","livree","mantenere","Nome canonico della livrea bianca per Redeemer"
"Underworld","Underworld","livree","mantenere","Nome canonico della livrea nera per Redeemer"
"Valencia","Valencia","livree","mantenere","Nome canonico della livrea arancione metallizzata e nera per Redeemer"
"Fury","Fury","veicoli Mirai","mantenere","Nome canonico del caccia ausiliario Mirai"
"Waverider","Waverider","livree","mantenere","Nome canonico della livrea blu e nera per Fury"
"Wasteland Camo","Wasteland Camo","livree","mantenere","Nome canonico della livrea mimetica color sabbia per Fury"
"Leatherback","Leatherback","livree","mantenere","Nome canonico della livrea verde e rossa per Fury"
"Nightwatch","Nightwatch","livree","mantenere","Nome canonico della livrea grigia, nera e dorata per Fury"
"Racing","Racing (livrea); da competizione (uso comune)","livree e terminologia di gara","contestuale","Mantenere Racing quando è il nome canonico della livrea Fury"
"Tengu","Tengu","livree","mantenere","Nome canonico della livrea rossa e nera per Fury"
"Templar","Templar","livree","mantenere","Nome canonico della livrea bianca, rossa e nera per Fury"
"Perseus","Perseus","veicoli RSI","mantenere","Nome canonico della cannoniera pesante RSI"
"Alliance Aid Camo","Alliance Aid Camo","livree","mantenere","Nome canonico della livrea mimetica grigia per Perseus"
"Repute","Repute","livree","mantenere","Nome canonico della livrea color sabbia, rossa e blu per Perseus"
"Deadfire","Deadfire","livree","mantenere","Nome canonico della livrea nera e rossa per Perseus"
"Thundercloud","Thundercloud","livree","mantenere","Nome canonico della livrea mimetica distorsiva per Perseus"
"Hieron","Hieron","livree","mantenere","Nome canonico della livrea ispirata al marmo per Perseus"
"Flintlock","Flintlock","livree","mantenere","Nome canonico della livrea bianca, grigia e nera per Perseus"
"Resilient","Resilient","livree","mantenere","Nome canonico della livrea grigia, blu e rossa per Perseus"
"Incite","Incite","livree","mantenere","Nome canonico della livrea rossa, grigia e nera per Perseus"
"dazzle camouflage","mimetizzazione distorsiva","colorazioni e terminologia navale","tradurre","Schema mimetico geometrico concepito per alterare la percezione della sagoma e dell'orientamento"
"Razor","Razor","veicoli Mirai","mantenere","Nome canonico del veicolo da competizione Mirai"
"Mirai Racing","Mirai Racing","livree","mantenere","Denominazione canonica usata nella descrizione della livrea da competizione Razor"
"Hosanna","Hosanna","livree, piante e lore","mantenere","Nome canonico sia della livrea rossa, avorio e rosa per Razor sia dell'albero ibrido creato per i giardini di Orison"
"Hosanna tree","albero Hosanna","flora e orientamento","tradurre_genere_mantenere_nome","Tradurre il nome comune tree e preservare Hosanna come nome canonico della specie simbolo di Orison"
"Central Tower","Central Tower","luoghi e livree","mantenere","Nome canonico del punto di riferimento di Lorville e della relativa livrea Razor"
"Central Headquarters and Shared Services Center","Central Headquarters and Shared Services Center","luoghi e orientamento","mantenere","Nome canonico completo della struttura di Lorville nota come Central Tower"
"Aspire","Aspire","livree","mantenere","Nome canonico della livrea bianca e blu per Razor"
"Aspire Grand","Aspire Grand","luoghi e orientamento","mantenere","Nome canonico dell'edificio che domina il profilo di New Babbage"
"Ursa","Ursa","veicoli RSI","mantenere","Nome canonico della famiglia di rover RSI"
"RSI Ursa Rover","RSI Ursa Rover","veicoli RSI","mantenere","Nome canonico completo del rover RSI"
"Respite","Respite","livree","mantenere","Nome canonico della livrea nera, grigia e bianca per Ursa"
"Aja","Aja","flora e livree","mantenere","Nome canonico della pianta medicinale di Terra e della relativa livrea Ursa"
"Oasis","Oasis","livree e luoghi","mantenere","Nome canonico della livrea verde petrolio per Ursa e della sala citata presso Wally's Bar; distinguere dal contesto senza tradurlo"
"Red","Red (livrea); rosso o rossa (colore)","livree e colori","contestuale","Mantenere Red quando è il nome canonico della livrea Ursa; tradurre il colore nell'uso comune"
"RSI Ursa Rover Fortuna","RSI Ursa Rover Fortuna","veicoli RSI","mantenere","Nome canonico completo della variante Fortuna del rover Ursa"
"HoverQuad","HoverQuad","veicoli Consolidated Outland","mantenere","Nome canonico del veicolo terrestre a sostentamento gravitazionale"
"Lightspeed","Lightspeed","livree","mantenere","Nome canonico della livrea arancione e gialla per HoverQuad"
"Terminus","Terminus","livree","mantenere","Nome canonico della livrea nera e rossa per HoverQuad"
"Intrepid","Intrepid","veicoli Crusader e componenti RSI","mantenere","Nome canonico della nave Crusader e della linea di componenti RSI; distinguere dal contesto"
"Nocturne","Nocturne","livree","mantenere","Nome canonico della livrea nera e blu per Intrepid"
"Oblivion","Oblivion","livree","mantenere","Nome canonico della livrea nera e dorata per Intrepid"
"Wavefront","Wavefront","livree","mantenere","Nome canonico della livrea verde-azzurra e bianca per Intrepid"
"Fusion","Fusion (livrea); fusione (uso comune)","livree e terminologia comune","contestuale","Mantenere Fusion quando è il nome canonico della livrea Intrepid"
"Altair","Altair","livree e nomi propri","mantenere","Nome canonico della livrea bianca, nera e rossa per Intrepid"
"Wikelo Work Special","Wikelo Work Special","edizioni di veicoli","mantenere","Nome canonico completo delle edizioni da lavoro di Wikelo; mantenere per tutti i modelli"
"WWS","WWS","edizioni di veicoli","mantenere","Sigla canonica di Wikelo Work Special usata nel nome breve dell'Intrepid"
"Nova","Nova","veicoli Tumbril","mantenere","Nome canonico del carro armato Tumbril"
"Ember Storm","Ember Storm","livree","mantenere","Nome canonico della livrea mimetica desertica rossa e nera per Nova"
"Gunmetal","Gunmetal (livrea); grigio canna di fucile (colore)","livree e colori","contestuale","Mantenere Gunmetal quando è il nome canonico della livrea argentata per Nova"
"Paladin","Paladin","veicoli Anvil","mantenere","Nome canonico della cannoniera di prima linea Anvil"
"Shadowfall","Shadowfall","livree","mantenere","Nome canonico della livrea nera e grigia per Paladin"
"Downstream","Downstream","livree","mantenere","Nome canonico della livrea blu e nera per Paladin"
"Solaris","Solaris","livree","mantenere","Nome canonico della livrea verde, beige e gialla per Paladin"
"Steadfast","Steadfast","livree","mantenere","Nome canonico della livrea grigia e verde per Paladin"
"Carmine","Carmine","livree","mantenere","Nome canonico della livrea grigia e rossa per Paladin"
"Galahad","Galahad","livree","mantenere","Nome canonico della livrea bianca, nera e grigia per Paladin"
"Railen","Railen","veicoli Gatac","mantenere","Nome canonico della nave cargo interspecie Gatac"
"Hyaotan","Hyaotan","edizioni e livree","mantenere","Nome canonico dell'edizione e della livrea per Railen"
"Malachitus","Malachitus","edizioni e livree","mantenere","Nome canonico dell'edizione e della livrea verde iridescente per Railen"
"Insularis","Insularis","livree","mantenere","Nome canonico della livrea verde petrolio e metallo patinato usata su più veicoli"
"Uamchuai","Uamchuai","edizioni e livree","mantenere","Nome canonico dell'edizione e della livrea grigia, sabbia e dorata usata su più veicoli"
"Agapanthia","Agapanthia","edizioni e livree","mantenere","Nome canonico dell'edizione e della livrea nera e dorata usata su più veicoli"
"Ch.iiing","Ch.iiing","edizioni e livree","mantenere","Nome canonico dell'edizione e della livrea bianca e dorata per Railen; conservare la punteggiatura"
"Invictus Launch Week","Invictus Launch Week","eventi e lore","mantenere","Nome canonico completo dell'evento Invictus"
"First Tevarin War","First Tevarin War","eventi e lore","mantenere","Nome canonico del conflitto storico; conservare in inglese"
"Grey","Grey","livree","mantenere","Nome canonico della livrea grigia per Retaliator"
"Underbrush","Underbrush","livree","mantenere","Nome canonico della livrea verde e gialla per Retaliator"
"Backlash","Backlash","livree","mantenere","Nome canonico della livrea nera, gialla e rossa per Retaliator"
"ROC","ROC","veicoli Greycat","mantenere","Nome canonico in maiuscolo del veicolo minerario Greycat"
"ROC-DS","ROC-DS","veicoli Greycat","mantenere","Nome canonico della variante biposto del ROC"
"Black Cherry","Black Cherry","livree","mantenere","Nome canonico della livrea nera e rossa per ROC"
"Harvester","Harvester","livree","mantenere","Nome canonico della livrea da lavoro per ROC e ROC-DS"
"Quicksilver","Quicksilver","livree","mantenere","Nome canonico della livrea argentata per ROC e ROC-DS"
"Shiv","Shiv","veicoli Grey's Market","mantenere","Nome canonico del caccia pesante assemblato da Grey's Market"
"Grey's Shiv","Grey's Shiv","veicoli Grey's Market","mantenere","Nome canonico completo del veicolo Shiv"
"Grey's Market Shiv","Grey's Market Shiv","veicoli Grey's Market","mantenere","Denominazione canonica usata nelle descrizioni dei kit carrozzeria"
"Slasher","Slasher","kit carrozzeria","mantenere","Nome canonico del kit carrozzeria aggressivo per Shiv"
"Barebones","Barebones","kit carrozzeria","mantenere","Nome canonico del kit carrozzeria essenziale per Shiv"
"Lunatic","Lunatic","kit carrozzeria","mantenere","Nome canonico del kit carrozzeria affilato per Shiv"
"Earthquake","Earthquake","livree","mantenere","Nome canonico della livrea beige e nera per Shiv"
"Spectre","Spectre","livree","mantenere","Nome canonico della livrea interamente nera per Shiv"
"Nightmare","Nightmare","livree","mantenere","Nome canonico della livrea con teschio per Shiv"
"Gideon","Gideon","livree","mantenere","Nome canonico della livrea usurata verde, grigia e gialla per Shiv"
"Blue Blossom","Blue Blossom","livree","mantenere","Nome canonico della livrea floreale per Shiv"
"Terrapin","Terrapin","veicoli Anvil","mantenere","Nome canonico della nave da ricognizione corazzata Anvil"
"Terrapin Medic","Terrapin Medic","veicoli Anvil","mantenere","Nome canonico della variante sanitaria Terrapin"
"Wikelo Savior Special","Wikelo Savior Special","edizioni di veicoli","mantenere","Nome canonico completo dell'edizione speciale Terrapin Medic"
"WSS","WSS","edizioni di veicoli","mantenere","Sigla canonica di Wikelo Savior Special"
"Seabed","Seabed","livree","mantenere","Nome canonico della livrea blu, grigia e verde per Terrapin"
"Vitality","Vitality","livree","mantenere","Nome canonico della livrea bianca, verde petrolio e rossa per Terrapin"
"Felicity","Felicity","livree","mantenere","Nome canonico della livrea gialla, grigia e rossa per Terrapin"
"Hawk","Hawk","veicoli Anvil","mantenere","Nome canonico del caccia leggero Anvil"
"Polaris","Polaris","veicoli RSI","mantenere","Nome canonico della corvetta RSI"
"Quasar","Quasar","livree","mantenere","Nome canonico della livrea nera e dorata per Polaris"
"Sirius","Sirius","livree","mantenere","Nome canonico della livrea blu, grigia e color sabbia per Polaris"
"Apex","Apex","livree","mantenere","Nome canonico della livrea verde e grigia per Polaris"
"Prowler Utility","Prowler Utility","veicoli Esperia","mantenere","Nome canonico della variante da trasporto merci del Prowler"
"PTV","PTV","veicoli Greycat","mantenere","Nome canonico in maiuscolo del buggy Greycat"
"All Terrain Camouflage: Forest","All Terrain Camouflage: Forest","livree","mantenere","Nome canonico esteso della livrea forestale ATC-F per PTV"
"ATC-F","ATC-F","livree","mantenere","Sigla canonica di All Terrain Camouflage: Forest"
"Cherry","Cherry","livree","mantenere","Nome canonico della livrea lucida per PTV"
"Agate Gray","Agate Gray","livree","mantenere","Nome canonico della livrea bicolore per PTV; conservare la grafia americana Gray"
"Tactical Stealth","Tactical Stealth","livree","mantenere","Nome canonico della livrea opaca ad alta resistenza per PTV"
"Rifle Green","Rifle Green","livree","mantenere","Nome canonico della livrea verde per PTV"
"Reliant","Reliant","veicoli MISC","mantenere","Nome canonico della famiglia di navi MISC"
"Reliant Mako","Reliant Mako","veicoli MISC","mantenere","Nome canonico della variante giornalistica Reliant"
"Reliant Sen","Reliant Sen","veicoli MISC","mantenere","Nome canonico della variante scientifica Reliant"
"Reliant Tana","Reliant Tana","veicoli MISC","mantenere","Nome canonico della variante da combattimento Reliant"
"Salvation","Salvation","veicoli RSI","mantenere","Nome canonico della nave da recupero RSI"
"Eureka","Eureka","livree","mantenere","Nome canonico della livrea nera e dorata per Salvation"
"Vespid","Vespid","livree","mantenere","Nome canonico della livrea bianca, arancione e nera per Salvation"
"Safeguard","Safeguard","livree","mantenere","Nome canonico della livrea industriale blu e gialla per Salvation"
"Chimaera","Chimaera","livree","mantenere","Nome canonico della livrea blu, nera e gialla per Salvation"
"Mamba","Mamba","livree","mantenere","Nome canonico della livrea nera per Stinger"
"Deathstalker","Deathstalker","livree","mantenere","Nome canonico della livrea bronzea per Stinger"
"Pit Viper","Pit Viper","livree","mantenere","Nome canonico della livrea verde metallizzata e bronzea per Stinger"
"Black Widow","Black Widow","livree","mantenere","Nome canonico della livrea nera e rossa per Stinger"
"X1","X1","veicoli Origin","mantenere","Nome canonico del veicolo Origin"
"Auspicious Red Dog","Auspicious Red Dog","livree del Festival Rosso","mantenere","Nome canonico della livrea 2954 con il simbolo del cane"
"Auspicious Red Dragon","Auspicious Red Dragon","livree del Festival Rosso","mantenere","Nome canonico della livrea 2954 con il simbolo del drago"
"Infinity Custom","Infinity Custom","aziende e lore","mantenere","Nome canonico dell'azienda che collabora con Origin alle livree X1"
"Shadow","Shadow (livrea); ombra (uso comune)","livree e terminologia comune","contestuale","Mantenere Shadow quando è il nome canonico della livrea X1"
"Blueshift","Blueshift","livree","mantenere","Nome canonico della livrea blu e nera per X1"
"Supersonic","Supersonic (livrea); supersonico (uso comune)","livree e terminologia comune","contestuale","Mantenere Supersonic quando è il nome canonico della livrea X1"
"Scarlet","Scarlet","livree","mantenere","Nome canonico della livrea con dettagli rossi per X1"
"MOTH","MOTH","veicoli Argo","mantenere","Nome canonico in maiuscolo della nave da recupero Argo"
"Juniper","Juniper","livree","mantenere","Nome canonico della livrea verde, grigia e arancione per MOTH"
"Tide Pool","Tide Pool","livree","mantenere","Nome canonico della livrea blu, grigia e verde per MOTH"
"Rockwell","Rockwell","livree","mantenere","Nome canonico della livrea in tonalità di grigio per MOTH"
"Sundial","Sundial","livree","mantenere","Nome canonico della livrea arancione e nera per MOTH"
"Dolomite","Dolomite","livree","mantenere","Nome canonico della livrea bianca, grigia e arancione per MOTH"
"Syulen","Syulen","veicoli Gatac","mantenere","Nome canonico della nave cargo Gatac"
"Syulen PYAM Exec","Syulen PYAM Exec","veicoli Gatac","mantenere","Nome canonico completo della variante speciale PYAM del Syulen"
"Ch.iing","Ch.iing","edizioni e livree","mantenere","Nome canonico dell'edizione e della livrea bianca e dorata; conservare la punteggiatura"
"Reclaimer","Reclaimer","veicoli Aegis","mantenere","Nome canonico della nave industriale da recupero Aegis"
"San'tok.yāi","San'tok.yāi","veicoli Aopoa","mantenere","Nome canonico del caccia medio Aopoa; conservare apostrofo, punto e macron"
"Yilen","Yilen","livree","mantenere","Nome canonico della livrea iridescente per San'tok.yāi"
"Xua'cha","Xua'cha","livree","mantenere","Nome canonico della livrea rossa e nera per San'tok.yāi; conservare l'apostrofo"
"Tuiping","Tuiping","livree","mantenere","Nome canonico della livrea bianca e rossa per San'tok.yāi"
"Spartan","Spartan","veicoli Anvil","mantenere","Nome canonico del trasporto truppe corazzato Anvil"
"Ranger","Ranger","livree","mantenere","Nome canonico della livrea verde mimetica per Spartan"
"Sidewinder","Sidewinder","livree","mantenere","Nome canonico della livrea desertica per Spartan"
"Snowstorm","Snowstorm","livree","mantenere","Nome canonico della livrea bianca, grigia e nera per Spartan"
"Storm","Storm","veicoli Tumbril","mantenere","Nome canonico del carro armato leggero Tumbril"
"Darkside","Darkside","livree","mantenere","Nome canonico della livrea mimetica nera e grigia per Storm"
"Landfall","Landfall","livree","mantenere","Nome canonico della livrea verde per Storm"
"Summit","Summit","livree","mantenere","Nome canonico della livrea bicolore bianca e grigia per Storm"
"Frost Line","Frost Line","livree","mantenere","Nome canonico della livrea mimetica bianca e grigia per Storm"
"STV","STV","veicoli Greycat","mantenere","Sigla canonica dello Sport Terrain Vehicle Greycat"
"Electric Green","Electric Green","livree","mantenere","Nome canonico della livrea verde e nera per STV"
"Cobalt Grey","Cobalt Grey","livree","mantenere","Nome canonico della livrea nera, grigia e blu per STV; conservare Grey"
"Blue Steel","Blue Steel","livree","mantenere","Nome canonico della livrea argentata e blu per STV"
"Tyilui","Tyilui","veicoli Gatac","mantenere","Nome canonico della nave da combattimento Gatac"
"Tatomidae","Tatomidae","edizioni e livree","mantenere","Nome canonico dell'edizione e della livrea bordeaux metallizzata per Tyilui"
"UTV","UTV","veicoli Greycat","mantenere","Sigla canonica dell'Utility Terrain Vehicle Greycat"
"Resistor Camo","Resistor Camo","livree","mantenere","Nome canonico della livrea mimetica marrone, grigia e rossa per UTV"
"Bonanza","Bonanza","livree","mantenere","Nome canonico della livrea dorata e nera per UTV"
"Wilderness Camo","Wilderness Camo","livree","mantenere","Nome canonico della livrea mimetica verde, grigia e rossa per UTV"
"Reckoner","Reckoner","livree","mantenere","Nome canonico della livrea grigia e arancione per UTV"
"Valkyrie","Valkyrie","veicoli Anvil","mantenere","Nome canonico della nave da sbarco Anvil"
"Light Grey","Light Grey","livree","mantenere","Nome canonico della livrea grigio chiaro per Valkyrie; conservare Grey"
"Sage","Sage","livree","mantenere","Nome canonico della livrea verde chiaro per Valkyrie"
"Chui'a","Chui'a","livree","mantenere","Nome canonico della livrea blu marmorizzata e dorata per Syulen"
"Tao'moa","Tao'moa","livree","mantenere","Nome canonico della livrea nera marmorizzata e bronzea per Syulen"
"Thlun","Thlun","livree","mantenere","Nome canonico della livrea viola marmorizzata e bronzea per Syulen"
"Luminary","Luminary","livree","mantenere","Nome canonico della livrea verde lucida e marrone per Syulen"
"Xy'kara","Xy'kara","livree","mantenere","Nome canonico della livrea bronzea marmorizzata per Syulen"
"Hull A","Hull A","veicoli MISC","mantenere","Nome canonico del mercantile leggero MISC"
"Hull B","Hull B","veicoli MISC","mantenere","Nome canonico del mercantile MISC"
"Hull C","Hull C","veicoli MISC","mantenere","Nome canonico del mercantile pesante MISC"
"Bombora","Bombora","livree, pianeti e lore","mantenere","Nome canonico della livrea blu e arancione per Hull A e Hull C; anche soprannome locale di Ellis X, da preservare in entrambi i contesti"
"Trailblazer","Trailblazer","livree","mantenere","Nome canonico della livrea grigia e rosso scuro per Hull A e Hull C"
"Dusk","Dusk","livree","mantenere","Nome canonico della livrea grigia con finiture dorate per la serie Hull"
"Empyrean","Empyrean","livree","mantenere","Nome canonico della livrea tricolore per la serie Hull"
"First Light","First Light","livree","mantenere","Nome canonico della livrea nera e gialla per Hull B"
"M80","M80","veicoli Mirai","mantenere","Nome canonico del veicolo Mirai"
"Blaze","Blaze","livree","mantenere","Nome canonico della livrea rossa, nera e azzurra per M80"
"Tetra","Tetra","livree","mantenere","Nome canonico della livrea verde petrolio, verde chiaro e nera per M80"
"Dynasty","Dynasty","livree","mantenere","Nome canonico della livrea bianca, nera e blu per M80"
"P-52 Merlin","P-52 Merlin","veicoli Kruger","mantenere","Nome canonico completo del caccia parassita Kruger"
"P-Series","P-Series","famiglie di veicoli Kruger","mantenere","Denominazione canonica della famiglia P-52 Merlin e P-72 Archimedes"
"Meteor","Meteor","veicoli RSI","mantenere","Nome canonico del caccia medio RSI"
"Bolide","Bolide","livree","mantenere","Nome canonico della livrea rossa metallizzata e nera per Meteor"
"Skylark","Skylark","livree","mantenere","Nome canonico della livrea nera e verde petrolio per Meteor"
"Shimmer","Shimmer","livree","mantenere","Nome canonico della livrea cangiante dorata e blu scuro per Meteor"
"Mule","Mule","veicoli Drake","mantenere","Nome canonico del veicolo da movimentazione carichi Drake"
"Bushwhacker","Bushwhacker","livree","mantenere","Nome canonico della livrea verde e grigia per Mule"
"Reburn","Reburn","livree","mantenere","Nome canonico della livrea con vetri e copertura del carico rossi per Mule"
"Silverback","Silverback","livree","mantenere","Nome canonico della livrea bianca e grigia per Mule"
"Smokestack","Smokestack","livree","mantenere","Nome canonico della livrea in tonalità di grigio per Mule"
"Fury LX","Fury LX","veicoli Mirai","mantenere","Nome canonico della variante da competizione del Mirai Fury"
"Gladiator","Gladiator","veicoli Anvil","mantenere","Nome canonico del bombardiere Anvil"
"Herald","Herald","veicoli Drake","mantenere","Nome canonico della nave da trasporto dati Drake"
"F8 Lightning","F8 Lightning","veicoli Anvil","mantenere","Denominazione canonica usata dalle livree per la famiglia Lightning F8"
"F8C Lightning","F8C Lightning","veicoli Anvil","mantenere","Nome canonico del caccia pesante civile Anvil"
"Mantis","Mantis","veicoli RSI","mantenere","Nome canonico della nave da interdizione quantica RSI"
"MPUV","MPUV","veicoli Argo","mantenere","Sigla canonica della famiglia Multi-Purpose Utility Vehicle di Argo"
"MPUV-1T","MPUV-1T","veicoli Argo","mantenere","Nome canonico della variante da carico Argo; conservare il trattino"
"Hurricane","Hurricane","veicoli Anvil","mantenere","Nome canonico del caccia pesante Anvil"
"M50","M50","veicoli Origin","mantenere","Nome canonico dell'intercettore da competizione Origin"
"Khartu-al","Khartu-al","veicoli Aopoa","mantenere","Nome canonico del caccia leggero Aopoa; conservare il trattino e la minuscola in al"
"SRV","SRV","veicoli Argo","mantenere","Sigla canonica del veicolo da recupero e traino Argo"
"Black Star","Black Star","livree","mantenere","Nome canonico della livrea nera e argentata per Fury"
"Sunrise","Sunrise","livree","mantenere","Nome canonico della livrea bianca e rossa per Fury"
"Cloudburst","Cloudburst","livree","mantenere","Nome canonico della livrea blu e grigio chiaro per Fury"
"Nightweaver","Nightweaver","livree","mantenere","Nome canonico della livrea nera e verde per F8 Lightning"
"Shock Wave","Shock Wave","livree","mantenere","Nome canonico della livrea verde e nera per F8C Lightning; conservare le due parole"
"Stormfire","Stormfire","livree","mantenere","Nome canonico della livrea platino per F8C Lightning"
"Moonrise","Moonrise","livree","mantenere","Nome canonico della livrea grigio metallizzato e nera per Lynx"
"Moonshadow","Moonshadow","livree","mantenere","Nome canonico della livrea bianca e blu per Lynx"
"Flashfire","Flashfire","livree","mantenere","Nome canonico della livrea rossa metallizzata e bianca per Hurricane"
"Waylay Camo","Waylay Camo","livree","mantenere","Nome canonico della livrea mimetica per Hurricane"
"Storm Grey","Storm Grey","livree","mantenere","Nome canonico della livrea grigia per MPUV-1T; conservare Grey"
"Firebrand","Firebrand","livree","mantenere","Nome canonico della livrea rossa e nera per MPUV-1T"
"Sunlight","Sunlight","livree","mantenere","Nome canonico della livrea gialla per MPUV-1T"
"Dark Storm","Dark Storm","livree","mantenere","Nome canonico della livrea nera e gialla per SRV"
"Sky Blue","Sky Blue","livree","mantenere","Nome canonico della livrea azzurro chiaro per SRV"
"Overcast","Overcast","livree","mantenere","Nome canonico della livrea bianca e nera per SRV"
"Colmillos","Colmillos","livree","mantenere","Nome canonico della livrea blu acciaio con denti di squalo per Tiburon"
"Pinnacle","Pinnacle","livree","mantenere","Nome canonico della livrea verde militare e rossa per Tiburon"
"Enforcer","Esecutore","gradi reputazione e livree","contestuale","Nei gradi di Forza mercenaria indica un esecutore armato; come nome canonico della livrea Tiburon resta Enforcer"
"Vermillion","Vermillion","livree","mantenere","Nome canonico della livrea rossa e nera per Tiburon"
"Kalding","Kalding","marchi e materiali","mantenere","Nome proprio del produttore o marchio di vernici impiegato nelle livree"
"IAE","IAE","eventi","mantenere","Sigla canonica di Intergalactic Aerospace Expo"
"[ NOT SET ]","[ NON ASSEGNATO ]","controlli","tradurre_formato","Stato di un comando privo di assegnazione; conservare parentesi quadre e spazi interni"
"D-pad","croce direzionale","controlli","tradurre","Comando direzionale digitale del controller"
"Thumb Stick","levetta","controlli","tradurre","Levetta analogica sinistra o destra del controller"
"Shoulder Button","pulsante dorsale","controlli","tradurre","Pulsante superiore sinistro o destro del controller"
"Trigger","grilletto / Trigger","controlli e giochi","contestuale","Tradurre come grilletto per comandi e armi; mantenere Trigger quando indica il gioco di carte canonico"
"Hat 1","Hat 1","controlli joystick","mantenere","Denominazione tecnica del primo selettore direzionale del joystick"
"Hat 2","Hat 2","controlli joystick","mantenere","Denominazione tecnica del secondo selettore direzionale del joystick"
"Hat 3","Hat 3","controlli joystick","mantenere","Denominazione tecnica del terzo selettore direzionale del joystick"
"Hat 4","Hat 4","controlli joystick","mantenere","Denominazione tecnica del quarto selettore direzionale del joystick"
"Slider","Cursore","controlli joystick","tradurre","Asse scorrevole numerato del joystick"
"Throttle Axis","Asse della manetta","controlli joystick","tradurre","Asse dedicato alla manetta"
"X-Axis","Asse X","controlli","tradurre","Asse cartesiano X di una levetta o di un joystick"
"Y-Axis","Asse Y","controlli","tradurre","Asse cartesiano Y di una levetta o di un joystick"
"Z-Axis","Asse Z","controlli","tradurre","Asse cartesiano Z di un joystick"
"Axis Rotation","Rotazione asse","controlli joystick","tradurre","Rotazione attorno all'asse cartesiano indicato"
"Unbound","Non assegnato","controlli","tradurre","Stato di un comando privo di tasto o pulsante assegnato"
"Input 2","ingresso 2","controlli joystick","tradurre","Identificatore del secondo dispositivo di input"
"Input 3","ingresso 3","controlli joystick","tradurre","Identificatore del terzo dispositivo di input"
"Input 4","ingresso 4","controlli joystick","tradurre","Identificatore del quarto dispositivo di input"
"Arrow","Freccia","controlli tastiera","tradurre","Direzione di un tasto freccia; la direzione successiva resta minuscola"
"Backspace","Backspace","controlli tastiera","mantenere","Legenda fisica standard del tasto; conservarla per compatibilità con hardware e guide"
"Capslock","Caps Lock","controlli tastiera","normalizzare","Legenda fisica standard del tasto; normalizzare la spaziatura"
"Delete","Delete","controlli tastiera","mantenere","Legenda fisica standard del tasto; conservarla per compatibilità con hardware e guide"
"End","End","controlli tastiera","mantenere","Legenda fisica standard del tasto; conservarla nel contesto dei comandi"
"Return","Return","controlli tastiera","mantenere","Legenda fisica standard del tasto; conservarla nel contesto dei comandi"
"Home","Home","controlli tastiera","mantenere","Legenda fisica standard del tasto; conservarla nel contesto dei comandi"
"Insert","Insert","controlli tastiera","mantenere","Legenda fisica standard del tasto; conservarla per compatibilità con hardware e guide"
"Left Alt","Alt sinistro","controlli tastiera","tradurre","Forma estesa del tasto Alt sinistro"
"Right Alt","Alt destro","controlli tastiera","tradurre","Forma estesa del tasto Alt destro"
"Left Ctrl","Ctrl sinistro","controlli tastiera","tradurre","Forma estesa del tasto Ctrl sinistro"
"Right Ctrl","Ctrl destro","controlli tastiera","tradurre","Forma estesa del tasto Ctrl destro"
"Left Shift","Shift sinistro","controlli tastiera","tradurre_prestito","Forma estesa del tasto Shift sinistro"
"Right Shift","Shift destro","controlli tastiera","tradurre_prestito","Forma estesa del tasto Shift destro"
"NumLock","Num Lock","controlli tastiera","normalizzare","Legenda fisica standard del tasto; normalizzare la spaziatura"
"Numpad","Tastierino numerico","controlli tastiera","tradurre","Descrittore funzionale dei tasti del tastierino numerico"
"Pause","Pause","controlli tastiera","mantenere","Legenda fisica standard del tasto; conservarla nel contesto dei comandi"
"Page Down","Page Down","controlli tastiera","mantenere","Legenda fisica standard del tasto; conservarla per compatibilità con hardware e guide"
"Page Up","Page Up","controlli tastiera","mantenere","Legenda fisica standard del tasto; conservarla per compatibilità con hardware e guide"
"Print Screen","Print Screen","controlli tastiera","mantenere","Legenda fisica standard del tasto; conservarla per compatibilità con hardware e guide"
"Scroll Lock","Scroll Lock","controlli tastiera","mantenere","Legenda fisica standard del tasto; conservarla per compatibilità con hardware e guide"
"Spacebar","Barra spaziatrice","controlli tastiera","tradurre","Nome esteso del tasto spazio"
"Mouse Wheel","Rotella del mouse","controlli mouse","tradurre","Rotella del mouse usata come asse o comando"
"Mouse","mouse","controlli mouse","prestito_acclimatato","Prestito tecnico naturale in italiano; usare la minuscola nel descrittore tra parentesi"
"L-Alt","L-Alt","controlli tastiera","mantenere","Forma breve canonica del tasto Alt sinistro"
"R-Alt","R-Alt","controlli tastiera","mantenere","Forma breve canonica del tasto Alt destro"
"L-Ctrl","L-Ctrl","controlli tastiera","mantenere","Forma breve canonica del tasto Ctrl sinistro"
"R-Ctrl","R-Ctrl","controlli tastiera","mantenere","Forma breve canonica del tasto Ctrl destro"
"L-Shift","L-Shift","controlli tastiera","mantenere","Forma breve canonica del tasto Shift sinistro"
"R-Shift","R-Shift","controlli tastiera","mantenere","Forma breve canonica del tasto Shift destro"
"Channel Members","Membri del canale","comunicazioni","tradurre","Titolo dell'elenco dei membri presenti nel canale"
"Friends","Amici","comunicazioni","tradurre","Titolo dell'elenco degli amici invitabili"
"Suggest Invitation","Suggerisci invito","comunicazioni","tradurre","Azione disponibile ai membri non proprietari del canale"
"Create Conversation","Crea conversazione","comunicazioni","tradurre","Azione per creare una nuova conversazione"
"Create Filtered","Crea scheda filtrata","comunicazioni","tradurre_contesto","Tooltip per creare una scheda con filtri personalizzati"
"Combat info","Informazioni di combattimento","filtri comunicazioni","tradurre","Categoria di messaggi relativi al combattimento"
"Game messages","Messaggi di gioco","filtri comunicazioni","tradurre","Categoria dei messaggi generati dal gioco"
"Looking for Group","Ricerca squadra","filtri comunicazioni","tradurre","Categoria dedicata alla ricerca di una squadra"
"Pending Invitations","Inviti in sospeso","comunicazioni","tradurre","Tooltip delle richieste di conversazione non ancora gestite"
"Private Comm Request","Richiesta di comunicazione privata","comunicazioni","tradurre","Richiesta di apertura di una conversazione privata"
"Emote List","Elenco dei gesti espressivi","comandi chat","tradurre","Titolo dell'elenco dei gesti richiamabili da comando"
"PlayerName","NomeGiocatore","comandi chat","tradurre_segnaposto_visibile","Etichetta esplicativa di un argomento nei testi di aiuto; non è un marcatore di runtime"
"Usage","Uso","comandi chat","tradurre","Prefisso che introduce la sintassi di un comando"
"Unknown command","Comando sconosciuto","comandi chat","tradurre","Messaggio mostrato per un comando non riconosciuto"
"Chat Commands","Comandi di conversazione","comandi chat","tradurre","Titolo della sezione di aiuto dei comandi digitabili"
"/addfriend","/addfriend","comandi chat","mantenere","Comando digitabile per aggiungere un amico"
"/removefriend","/removefriend","comandi chat","mantenere","Comando digitabile per rimuovere un amico"
"/addignore","/addignore","comandi chat","mantenere","Comando digitabile per ignorare un giocatore"
"/removeignore","/removeignore","comandi chat","mantenere","Comando digitabile per rimuovere un giocatore dagli ignorati"
"/showignore","/showignore","comandi chat","mantenere","Comando digitabile per mostrare i giocatori ignorati"
"/partyinvite","/partyinvite","comandi chat","mantenere","Comando digitabile per invitare un giocatore nella squadra"
"/partyleave","/partyleave","comandi chat","mantenere","Comando digitabile per lasciare la squadra"
"/tell","/tell","comandi chat","mantenere","Comando digitabile per inviare un messaggio privato"
"ASL","ASL","gesti espressivi","mantenere","Prefisso dei comandi gestuali in lingua dei segni; conservare integralmente i comandi asl_*"
"At ease","A riposo","gesti espressivi","tradurre","Posizione militare rilassata richiamata dal gesto atease"
"Officer on deck","Ufficiale sul ponte","gesti espressivi","tradurre","Formula militare associata al gesto attention"
"A Gift for Baba","A Gift for Baba","opere e lore","mantenere","Titolo canonico del racconto per bambini; non tradurre"
"Ashburn Channel","Ashburn Channel","luoghi e orientamento","mantenere","Nome canonico del marker storico; conservare per mappe e guide"
"Cellin's Peak","Cellin's Peak","luoghi e orientamento","mantenere","Nome canonico del marker storico; conservare per mappe e guide"
"Daymar in Bloom: A Flora Field Guide to Stanton 2b","Daymar in Bloom: A Flora Field Guide to Stanton 2b","opere e lore","mantenere","Titolo canonico dell'opera botanica; non tradurre"
"Franklin Flip","Franklin Flip","sport e lore","mantenere","Nome canonico dello schema di sataball"
"Goodbye Geyser","Goodbye Geyser","luoghi e orientamento","mantenere","Nome canonico del marker storico; conservare per mappe e guide"
"Hurston Hotline","Hurston Hotline","organizzazioni e lore","mantenere","Nome canonico della rete clandestina; non tradurre"
"Imperator","Imperator","titoli e lore","mantenere","Titolo politico canonico della UEE; conservare davanti al nome proprio"
"The Starman's Farewell","The Starman's Farewell","opere e lore","mantenere","Titolo canonico del dipinto di Greg Caldwell; non tradurre"
"Yela's Plain","Yela's Plain","luoghi e orientamento","mantenere","Nome canonico del marker storico; conservare per mappe e guide"
"Bountiful Harvest Hydroponics","Bountiful Harvest Hydroponics","organizzazioni e luoghi","mantenere","Nome canonico dell'organizzazione e dell'avamposto; non tradurre"
"Juno","Juno","veicoli e lore","mantenere","Nome canonico del progetto navale; non tradurre"
"Onto the Break","Onto the Break","opere e lore","mantenere","Titolo canonico del film; non tradurre"
"Slim Chance Rally","Slim Chance Rally","eventi e lore","mantenere","Nome canonico dell'evento; non tradurre"
"Crusader Security","Crusader Security","organizzazioni e lore","mantenere","Nome ufficiale canonico dell'organizzazione; non tradurre"
"Nine Tails","Nine Tails","organizzazioni e lore","mantenere","Nome ufficiale canonico dell'organizzazione criminale; non tradurre"
"Curious Monument","Curious Monument","luoghi e orientamento","mantenere","Nome ufficiale del luogo; conservare per mappe e guide"
"On-Call Area","On-Call Area","luoghi e orientamento","mantenere","Nome ufficiale di una stanza dei Distribution Center; conservare per mappe e guide"
"Staging Point","Staging Point","luoghi e orientamento","mantenere","Nome ufficiale di una zona dei Distribution Center; conservare per mappe e guide"
"Security Compound","Security Compound","luoghi e orientamento","mantenere","Nome ufficiale di una zona dei Distribution Center; conservare per mappe e guide"
"Supply Room","Supply Room","luoghi e orientamento","mantenere","Nome ufficiale di una stanza dei Distribution Center; conservare per mappe e guide"
"Exterior Zone 2","Exterior Zone 2","luoghi e orientamento","mantenere","Nome ufficiale di una zona dei Distribution Center; conservare per mappe e guide"
"Security Checkpoint","Security Checkpoint","luoghi e orientamento","mantenere","Nome ufficiale di una zona dei Distribution Center; il suffisso numerico resta invariato"
"Shipping Area","Shipping Area","luoghi e orientamento","mantenere","Nome ufficiale di una zona dei Distribution Center; conservare per mappe e guide"
"Storehouse","Storehouse","luoghi e orientamento","mantenere","Nome ufficiale di una stanza dei Distribution Center; conservare per mappe e guide"
"Inventory Center","Inventory Center","luoghi e orientamento","mantenere","Nome ufficiale di una zona dei Distribution Center; conservare per mappe e guide"
"PLACEHOLDER","PLACEHOLDER","segnaposto tecnici","mantenere","Segnaposto di sviluppo: conservare esattamente, comprese maiuscole e spazi circostanti"
"Central Business District","Central Business District","luoghi e orientamento","mantenere","Nome ufficiale della zona di Lorville; conservare per mappe e guide"
"Transfers Commodity Exchange","Transfers Commodity Exchange","luoghi e orientamento","mantenere","Nome ufficiale della sede commerciale di Lorville; conservare per mappe e guide"
"Transfers Exchange","Transfers Exchange","luoghi e orientamento","mantenere","Etichetta breve del marker del Transfers Commodity Exchange; conservare esattamente"
"Outsourcing Department","Dipartimento Appalti Esterni","missioni e contratti","tradurre","Denominazione aziendale del reparto che assegna incarichi a contraenti indipendenti"
"Outsource Manager","Responsabile Appalti Esterni","missioni e contratti","tradurre","Responsabile aziendale degli incarichi affidati a contraenti indipendenti"
"Outsourcing Opportunity","Opportunità di Appalto Esterno","missioni e contratti","tradurre","Titolo dell'invito professionale di Constantine Hurston"
"Rush Contract","Contratto Urgente","missioni e contratti","tradurre","Contratto con priorità temporale elevata"
"Execution Warrant","Mandato di esecuzione","missioni e contratti","tradurre","Mandato Hurston che autorizza legalmente l'esecuzione della sentenza di morte"
"Sub-Capital Class Vessel","Nave di classe subcapitale","classificazioni di rischio","tradurre","Nave inferiore alle grandi unità ma superiore ai comuni velivoli multiequipaggio"
"data skimmer","sonda di raccolta dati","sorveglianza e missioni","tradurre","Dispositivo clandestino che intercetta dati con una firma EM ridotta; PDC Monitor resta invariato quando la sorgente usa il nome operativo completo"
"data-drive","unità dati","archiviazione informatica","tradurre_contestuale","Supporto generico integrato nelle sonde; non confondere con il nome interattivo canonico Data Drive"
"Illegal Network Access","Accesso illegale alla rete","sicurezza informatica","tradurre","Intestazione dei contratti Hurston contro le intrusioni nella rete"
"Grim HEX","Grim HEX","luoghi e orientamento","mantenere","Nome ufficiale della stazione; conservare per mappe e guide"
"Wallace Klim","Wallace Klim","personaggi e lore","mantenere","Nome canonico del mission giver; non tradurre"
"ChemBuddy","ChemBuddy","personaggi e lore","mantenere","Alias canonico di Wallace Klim; non tradurre"
"Pickup Site","Punto di Ritiro","missioni e obiettivi","tradurre","Etichetta dell'obiettivo che indica il luogo di ritiro"
"Chemicals","Sostanze Chimiche","missioni e carico","tradurre","Materiali chimici da recuperare o consegnare"
"Tecia Pacheco","Tecia Pacheco","personaggi e lore","mantenere","Nome canonico del mission giver; non tradurre"
"Twitch","Twitch","personaggi e lore","mantenere","Alias canonico di Tecia Pacheco; non tradurre"
"Area18","Area18","luoghi e orientamento","mantenere","Nome ufficiale della città su ArcCorp; conservare per mappe e guide"
"BlacJac","BlacJac","organizzazioni e lore","mantenere","Nome canonico dell'organizzazione di sicurezza; non tradurre"
"Evidence Storage Unit","Evidence Storage Unit","missioni e orientamento","mantenere","Nome ufficiale dell'unità da raggiungere durante gli incarichi sulle prove; conservare per guide e riconoscimento sul posto"
"Evidence Inventory System","Evidence Inventory System","missioni e interfaccia","mantenere","Nome ufficiale del sistema da attivare durante gli incarichi sulle prove; conservare per guide e riconoscimento sul posto"
"Evidence Storage","Evidence Storage","missioni e orientamento","mantenere","Etichetta breve canonica del deposito delle prove; conservare per guide"
"EVIDENCE","EVIDENCE","segnaletica e missioni","mantenere","Scritta fisica sulla cassa bersaglio; conservare esattamente in maiuscolo"
"Chief of Security","capo della sicurezza","missioni e ruoli","tradurre","Ruolo generico del responsabile della sicurezza, non un nome proprio"
"Prisoner Manifest","Prisoner Manifest","missioni e orientamento","mantenere","Nome del documento da individuare e scaricare a bordo del trasporto carcerario; conservare per guide e riconoscimento sul posto"
"cryopod","capsula criogenica","tecnologia e missioni","tradurre","Capsula di stasi criogenica; al plurale usare capsule criogeniche"
"prison transport","trasporto carcerario","missioni e veicoli","tradurre","Nave impiegata per il trasferimento dei detenuti"
"Maze","Maze","sostanze e lore","mantenere","Nome canonico della sostanza stupefacente; non tradurre"
"Drop Off","Punto di Consegna","missioni e orientamento","tradurre","Marker che indica il punto presso cui consegnare il carico"
"scav","sciacallo / saccheggiare","fazioni, slang e gergo criminale","contestuale","Come sostantivo indica in modo dispregiativo un razziatore; come verbo abbreviato di scavenge significa depredare corpi o relitti"
"DEPRECIATED","DEPRECATO","testo legacy","tradurre","Marcatore sorgente errato per deprecated; tradurre senza trattarlo come token di runtime"
"Clovus Darneely","Clovus Darneely","personaggi e lore","mantenere","Nome canonico del mission giver; non tradurre"
"Reclamation & Disposal","Reclamation & Disposal","luoghi e orientamento","mantenere","Nome ufficiale della sede di Clovus Darneely; conservare per mappe e guide"
"Datachip","Datachip","oggetti e missioni","mantenere","Nome riconoscibile dell'oggetto da recuperare; conservare per marker e guide"
"Observer-Class LOS","Observer-Class LOS","modelli e missioni","mantenere","Nome canonico del modello di ripetitore; non tradurre"
"CitCon_Prototype","CitCon_Prototype","identificatori tecnici","mantenere","Identificatore visibile della missione prototipo; conservare esattamente con underscore"
"Access Panel","Pannello di Accesso","interfaccia e missioni","tradurre","Pannello fisico che consente di accedere ai sistemi del satellite"
"Server Cradle","Alloggiamento Server","informatica e missioni","tradurre","Supporto fisico che ospita una scheda o un modulo server"
"Last Radar Contact","Ultimo Contatto Radar","missioni e orientamento","tradurre","Marker dell'ultima posizione rilevata dal radar"
"data upload","caricamento dei dati","informatica e missioni","tradurre","Trasferimento di dati verso un sistema remoto"
"data rip","estrazione dei dati","informatica e missioni","tradurre","Copia o acquisizione dei dati da un dispositivo"
"Prototype Blade","Prototype Blade","oggetti e missioni","mantenere","Nome canonico del prototipo da recuperare; non tradurre e non confondere con il caccia Vanduul Blade"
"Hurston Server","Hurston Server","missioni e orientamento","mantenere","Nome del server da raggiungere per la decrittazione; conservare nei marker e nelle guide"
"Nearest Hurston Server","Nearest Hurston Server","missioni e orientamento","mantenere","Etichetta ufficiale del marker del server Hurston più vicino"
"Hurston Storage Facilities","Hurston Storage Facilities","luoghi e orientamento","mantenere","Nome della classe di strutture che ospita i server Hurston; conservare per mappe e guide"
"decryption","decrittazione","informatica e missioni","tradurre","Procedura di decodifica delle informazioni protette"
"Recco Battaglia","Recco Battaglia","personaggi e lore","mantenere","Nome canonico del mission giver; non tradurre"
"Miners Amalgamated Local Chapter 163","Miners Amalgamated Local Chapter 163","organizzazioni e lore","mantenere","Nome ufficiale completo del capitolo sindacale minerario; non tradurre"
"Miners Amalgamated Loc. 163","Miners Amalgamated Loc. 163","organizzazioni e lore","mantenere","Forma abbreviata ufficiale dell'organizzazione; conservare esattamente"
"M.A.","M.A.","organizzazioni e lore","mantenere","Abbreviazione canonica di Miners Amalgamated; conservare punti e maiuscole"
"Stronger When United","Stronger When United","organizzazioni e lore","mantenere","Motto canonico riportato nell'introduzione di Miners Amalgamated"
"Strong When United","Strong When United","organizzazioni e lore","mantenere","Variante sorgente del motto presente nelle firme di Recco Battaglia; non uniformare"
"Black Box","Scatola Nera","missioni e oggetti","tradurre","Registratore di volo da recuperare; nei marker mantenere le iniziali maiuscole"
"flight recorder","registratore di volo","veicoli e missioni","tradurre","Dispositivo che conserva i dati di volo della nave"
"Wreck Site","Luogo del Relitto","missioni e orientamento","tradurre","Marker che indica la zona del relitto da perlustrare"
"Survivor Benefits","indennità ai superstiti","organizzazioni e missioni","tradurre","Prestazioni economiche dovute ai superstiti o ai familiari"
"Rendezvous Point","Punto d'Incontro","missioni e orientamento","tradurre","Marker del punto presso cui radunarsi prima dell'operazione"
"Patrol Beacon","Segnalatore di Pattuglia","missioni e orientamento","tradurre","Segnalatore che identifica una zona o una tappa della pattuglia"
"missing crew","equipaggio disperso","missioni e soccorso","tradurre","Equipaggio di cui non è ancora stato accertato il destino"
"Cargo Recovery","Recupero del carico","missioni e logistica","tradurre","Incarico per recuperare merci da una nave o da un relitto"
"Stolen Property","Beni Rubati","missioni e logistica","tradurre","Marker dei beni sottratti da recuperare; mantenere le iniziali maiuscole nel marker"
"Stolen Cargo Recovery","Recupero del carico rubato","missioni e logistica","tradurre","Incarico per recuperare un carico sottratto ai legittimi proprietari"
"Delivery Drop Off","Punto di Consegna","missioni e orientamento","tradurre","Marker che indica la destinazione finale del carico"
"Nav Point","Nav Point","navigazione e orientamento","mantenere","Riferimento di navigazione usato nei marker, nelle mappe e nelle guide; plurale invariato"
"Combat Pay Bonus","Bonus di Combattimento","missioni e ricompense","tradurre","Compenso aggiuntivo riconosciuto in caso di scontro ostile"
"Armed Escort","Scorta armata","missioni e sicurezza","tradurre","Incarico di protezione svolto con una nave armata"
"Rendezvous","Punto d'Incontro","missioni e orientamento","tradurre","Marker o azione che indica il luogo in cui ricongiungersi"
"Miles Eckhart","Miles Eckhart","personaggi e lore","mantenere","Nome canonico del mission giver; non tradurre"
"Eckhart Security","Eckhart Security","organizzazioni e lore","mantenere","Nome ufficiale dell'organizzazione di Miles Eckhart; conservare per lore e guide"
"Escort Contract","Contratto di scorta","missioni e sicurezza","tradurre","Titolo funzionale di un incarico di protezione"
"Escort Mission","Missione di scorta","missioni e sicurezza","tradurre","Missione in cui si protegge un veicolo durante il percorso"
"Op File","Dossier operativo","missioni e contratti","tradurre","Intestazione sintetica di un fascicolo relativo a un'operazione"
"Rules of Engagement","regole d'ingaggio","combattimento e sicurezza","tradurre","Norme operative che stabiliscono quando e come è consentito impiegare la forza; evitare l'acronimo inglese ROE nel testo italiano"
"last point of contact","ultimo punto di contatto","missioni e recupero","tradurre","Ultima posizione dalla quale sono pervenuti contatti o comunicazioni"
"wreckage","relitto","missioni e recupero","tradurre","Resti di una nave distrutta; usare il singolare collettivo quando indica il sito da perlustrare"
"Content Deletion","Cancellazione dei dati","informatica e missioni","tradurre","Titolo di un incarico volto a eliminare dati compromettenti da un dispositivo"
"Wipe job","Operazione di ripulitura","informatica e missioni","tradurre","Incarico clandestino per cancellare dati o prove"
"hot zone","zona ad alto rischio","combattimento e sicurezza","tradurre","Area con elevata probabilità di contatto ostile; evitare il calco zona calda"
"Stolen Goods","Beni Rubati / merce rubata","missioni e logistica","contestuale","Usare Beni Rubati nel marker con le iniziali maiuscole; nel dialogo e nella prosa usare merce rubata in minuscolo"
"Cargo Location","Posizione del carico","missioni e orientamento","tradurre","Etichetta dell'ultima posizione nota del carico da recuperare"
"expedited service","servizio accelerato","missioni e logistica","tradurre","Esecuzione prioritaria di un incarico dietro compenso aggiuntivo"
"Missing Person","Persona scomparsa","missioni e soccorso","tradurre","Titolo di un incarico volto a rintracciare e identificare una persona scomparsa"
"Tracking Contract","Contratto di ricerca","missioni e soccorso","tradurre","Contratto per localizzare una persona scomparsa; non tradurre tracking con monitoraggio in questo contesto"
"positive identification","identificazione certa","missioni e soccorso","tradurre","Conferma inequivocabile dell'identità di una persona o dei suoi resti"
"proof of death","prova del decesso","missioni e soccorso","tradurre","Documentazione che conferma formalmente la morte della persona ricercata"
"A-game","dare il meglio","dialoghi e combattimento","tradurre","Espressione colloquiale che indica l'impiego delle proprie capacità migliori"
"Kill Target","Elimina il bersaglio","missioni e combattimento","tradurre","Obiettivo esplicito di eliminazione; preferire elimina a uccidi nell'interfaccia operativa"
"End of the line","Capolinea","missioni e contratti","tradurre","Titolo allusivo di un contratto di eliminazione"
"Hatchet job","Lavoro sporco","missioni e contratti","tradurre","Eufemismo usato da Miles per un incarico di eliminazione clandestino"
"Cargo Retrieval","Recupero del carico","missioni e logistica","tradurre","Contratto per recuperare un carico da una nave o da un relitto"
"Secure Cargo","Metti in sicurezza il carico","missioni e logistica","tradurre","Titolo imperativo che richiede di recuperare e proteggere un carico"
"Cargo Salvage","Recupero del carico","missioni e logistica","tradurre","Recupero di merce trasportata da una nave distrutta"
"timed delivery","consegna con limite di tempo","missioni e logistica","tradurre","Consegna che deve essere completata entro una scadenza operativa"
"Cargo pickup","Ritiro del carico","missioni e logistica","tradurre","Recupero di un carico da una posizione indicata"
"Collection job","Incarico di recupero","missioni e logistica","tradurre","Incarico per prelevare e consegnare beni; evitare il calco lavoro di raccolta"
"spacewalk","passeggiata nello spazio","dialoghi e attività extraveicolare","tradurre","Espressione colloquiale di Miles per un'uscita extraveicolare"
"Courier Op","Incarico da corriere","missioni e logistica","tradurre","Titolo sintetico di un contratto di consegna"
"rush delivery","consegna urgente","missioni e logistica","tradurre","Consegna da completare con la massima rapidità"
"concussive emitters","sorgenti di onde d'urto","carico e sicurezza","tradurre","Sorgenti da cui proteggere merci sensibili agli urti o alle vibrazioni"
"Hostile Sweep","Bonifica di forze ostili","missioni e combattimento","tradurre","Contratto per pattugliare più punti ed eliminare le presenze ostili"
"Sweep and Clear","Perlustra e bonifica","missioni e combattimento","tradurre","Titolo imperativo di una bonifica armata"
"Sector Sweep","Bonifica del settore","missioni e combattimento","tradurre","Perlustrazione sistematica di un settore con eliminazione degli ostili"
"Staged Op","Operazione a fasi","missioni e combattimento","tradurre","Operazione articolata in più punti o fasi successive"
"Combat Assist","Supporto al combattimento","missioni e combattimento","tradurre","Incarico di assistenza armata a un'organizzazione alleata"
"Arlington Gang","Arlington Gang","organizzazioni e lore","mantenere","Nome canonico della banda di ladri di navi; conservare per lore, missioni e guide"
"Les Arlington","Les Arlington","personaggi e lore","mantenere","Membro canonico dell'Arlington Gang; non tradurre"
"Nicks Cantwell","Nicks Cantwell","personaggi e lore","mantenere","Membro canonico dell'Arlington Gang; conservare Nicks con la s finale"
"Sam ‘Weepy’ Arlington","Sam ‘Weepy’ Arlington","personaggi e lore","mantenere","Nome e soprannome canonici del membro dell'Arlington Gang; correggere in questa forma l'errore Cantwell presente in un sotto-obiettivo sorgente"
"Oslo Arlington","Oslo Arlington","personaggi e lore","mantenere","Membro canonico dell'Arlington Gang; non aggiungere trattini"
"Kass Dent","Kass Dent","personaggi e lore","mantenere","Membro canonico dell'Arlington Gang; non tradurre"
"Maltrox Arlington","Maltrox Arlington","personaggi e lore","mantenere","Capo canonico dell'Arlington Gang; non tradurre"
"R&R","R&R","luoghi e orientamento","mantenere","Denominazione canonica delle stazioni Rest & Relax; conservare per mappe e guide"
"Covalex","Covalex","organizzazioni e lore","mantenere","Nome canonico della società di spedizioni; non tradurre"
"Combat Rating","Valutazione di combattimento","missioni e punteggio","tradurre","Punteggio dell'efficacia in combattimento del giocatore o della squadra"
"Need a pick up","Serve un ritiro","missioni e logistica","tradurre","Titolo colloquiale di Miles per un incarico di prelievo"
"Grab Stuff","Prendi la Merce","missioni e logistica","tradurre","Obiettivo breve e volutamente colloquiale; mantenere le iniziali maiuscole nel marker"
"Deliver Goods","Consegna la Merce","missioni e logistica","tradurre","Obiettivo breve della fase finale di un trasporto clandestino"
"hitters","sicari","dialoghi criminali","tradurre","Uomini armati incaricati di intervenire con violenza"
"stocked and locked","ben equipaggiato e pronto a sparare","dialoghi e combattimento","tradurre","Espressione colloquiale che invita a preparare armi e munizioni"
"ASAP","il prima possibile","missioni e urgenze","tradurre","Acronimo inglese da sciogliere in prosa italiana"
"heavies","tipi ben armati","dialoghi criminali","tradurre","Uomini pericolosi e pesantemente armati presenti nell'area"
"loose ends","testimoni o questioni irrisolte","dialoghi criminali","contestuale","Nel contesto violento di Miles indica persone da non lasciare in vita; altrove può indicare questioni ancora aperte"
"Ruto","Ruto","personaggi e lore","mantenere","Nome canonico del mission giver di Grim HEX; non tradurre"
"Technotic","Technotic","luoghi e orientamento","mantenere","Nome ufficiale del negozio di tecnologia di Grim HEX in cui opera Ruto; conservare per mappe e guide"
"Imperator Costigan","Imperator Costigan","personaggi e lore","mantenere","Identità canonica usata come mittente; conservare titolo e nome"
"The Grand Imperator","The Grand Imperator","personaggi e lore","mantenere","Identità satirica usata nei messaggi di Ruto; conservare esattamente"
"Imperator Corruption","Imperator Corruption","personaggi e lore","mantenere","Identità satirica usata nei messaggi di Ruto; conservare esattamente"
"mutually beneficial arrangement","accordo vantaggioso per entrambi","dialoghi e contratti","tradurre","Formula di Ruto per proporre una collaborazione di reciproco interesse"
"face to face","faccia a faccia","dialoghi e incontri","tradurre","Incontro diretto tra il giocatore e un contatto"
"trigger color","colore che lo fa scattare","dialoghi","tradurre","Colore che provoca una reazione violenta nel guardiano di Technotic"
"October Rising","October Rising","veicoli e lore","mantenere","Nome canonico della nave usata dai Nine Tails come macelleria mobile; conservare per missioni e guide"
"Nine Tails Crate","Cassa dei Nine Tails","missioni e oggetti","tradurre","Marker della cassa speciale da recuperare a bordo dell'October Rising"
"Last Known Location","Ultima Posizione Nota","missioni e orientamento","tradurre","Marker dell'ultima posizione conosciuta di una nave o di un bersaglio"
"Breach and Steal","Fai irruzione e ruba","missioni criminali","tradurre","Titolo imperativo dell'incarico di abbordaggio e furto sull'October Rising"
"underground organ trade","commercio clandestino di organi","lore criminale","tradurre","Traffico illegale di organi gestito come attività secondaria dai Nine Tails"
"Klescher Rehabilitation Facilities","Klescher Rehabilitation Facilities","luoghi e lore","mantenere","Nome ufficiale della struttura detentiva; conservare per mappe, missioni e guide"
"Klescher Datachip","Klescher Datachip","oggetti e missioni","mantenere","Nome canonico dell'oggetto di missione da recuperare durante l'evasione"
"Hurston Security","Hurston Security","organizzazioni e lore","mantenere","Nome ufficiale della forza di sicurezza Hurston; non tradurre"
"Escape Tunnel","Tunnel di Fuga","missioni e orientamento","tradurre","Marker del tunnel usato per evadere da Klescher; mantenere le iniziali maiuscole nel marker"
"quid pro quo","do ut des","dialoghi e contratti","tradurre","Scambio di favori reciprocamente vantaggioso"
"clear your crimestat","cancellare il tuo livello criminale","legalità e missioni","tradurre","Rimozione promessa da Ruto del livello criminale del giocatore"
"automated vault","caveau automatizzato","strutture e missioni","tradurre","Caveau della struttura dal quale recuperare casse mediante codici di prelievo"
"retrieval code","codice di prelievo","strutture e missioni","tradurre","Codice conservato su una Tavoletta dati e usato per richiamare una cassa dal caveau"
"package conveyor","nastro trasportatore dei pacchi","strutture e missioni","tradurre","Sistema che trasferisce dal caveau la cassa selezionata"
"consignment","partita di merce","logistica e missioni","tradurre","Gruppo di materiali spediti e registrati insieme"
"Get the goods","Recupera la merce","missioni criminali","tradurre","Titolo imperativo dell'incarico per sottrarre materiale riservato"
"hostile takeover","Presa ostile","missioni criminali","tradurre","Acquisizione violenta di una struttura o attività rivale"
"out of stock","Esaurito","missioni e sabotaggio","tradurre","Titolo ironico di un incarico volto a distruggere tutte le scorte illegali"
"inventory clear out","Svuota il magazzino","missioni e sabotaggio","tradurre","Titolo imperativo di un incarico per eliminare le scorte di un concorrente"
"civies","civili","dialoghi e missioni","tradurre","Forma colloquiale per i lavoratori non armati presenti in una struttura"
"goons","tirapiedi","dialoghi criminali","tradurre","Guardie o scagnozzi armati al servizio di una banda o società"
"Grab and go","Prendi e scappa","missioni criminali","tradurre","Titolo colloquiale di un furto con uscita immediata"
"advocacy-wannabes","aspiranti agenti dell'Advocacy","dialoghi criminali","tradurre","Definizione sprezzante usata da Ruto per le pattuglie di sicurezza"
"sec-jobs","tipi della sicurezza","dialoghi criminali","tradurre","Insulto colloquiale rivolto agli addetti alla sicurezza"
"corporate guns","mercenari aziendali","dialoghi criminali","tradurre","Forze armate private al servizio di una società"
"cleaning house","Pulizie di casa","missioni criminali","tradurre","Titolo ironico di un incarico di eliminazione delle pattuglie"
"all clear","Via libera / tutto tranquillo","missioni e sicurezza","contestuale","Via libera nei titoli e quando si comunica la cessazione del pericolo; tutto tranquillo quando si descrive lo stato dell'area"
"corpsicle","ghiacciolo cadaverico","dialoghi criminali","tradurre","Macabro neologismo di Ruto per un cadavere, spesso esposto al vuoto"
"Locate Corpse","Localizza il Cadavere","missioni e ricerca","tradurre","Obiettivo breve per trovare il corpo da identificare"
"tag and bag","Identifica e insacca","missioni e dialoghi criminali","tradurre","Espressione macabra per identificare e mettere in un sacco un cadavere"
"dead man's shoes","Le scarpe del morto","missioni e dialoghi criminali","tradurre","Titolo allusivo di un incarico di conferma del decesso"
"touching void","aver abbracciato il vuoto","lore e dialoghi criminali","tradurre","Eufemismo di ambientazione per indicare che qualcuno è morto"
"put out a hit","mettere una taglia sulla testa","dialoghi criminali","tradurre","Commissionare l'eliminazione di una persona"
"Locate Target","Localizza il Bersaglio","missioni e combattimento","tradurre","Obiettivo breve per trovare il bersaglio assegnato"
"Eliminate Target","Elimina il Bersaglio","missioni e combattimento","tradurre","Obiettivo breve per neutralizzare definitivamente il bersaglio"
"empty casket","Bara vuota","missioni e dialoghi criminali","tradurre","Titolo macabro di un contratto di eliminazione"
"permanent lesson","Lezione permanente","missioni e dialoghi criminali","tradurre","Eufemismo di Ruto per un'eliminazione definitiva"
"box pull","Prelievo della scatola nera","missioni e recupero","tradurre","Titolo colloquiale di Ruto per il recupero di una scatola nera"
"box runner","Corriere della scatola nera","missioni e recupero","tradurre","Incarico per recuperare e trasportare una scatola nera"
"data wipe","Cancellazione dei dati","informatica e missioni","tradurre","Eliminazione delle registrazioni compromettenti contenute in un dispositivo"
"damn evidence","Maledette prove","missioni e dialoghi criminali","tradurre","Titolo sprezzante di un incarico volto a far sparire prove"
"Hack Site","Sito dell'Intrusione","missioni e orientamento","tradurre","Marker del luogo in cui violare o disattivare una Comm Array"
"Disable Uplink","Disattiva l'Uplink","interfaccia e comunicazioni","tradurre","Obiettivo operativo che mantiene Uplink come identificatore dell'interfaccia"
"Comm Down","Comunicazioni interrotte","missioni e comunicazioni","tradurre","Titolo sintetico di un sabotaggio alle comunicazioni"
"Cover Needed","Serve copertura","missioni e comunicazioni","tradurre","Titolo di un incarico volto a oscurare le attività di un gruppo"
"Array Hack","Intrusione nella Comm Array","missioni e comunicazioni","tradurre","Violazione dei sistemi di una Comm Array per disattivarla"
"Service Interrupt","Interruzione del servizio","missioni e comunicazioni","tradurre","Sospensione intenzionale del servizio di comunicazioni"
"'duul","'duul","popoli e lore","mantenere","Forma gergale canonica per i Vanduul; conservare apostrofo e minuscole"
"Ivar Messer","Ivar Messer","personaggi e lore","mantenere","Nome canonico dell'Imperator della dinastia Messer; correggere il refuso Messar presente nella sorgente"
"spec","Spectrum","comunicazioni e lore","tradurre_nome_prodotto","Forma colloquiale abbreviata con cui Ruto indica Spectrum; espandere al nome canonico"
"backdoor","accesso nascosto","informatica e sicurezza","tradurre","Accesso non autorizzato predisposto per modificare i fascicoli penali"
"Create Distraction","Crea un Diversivo","missioni e combattimento","tradurre","Obiettivo breve per attirare e trattenere le forze di sicurezza"
"unleash the beast","Scatena la bestia","missioni e dialoghi criminali","tradurre","Titolo che invita il giocatore a provocare il massimo caos"
"all eyes on you","Tutti gli occhi su di te","missioni e dialoghi criminali","tradurre","Titolo del diversivo che concentra sul giocatore l'attenzione della sicurezza"
"Piggyback","Piggyback","oggetti e missioni","mantenere","Nome canonico del dispositivo d'ascolto da installare; conservare nei marker e nelle guide"
"tap","cimice / spina","sorveglianza, missioni e bar","contestuale","Cimice quando indica un dispositivo clandestino d'intercettazione; spina quando indica l'impianto per servire la birra"
"listening device","dispositivo d'ascolto","sorveglianza e missioni","tradurre","Apparecchio impiegato per intercettare le comunicazioni vicine"
"Deploy Site","Sito di Installazione","missioni e orientamento","tradurre","Marker del punto in cui collocare e attivare un dispositivo"
"Benson Mining Outpost","Benson Mining Outpost","luoghi e orientamento","mantenere","Nome ufficiale dell'avamposto minerario; conservare per mappe e guide"
"battery run","Consegna della batteria","missioni e manutenzione","tradurre","Incarico per trasportare una batteria sostitutiva a un avamposto"
"power outage","Interruzione dell'alimentazione","energia e manutenzione","tradurre","Perdita completa di alimentazione elettrica presso una struttura"
"replacement battery","Batteria sostitutiva","energia e manutenzione","tradurre","Batteria usata per ripristinare l'alimentazione di un avamposto"
"Repair Site","Sito di Riparazione","missioni e orientamento","tradurre","Marker della struttura presso cui effettuare la riparazione"
"Restore Power","Ripristina l'Alimentazione","missioni e manutenzione","tradurre","Obiettivo breve per riattivare l'energia di una struttura"
"outpost offline","Avamposto fuori servizio","missioni e manutenzione","tradurre","Titolo di un incarico per ripristinare un avamposto privo di alimentazione"
"space boost","Furto nello spazio","missioni criminali","tradurre","Titolo colloquiale di un recupero illegale da un relitto"
"wreck diving","Immersione nel relitto","missioni e recupero","tradurre","Esplorazione di un relitto per recuperare carico o dispositivi"
"package run","Consegna del pacco","missioni e logistica","tradurre","Trasporto rapido di un pacco recuperato"
"pick up drop off","Ritiro e consegna","missioni e logistica","tradurre","Titolo sintetico che riassume le due fasi dell'incarico"
"sharpish","piuttosto in fretta","dialoghi e urgenze","tradurre","Avverbio colloquiale che richiede rapidità senza registro formale"
"Needles","Needles","personaggi e lore","mantenere","Soprannome canonico di un contatto criminale di Ruto; non tradurre"
"Little Mop","Little Mop","personaggi e lore","mantenere","Soprannome canonico di un contatto criminale di Ruto; non tradurre"
"Knuckles Mackleroy","Knuckles Mackleroy","personaggi e lore","mantenere","Nome canonico di un contatto criminale di Ruto; non tradurre"
"Clip Wilson","Clip Wilson","personaggi e lore","mantenere","Nome canonico di un contatto criminale di Ruto; non tradurre"
"Tee-Cee","Tee-Cee","personaggi e lore","mantenere","Nome canonico di un contatto criminale di Ruto; conservare il trattino"
"Old38","Old38","luoghi e orientamento","mantenere","Nome canonico del locale citato da Ruto; conservare per lore e guide"
"smash and grab","Spacca e arraffa","missioni criminali","tradurre","Furto rapido e violento dopo aver distrutto le difese"
"boost job","Incarico di furto","missioni criminali","tradurre","Lavoro commissionato per sottrarre nave o carico"
"spaceway robbery","Rapina spaziale","missioni criminali","tradurre","Gioco di parole su una rapina compiuta lungo una rotta spaziale"
"off-world","fuori dal pianeta","missioni e trasporti","tradurre","Destinazione generica esterna al mondo dal quale si ritirano merci o resti"
"Collection Site","Sito di Raccolta","missioni e orientamento","tradurre","Marker del punto in cui raccogliere casse o resti"
"Collect Remains","Raccogli i Resti","missioni criminali","tradurre","Obiettivo breve per prelevare tutte le casse contenenti resti umani"
"Dump Remains","Sbarazzati dei Resti","missioni criminali","tradurre","Obiettivo breve per smaltire resti umani fuori dal pianeta"
"personnel change","Cambio di personale","missioni e dialoghi criminali","tradurre","Titolo eufemistico per la rimozione violenta di un responsabile"
"early retirement","Pensionamento anticipato","missioni e dialoghi criminali","tradurre","Eufemismo macabro per la morte anticipata di un bersaglio"
"one last trip","Un ultimo viaggio","missioni e dialoghi criminali","tradurre","Titolo dello smaltimento fuori dal pianeta di resti umani"
"rest in peace","Riposa in pace","missioni e dialoghi criminali","tradurre","Formula funebre usata ironicamente come titolo da Ruto"
"drug run","trasporto di droga","missioni criminali","tradurre","Consegna clandestina di sostanze illegali"
"smuggler wanted","Cercasi contrabbandiere","missioni criminali","tradurre","Titolo di un incarico che richiede un corriere per merce illegale"
"party favors","divertimenti","dialoghi criminali","tradurre","Eufemismo di Ruto per sostanze destinate a feste"
"delivery needed","Serve una consegna","missioni e logistica","tradurre","Titolo sintetico che segnala la necessità di un corriere"
"nicked","rubato","dialoghi criminali","tradurre","Forma colloquiale britannica per qualcosa sottratto illegalmente"
"need something nicked","Serve rubare qualcosa","missioni criminali","tradurre","Titolo colloquiale di un incarico di furto"
"quick run","Consegna rapida","missioni e logistica","tradurre","Titolo di un trasporto da completare in tempi brevi"
"prime opportunity","Occasione d'oro","missioni e dialoghi","tradurre","Opportunità particolarmente vantaggiosa proposta da Ruto"
"Collect Waste","Raccogli i Rifiuti","missioni e smaltimento","tradurre","Obiettivo breve per prelevare tutto il materiale di scarto"
"Remove Waste","Rimuovi i Rifiuti","missioni e smaltimento","tradurre","Obiettivo breve per portare i rifiuti fuori dal sito"
"crap toss","Butta la porcheria","missioni e dialoghi criminali","tradurre","Titolo volutamente rozzo di un incarico di smaltimento"
"bio-waste dump","Smaltimento di rifiuti biologici","missioni e smaltimento","tradurre","Rimozione e scarico fuori dal pianeta di rifiuti biologici"
"disposal","Smaltimento","missioni e smaltimento","tradurre","Titolo generico per la rimozione definitiva di materiali indesiderati"
"Lieutenant Riegert","tenente Riegert","personaggi e dialoghi","mantenere_nome","Nome proprio canonico; tradurre soltanto il grado e conservarne la maiuscola secondo la sintassi italiana"
"security kiosk","chiosco di sicurezza","missioni e sicurezza","tradurre","Punto autorizzato per la consegna di merce confiscata"
"contraband","merce di contrabbando","missioni e legalità","tradurre","Forma preferita per beni e pacchi illegali nei testi operativi"
"criminal cabal","combriccola criminale","dialoghi criminali","tradurre","Resa colloquiale usata da Ruto per la propria rete di contatti"
"hustler","faccendiere","dialoghi criminali","tradurre","Appellativo scherzoso di Ruto per un operatore intraprendente"
"on the up and up","per vie legali","dialoghi criminali","tradurre","Espressione colloquiale riferita alla procedura lecita"
"mark","bersaglio","dialoghi criminali","tradurre","Gergo per la persona designata come obiettivo di un'eliminazione"
"price on your head","taglia sulla testa","dialoghi e legalità","tradurre","Espressione colloquiale per una taglia attiva"
"coordinated blackout","oscuramento coordinato","missioni e sabotaggio","tradurre","Disattivazione sincronizzata di un ripetitore di comunicazioni"
"heavy hitter","professionista di peso","dialoghi e missioni","tradurre","Operativo molto capace richiesto per un incarico difficile"
"off the books","fuori registro","dialoghi e contrabbando","tradurre","Operazione priva di registrazioni ufficiali"
"boost the stuff","rubare la roba","dialoghi criminali","tradurre","Gergo usato da Ruto per sottrarre un carico"
"EOC","EOC","dialoghi di Ruto","mantenere","Sigla non esplicitata nel testo originale e non attestata nelle fonti consultate; conservarla senza inventarne l'espansione"
"clearance rate","tasso di completamento","incarichi e reputazione","tradurre","Percentuale degli incarichi portati a termine con successo"
"dig site claim","concessione per un sito minerario","estrazione mineraria","tradurre","Diritto operativo su un sito di estrazione"
"firejuice","liquore di fuoco","bevande e dialoghi","tradurre","Nome comune e colloquiale usato da Recco per un alcolico forte"
"good strike","buon filone","estrazione mineraria","tradurre","Scoperta mineraria redditizia nel parlato di Recco"
"Nisces","Nisces","lore e riferimenti culturali","mantenere","Nome proprio citato da Clovus Darneely; conservarlo perché il riferimento non è esplicitato nel testo di gioco"
"salvage site","sito di recupero","recupero dei relitti","tradurre","Area in cui si trovano relitti o materiali recuperabili"
"forceful collection","recupero forzoso","dialoghi e recupero","tradurre","Eufemismo di Clovus per la sottrazione di materiali con la forza"
"Sisyphus","Sisifo","riferimenti mitologici","tradurre_nome_convenzionale","Forma italiana tradizionale del personaggio mitologico; non è un nome di luogo del gioco"
"Icarus","Icaro","riferimenti mitologici","tradurre_nome_convenzionale","Forma italiana tradizionale del personaggio mitologico; distinta dalla stazione canonica Icarus-One"
"Porthos","Porthos","riferimenti letterari","mantenere","Nome del personaggio letterario, invariato in italiano"
"Constantine Hurston","Constantine Hurston","personaggi e lore","mantenere","Nome proprio canonico del mission giver di Hurston Dynamics; non tradurre"
"Junior Outsourcing Agent","agente junior per gli appalti esterni","ruoli aziendali","tradurre","Titolo professionale di Constantine Hurston"
"contracting file","pratica di appaltatore","appalti e amministrazione","tradurre","Fascicolo aziendale relativo allo stato del contraente"
"sub-premium contractor","appaltatore non privilegiato","appalti e reputazione","tradurre","Categoria inferiore evocata con tono sprezzante da Constantine"
"Head Office","Sede Centrale","amministrazione aziendale","tradurre","Sede direttiva di Hurston Dynamics nei dialoghi di Constantine"
"Corporate","Direzione","amministrazione aziendale","tradurre","Dirigenza centrale di Hurston Dynamics quando usata come soggetto collettivo"
"VIP","personalità di rilievo","incarichi di trasporto","tradurre","Persona importante da trasportare o proteggere; evitare l'acronimo inglese nel testo comune"
"Restricted","Riservato","appalti e autorizzazioni","tradurre","Classificazione di un contratto con accesso limitato"
"Archibald Hurston","Archibald Hurston","personaggi e lore","mantenere","Nome proprio canonico della famiglia Hurston; non tradurre"
"Transfers","Transfers","luoghi e orientamento","mantenere","Riferimento breve all'area del Transfers Commodity Exchange; conservare per mappe e guide"
"performance review","valutazione delle prestazioni","appalti e reputazione","tradurre","Valutazione aziendale registrata da Constantine dopo un incarico"
"mark of excellence","nota di eccellenza","appalti e reputazione","tradurre","Annotazione positiva nel fascicolo aziendale"
"Hurston Transfers","Hurston Transfers","organizzazioni e orientamento","mantenere","Formula breve usata nelle chiamate dell'ufficio trasferimenti Hurston; conservarla per riconoscibilità"
"Hurston Dynamics Transfers","Hurston Dynamics Transfers","organizzazioni e orientamento","mantenere","Denominazione estesa dell'ufficio trasferimenti nelle comunicazioni di Constantine"
"Michael Shaw","Michael Shaw","personaggi e lore","mantenere","Nome proprio canonico del contatto che contrabbanda beni per i lavoratori di Hurston; non tradurre"
"hauling tech","tecnologia di trasporto","logistica e dialoghi","tradurre","Tecnologia sviluppata per il trasporto di merci"
"Eddie Parr","Eddie Parr","personaggi e lore","mantenere","Nome proprio canonico del contatto di Michael Shaw su microTech; non tradurre"
"microTech","microTech","pianeti e aziende","mantenere","Nome canonico del pianeta e della società; rispettare la grafia con iniziale minuscola e T maiuscola"
"Otonis","Otonis","organizzazioni e lore","mantenere","Nome proprio canonico del sindacato citato da Michael Shaw; non tradurre"
"slick","furbo","dialoghi di Miles Eckhart","tradurre","Appellativo colloquiale, talvolta sarcastico, rivolto da Miles al giocatore"
"strongarm work","lavoro che richiede le maniere forti","dialoghi e incarichi","tradurre","Incarico basato su intimidazione o violenza"
"cut-rate outfit","società di quarta categoria","dialoghi e sicurezza","tradurre","Organizzazione economica e poco affidabile nel parlato di Miles"
"forced extraction","estrazione forzata","missioni di soccorso","tradurre","Liberazione armata di una persona trattenuta contro la propria volontà"
"High Value Target","bersaglio di alto valore","combattimento e taglie","tradurre","Bersaglio prioritario con rilevanza operativa elevata"
"bagman","corriere","dialoghi criminali e logistica","tradurre","Intermediario incaricato di eseguire materialmente uno scambio"
"dead drop","punto di scambio clandestino","contrabbando e logistica","tradurre","Luogo nascosto usato per depositare o ritirare merce senza incontro diretto"
"Casell","Casell","luoghi e lore","mantenere","Nome proprio canonico citato da Miles Eckhart; conservarlo per coerenza con mappe e lore"
"mobi","mobiGlas","dialoghi e interfaccia","normalizzare","Forma abbreviata colloquiale ricondotta al nome canonico del dispositivo"
"Luca Brunt","Luca Brunt","personaggi e lore","mantenere","Nome proprio canonico dell'allibratore legato alle gare; non tradurre"
"run the book","gestire le scommesse","gare e scommesse","tradurre","Gestione delle puntate e delle quote su una competizione"
"betting spread","quote delle scommesse","gare e scommesse","tradurre","Quadro delle quote determinato dopo l'iscrizione dei piloti"
"RamtonRoll","RamtonRoll","gare e lore","mantenere","Nome canonico di una manovra con esito truccato; non tradurre"
"cover the spread","far quadrare le quote","gare e scommesse","tradurre","Ottenere il piazzamento necessario affinché le quote risultino favorevoli all'allibratore"
"vig","commissione","gare e scommesse","tradurre","Margine o quota trattenuta dall'allibratore sulle puntate"
"posito","posito","dialoghi di Wallace Klim","mantenere","Appellativo idiosincratico usato da Wallace; conservarlo perché privo di equivalente attestato"
"Kel-To Rx","Kel-To Rx","sanità e lore","mantenere","Nome canonico della catena di cliniche e farmacie; conservarne grafia e maiuscole"
"hydro-froz","hydro-froz","consumabili e lore","mantenere","Nome commerciale canonico della bevanda ghiacciata venduta da Kel-To"
"self-check in terminal","terminale di accettazione automatica","sanità e interfaccia","tradurre","Postazione che consente al paziente di registrarsi autonomamente"
"Med Tech","personale sanitario","sanità e dialoghi","tradurre","Ruolo clinico reso in forma collettiva quando il genere dell'operatore non è specificato"
"Lab 2","Lab 2","luoghi e orientamento","mantenere","Identificatore visibile di un ambiente ospedaliero; conservarlo per orientamento e coerenza con la segnaletica"
"RN Ashcroft","RN Ashcroft","personaggi e lore","mantenere","Identificatore completo usato nella chiamata ospedaliera; evita di attribuire un genere non attestato"
"Lorville Landing Services","Servizi di Atterraggio di Lorville","volo e servizi","tradurre","Denominazione funzionale resa in italiano mantenendo Lorville come nome canonico e le maiuscole da nome del servizio"
"landing assignment","postazione di atterraggio assegnata","volo e infrastrutture","tradurre","Spazio indicato dal controllo del traffico per l'atterraggio del veicolo"
"flight lane","corridoio di volo","volo e sicurezza","tradurre","Corridoio attivo riservato al traffico dei veicoli"
"Resource Manager","responsabile delle risorse","Hurston e occupazione","tradurre","Ruolo aziendale incaricato di promuovere le opportunità di lavoro Hurston"
"Traffic Safety Bureau","Traffic Safety Bureau","organizzazioni e lore","mantenere","Nome proprio canonico dell'ente che definisce i protocolli di sicurezza del traffico"
"No Fly Zone","No Fly Zone","volo e orientamento","mantenere","Termine operativo riconoscibile nelle guide e abbreviato NFZ nelle chiavi di gioco"
"Carver's Ridge","Carver's Ridge","luoghi e orientamento","mantenere","Nome canonico dell'avamposto di Pyro III; preservare apostrofo e maiuscole per mappe e guide"
"Carvers Ridge","Carver's Ridge","luoghi e orientamento","mantenere","Variante errata priva di apostrofo presente in alcuni titoli; normalizzare al nome canonico"
"The Golden Riviera","The Golden Riviera","luoghi e orientamento","mantenere","Nome canonico dell'avamposto di Pyro III; preservare articolo e maiuscole per mappe e guide"
"Eslin Macken","Eslin Macken","personaggi e lore","mantenere","Nome canonico del responsabile del traffico di ORIGIN-1 a Levski"
"ORIGIN-1","ORIGIN-1","luoghi e orientamento","mantenere","Nome canonico della zona di atterraggio di Levski gestita da Eslin Macken"
"Council","Consiglio","Levski e istituzioni","tradurre","Organo decisionale citato da Eslin; tradurre quando usato come nome istituzionale generico"
"Lora Macken","Lora Macken","personaggi e lore","mantenere","Nome canonico della responsabile di Liberty Maintenance; corregge il Laura presente in alcune battute sorgente"
"Liberty Maintenance","Liberty Maintenance","servizi e lore","mantenere","Nome canonico del servizio di manutenzione di Levski; nel parlato Eslin lo abbrevia in Liberty"
"Garage 1","Garage 1","luoghi e orientamento","mantenere","Le autorimesse numerate di Levski sono destinazioni specifiche; preservare Garage e il numero nelle indicazioni"
"occupado","occupado","dialoghi di Eslin Macken","mantenere","Pseudo-spagnolismo scherzoso usato da Eslin; conservarlo per caratterizzarne la parlata"
"Mercy Hospital","Mercy Hospital","luoghi e lore","mantenere","Nome canonico dell'ospedale comunitario di Levski; Mercy è la forma breve usata dal personale"
"RTA","RTA","sanità e procedure","mantenere","Sigla clinica non espansa nella sorgente; conservarla per evitare un'interpretazione non attestata"
"Code 171","Code 171","sanità e procedure","mantenere","Codice d'emergenza interno del Mercy; conservarne parola, numero e maiuscole"
"OR 3","OR 3","luoghi e orientamento","mantenere","Identificatore della sala operatoria citata negli annunci del Mercy"
"Emergency Bay C","Emergency Bay C","luoghi e orientamento","mantenere","Identificatore dell'area d'emergenza; conservarlo per coerenza con segnaletica e guide"
"Local 163","Local 163","organizzazioni e lore","mantenere","Forma breve usata nel parlato per il capitolo locale di Miners Amalgamated"
"Maria Pure of Heart Hospital","Maria Pure of Heart Hospital","luoghi e lore","mantenere","Nome canonico dell'ospedale Hurston di Lorville; conservarlo per segnaletica, mappe e guide"
"Dynamics of a Mindful Life","Dynamics of a Mindful Life","opere e lore","mantenere","Titolo canonico dell'opera attribuita a Maria Hurston; le citazioni contenute vengono tradotte"
"medical exemption form","modulo autorizzato di esenzione medica","sanità e occupazione","tradurre","Documento Hurston richiesto per dimostrare l'impossibilità di svolgere le proprie mansioni"
"Leave a lasting imprint","lascia un'impronta duratura","sanità e propaganda","tradurre","Slogan Hurston che gioca sull'impronta biologica usata nella rigenerazione"
"Too Many Stims Slows You Down","troppi stimolanti ti rallentano","sanità e propaganda","tradurre","Slogan aziendale contro l'abuso di stimolanti"
"Aster Remmington","Aster Remmington","personaggi e lore","mantenere","Nome completo canonico del rappresentante microTech soprannominato Remy"
"Remy","Remy","personaggi e lore","mantenere","Nome proprio ricorrente; può indicare Aster Remmington oppure il luogotenente dei Nine Tails Remy Kettle, secondo il contesto"
"regen crisis","crisi della rigenerazione","eventi e sanità","tradurre","Crisi di approvvigionamento legata alle risorse necessarie alla rigenerazione"
"resource collection contract","contratto di raccolta risorse","missioni e logistica","tradurre","Incarico microTech per reperire e consegnare risorse essenziali"
"closure percentage","percentuale di completamento","missioni e metriche","tradurre","Indicatore aziendale della quota di contratti portati a termine"
"key metrics","indicatori fondamentali","aziende e metriche","tradurre","Parametri prestazionali usati da microTech per valutare l'andamento dell'evento"
"deactivated contractor","collaboratore disattivato","aziende e contratti","tradurre","Collaboratore escluso dall'assegnazione di nuovi incarichi aziendali"
"collection bounty","taglia per il recupero","sicurezza e proprietà","tradurre","Taglia emessa per recuperare proprietà aziendali non restituite"
"warrant for its return","mandato per il recupero","sicurezza e proprietà","tradurre","Mandato emesso per ottenere la restituzione di beni aziendali"
"probationary basis","regime di prova","aziende e contratti","tradurre","Condizione temporanea concessa a un collaboratore dopo una serie di insuccessi"
"contractor of the month","premio mensile destinato ai collaboratori","aziende e riconoscimenti","tradurre","Riconoscimento microTech per prestazioni contrattuali eccezionali, reso senza attribuire genere al giocatore"
"recorded for quality reasons","registrata per finalità di controllo qualità","comunicazioni aziendali","tradurre","Clausola standard che informa della possibile registrazione della comunicazione"
"requisition request","richiesta di approvvigionamento","aziende e logistica","tradurre","Richiesta interna per reperire materiali o risorse necessarie"
"Preventative Facilitator","Facilitazione Preventiva","aziende e sicurezza","adattare","Eufemismo microTech per un incarico di scorta; reso come nome astratto per evitare genere e conservare il tono aziendale"
"delivery window","finestra di consegna","logistica e missioni","tradurre","Intervallo temporale entro cui una spedizione deve arrivare a destinazione"
"flagged profile","profilo segnalato","aziende e contratti","tradurre","Profilo contrattuale sottoposto a limitazioni nel sistema microTech"
"independent operator","operatore indipendente","aziende e contratti","tradurre","Professionista esterno che accetta incarichi per conto di microTech"
"corporate ethos","valori aziendali","aziende e reputazione","tradurre","Principi dichiarati con cui microTech confronta la reputazione dei collaboratori"
"power reset","riavvio forzato","assistenza tecnica","tradurre","Spegnimento e riaccensione completa del mobiGlas per risolvere malfunzionamenti"
"self-help terminal","terminale di servizio automatico","interfaccia e servizi","tradurre","Terminale che consente all'utente di svolgere autonomamente le operazioni"
"Second Life initiative","Second Life initiative","eventi e lore","mantenere","Nome canonico dell'iniziativa imperiale di Addison; preservare grafia e maiuscole per lore, guide e ricerca"
"Second Life Resource Drive","Second Life Resource Drive","eventi e lore","mantenere","Nome canonico della sezione del Diario e della campagna competitiva collegata alla Second Life initiative"
"Resource Drive","Resource Drive","eventi e missioni","mantenere","Nome breve della campagna; nei titoli in maiuscolo conservare RESOURCE DRIVE come nella sorgente"
"Contractor Liaison Officer","Responsabile dei rapporti con i collaboratori","aziende e contratti","tradurre","Qualifica usata nelle firme dei rappresentanti aziendali; forma inclusiva e coerente con le comunicazioni già approvate"
"heavy-duty tractor beam","raggio traente per carichi pesanti","carico e logistica","tradurre","Raggio traente adatto alla movimentazione dei grandi contenitori previsti dai contratti di trasporto"
"Marques","Marques","personaggi e lore","mantenere","Nome della rappresentante di MT Protection Services che segue i contratti di sicurezza microTech"
"MT Protection Services","MT Protection Services","organizzazioni e lore","mantenere","Nome canonico del servizio di sicurezza di microTech; preservare per reputazione, guide e ricerca"
"automated production facility","impianto di produzione automatizzato","missioni e sicurezza","tradurre","Struttura temporanea che produce merce di contrabbando durante i contratti di MT Protection Services"
"unauthorized terminal","terminale non autorizzato","missioni e sicurezza","tradurre","Terminale diverso dal chiosco di sicurezza previsto per la consegna della merce confiscata"
"Jorrit","Jorrit","personaggi e lore","mantenere","Nome invocato da Sam durante il ciclo di rigenerazione; identità e grafia non vanno interpretate"
"Different is good","Essere diversi è un bene","aziende e slogan","tradurre","Slogan microTech; tradurre il messaggio pubblicitario mantenendone la brevità assertiva"
"VI Specs","VI Specs","tecnologia e marchi","mantenere","Linea canonica di prodotti microTech; correggere eventuali minuscole della sorgente senza tradurre il marchio"
"Muse Simpod","Muse Simpod","tecnologia e marchi","mantenere","Nome canonico della capsula di simulazione microTech; nel testo comune simpod può restare minuscolo come nome della tecnologia"
"Lament","Lament","tecnologia e marchi","mantenere","Nome del processore grafico di nuova generazione installato nei simpod Muse"
"Restart","Restart","organizzazioni e lore","mantenere","Nome dei programmi benefici di microTech"
"Life, Love, Loss","Life, Love, Loss","opere e lore","mantenere","Titolo canonico della produzione teatrale che impiega gli oloproiettori microTech"
"Empire Today","Empire Today","media e lore","mantenere","Nome della testata che assegna il riconoscimento Planet of the Future"
"Planet of the Future","Planet of the Future","premi e lore","mantenere","Titolo del riconoscimento assegnato a microTech nel 2947 e nel 2949"
"The Commons","The Commons","luoghi e orientamento","mantenere","Nome canonico dello spazio pubblico verde di New Babbage; preservare articolo e maiuscole"
"Plaza","Plaza","luoghi e orientamento","mantenere","Nome della zona commerciale e della sua cupola a New Babbage"
"Wally's Bar","Wally's Bar","luoghi e orientamento","mantenere","Nome canonico del locale nella Promenade di New Babbage"
"Promenade","Promenade","luoghi e orientamento","mantenere","Nome canonico della zona di New Babbage che ospita Wally's Bar, Aparelli e Oza"
"Aparelli","Aparelli","negozi e marchi","mantenere","Nome canonico del negozio di moda di New Babbage"
"Oza","Oza","luoghi e orientamento","mantenere","Nome canonico del ristorante di New Babbage"
"The Nest","The Nest","luoghi e orientamento","mantenere","Nome canonico degli alloggi situati nell'Aspire Grand"
"MT MetroLoop","MT MetroLoop","trasporti e orientamento","mantenere","Nome canonico della rete di trasporto pubblico di New Babbage"
"New Babbage Interstellar Spaceport","New Babbage Interstellar Spaceport","luoghi e orientamento","mantenere","Nome canonico del cosmoporto; preservare per segnaletica, mappe e guide"
"Original Systems","Original Systems","aziende e lore","mantenere","Nome canonico dell'azienda di simulazioni; correggere la minuscola errata presente in alcune sorgenti"
"CenterMass","CenterMass","negozi e marchi","mantenere","Nome canonico del negozio di armi presente nella Plaza"
"Omega Pro","Omega Pro","negozi e marchi","mantenere","Nome canonico del negozio di componenti presente nella Plaza"
"Shubin Interstellar","Shubin Interstellar","aziende e lore","mantenere","Nome canonico del conglomerato minerario con sede a New Babbage"
"CureLife","CureLife","aziende e lore","mantenere","Nome canonico dell'azienda medica con sede a New Babbage"
"Blue Triangle","Blue Triangle","aziende e lore","mantenere","Nome canonico del produttore di avionica avanzata con sede a New Babbage"
"Brentworth Care Center","Brentworth Care Center","luoghi e orientamento","mantenere","Nome canonico dell'ospedale di New Babbage nell'Aspire Grand"
"Brentworth Care Centers","Brentworth Care Centers","aziende e lore","mantenere","Nome della rete sanitaria fondata dal dottor Jaleel Brentworth"
"BiotiCorp Limited","BiotiCorp Limited","aziende e lore","mantenere","Partner tecnologico sanitario dei Brentworth Care Centers"
"Ambulance Bay","Ambulance Bay","luoghi e orientamento","mantenere","Nome della baia ospedaliera chiamata negli annunci di emergenza"
"V.I.C.","V.I.C.","sanità e orientamento","mantenere","Identificatore ospedaliero non espanso nella sorgente; conservarlo senza interpretazioni"
"Surgery Suite","Surgery Suite","luoghi e orientamento","mantenere","Nome dell'area chirurgica chiamata negli annunci del Brentworth Care Center"
"Meditation Room","Meditation Room","luoghi e orientamento","mantenere","Nome coerente con la vocazione olistica del Brentworth Care Center; corregge il Mediation Room della prima metà dell'annuncio sorgente"
"Imaging Services","Imaging Services","luoghi e orientamento","mantenere","Nome del reparto diagnostico chiamato negli annunci ospedalieri"
"Recovery Ward","Recovery Ward","luoghi e orientamento","mantenere","Nome del reparto di recupero del Brentworth Care Center"
"D2-A19","D2-A19","identificatori ospedalieri","mantenere","Codice del carrello cercato dal personale di Imaging Services"
"The Council","The Council","organizzazioni e lore","mantenere","Nome canonico della gilda criminale; non confondere con il Consiglio istituzionale di Levski"
"Rough & Ready","Rough & Ready","organizzazioni e lore","mantenere","Nome canonico dell'organizzazione di Pyro"
"Interstellar Transport Guild","Interstellar Transport Guild","organizzazioni e lore","mantenere","Nome canonico della gilda interstellare dei trasporti"
"CFP","CFP","organizzazioni e lore","mantenere","Sigla usata nel parlato per Citizens for Prosperity; conservarla perché la battuta non la espande"
"Parker Terrell","Parker Terrell","personaggi e lore","mantenere","Nome del commentatore citato nelle teorie sulla rigenerazione"
"Cryo-Star","Cryo-Star","tecnologia e modelli","mantenere","Nome del modello di raffreddatore recuperato a Pyro"
"aloprat","aloprat","fauna e alimenti","mantenere","Nome della creatura consumata come alimento a Pyro; invariabile al plurale"
"Mercenary Guild","Mercenary Guild","organizzazioni e lore","mantenere","Nome canonico della gilda dei mercenari; preservare anche quando la sorgente usa la forma colloquiale merc guild"
"Prime","Prime","luoghi e orientamento","mantenere","Nome canonico della città di Terra citata come centro della scena musicale speed thrash"
"Addison","Addison","personaggi e lore","mantenere","Cognome dell'Imperator Laylani Addison quando la battuta usa soltanto la forma breve"
"scrapper","recuperatore","professioni","tradurre","Addetto al recupero di relitti e materiali; nei riferimenti al giocatore evitare forme marcate per genere"
"Effie","Effie","personaggi e lore","mantenere","Nome della comandante dei Frontier Fighters citata nei dialoghi ambientali"
"Weevil Eggs","Weevil Eggs","merci e contrabbando","mantenere","Nome riconoscibile della merce di contrabbando; correggere il weavil eggs errato della sorgente parlata"
"Orbituary","Orbituary","luoghi e orientamento","mantenere","Nome canonico del luogo scelto per uno scambio clandestino a Pyro"
"AR lens","lente RA","tecnologia indossabile","tradurre","Lente per realtà aumentata; usare la sigla italiana RA nel testo funzionale"
"VidPro","VidPro","aziende e tecnologia","mantenere","Nome proprio dell'azienda che sviluppa software per la valutazione delle interazioni sociali"
"Checkmate","Checkmate","luoghi e orientamento","mantenere","Nome canonico della stazione di Pyro e riferimento essenziale per mappe e guide"
"Ibrahim Sphere","Ibrahim Sphere","tecnologia medica e lore","mantenere","Designazione canonica della tecnologia che crea e conserva le impronte biologiche"
"Imprint Viability Score (IVS)","indice di vitalità dell'impronta (IVS)","tecnologia medica e lore","tradurre","Termine canonico della rigenerazione; nel parlato abbreviato rendere IVS come valore IVS"
"IVS","IVS","tecnologia medica e lore","mantenere","Sigla canonica di Imprint Viability Score; nel parlato usare valore IVS ed evitare la ridondanza indice IVS"
"Saga Datasystems","Saga Datasystems","aziende e tecnologia","mantenere","Grafia canonica dell'azienda produttrice di droni e sistemi informatici; corregge Saga DataSystems della battuta sorgente"
"Slicers","Slicers","organizzazioni e lore","mantenere","Nome della falsa banda usata dai Frontier Fighters durante gli attacchi contro Stanton; riferimento canonico di Save Stanton"
"BlacJac Security","BlacJac Security","organizzazioni e lore","mantenere","Nome canonico della società di sicurezza di ArcCorp; corregge BlacJak Security della battuta sorgente"
"Orison","Orison","luoghi e orientamento","mantenere","Nome canonico della città galleggiante di Crusader; preservare per mappe, guide e orientamento"
"Castra","Castra","sistemi e orientamento","mantenere","Nome canonico del sistema UEE visitato dal giovane viaggiatore; preservare per mappe e guide"
"Oya","Oya","sistemi e orientamento","mantenere","Nome canonico del sistema collegato a Castra; preservare per mappe e guide"
"Xi'an","Xi'an","specie e lore","mantenere","Nome canonico della specie e della relativa cultura; rispettare apostrofo e maiuscole"
"ArcCorp","ArcCorp","pianeti e aziende","mantenere","Nome canonico del pianeta-azienda e della relativa corporazione; rispettare la C maiuscola interna"
"Lorville","Lorville","luoghi e orientamento","mantenere","Nome canonico della città di Hurston; preservare per mappe, guide e orientamento"
"horseshoe crab","limulo","fauna","tradurre","Nome comune dell'animale terrestre citato in una falsa storia sulla rigenerazione"
"ASOP","ASOP","interfaccia e servizi","mantenere","Sigla canonica del sistema e dei terminali per la gestione e il richiamo delle navi; preservare per interfaccia e guide"
"Advos","agenti dell'Advocacy","organizzazioni e dialoghi","tradurre_nome_proprio","Forma colloquiale con cui i trasportatori indicano gli agenti dell'Advocacy; mantenere riconoscibile il nome canonico"
"Trevor","Trevor","personaggi e dialoghi","mantenere","Nome del trasportatore rivale che sottrae contratti al personaggio ambientale"
"Equivalency","Equivalency","istruzione e lore","mantenere","Nome canonico del titolo di istruzione secondaria riconosciuto nell'UEE; non confondere con la semplice equivalenza"
"Tilly","Tilly","personaggi e dialoghi","mantenere","Nome della nipote che consegue l'Equivalency nel dialogo ambientale"
"Admiral Bishop","Admiral Bishop","personaggi e lore","mantenere","Denominazione canonica dell'ammiraglio Ernst Bishop usata nel parlato; non applicare la traduzione scacchistica di Bishop"
"Green Imperial","Green Imperial","luoghi e lore","mantenere","Espansione canonica di Grim nel nome Grim HEX; conservarla per mantenere intatta l'etimologia"
"Invictus","Invictus","eventi e lore","mantenere","Forma breve canonica dell'Invictus Launch Week usata nei dialoghi"
"Whamburger","Whamburger","alimenti e marchi","mantenere","Nome canonico dell'hamburger venduto da Whammer's"
"skag","feccia","gergo e insulti","tradurre","Insulto rivolto a criminali o individui spregevoli; adattare grammaticalmente alla frase"
"sight adjuster","correttore di mira","armi e tecnologia","tradurre","Dispositivo che compensa la caduta del proiettile in base ai dati atmosferici"
"bullet drop","caduta del proiettile","armi e balistica","tradurre","Abbassamento della traiettoria del proiettile compensato dai sistemi di mira"
"Extractor","estrattore","estrazione e insediamenti","tradurre","Macchinario acquistato per sfruttare un giacimento di risorse"
"Fire Rats","Fire Rats","organizzazioni e lore","mantenere","Nome canonico del culto criminale di Pyro; preservare per lore e guide"
"Carafi Cube","Carafi Cube","alimenti e oggetti","mantenere","Nome canonico del cubo di gelatina nutritiva carafi; invariabile al plurale nel dialogo"
"Yela","Yela","lune e orientamento","mantenere","Nome canonico della luna di Crusader; preservare per mappe, guide e orientamento"
"Amelia Boyd","Amelia Boyd","personaggi e lore","mantenere","Nome canonico della leader dei Frontier Fighters; preservare per lore e guide"
"Terra","Terra","sistemi stellari e orientamento","mantenere","Nome canonico del sistema stellare; preservare per mappe, guide e orientamento"
"Teasa Spaceport","Teasa Spaceport","luoghi e orientamento","mantenere","Nome canonico dello spazioporto di Lorville; preservare esattamente per mappe e guide"
"Torpedo Burrito","Torpedo Burrito","aziende e alimenti","mantenere","Nome canonico della catena di ristorazione e del relativo marchio; preservare invariato"
"regen package","pacchetto di rigenerazione","tecnologia medica e dialoghi","tradurre","Piano commerciale associato ai servizi di rigenerazione; eventuali livelli generici si traducono"
"Fire Rat","Fire Rat","organizzazioni e lore","mantenere","Singolare canonico di un membro dei Fire Rats; preservare per lore e guide"
"Jimmy Dengo","Jimmy Dengo","personaggi e dialoghi","mantenere","Nome proprio citato nelle voci ambientali di Pyro; preservare invariato"
"chuan","chuan","alimenti e lore","mantenere","Nome canonico del cibo servito in spiedini; mantenere la minuscola nel testo discorsivo"
"the Prophet","il Prophet","religione e lore","mantenere","Figura canonica venerata dai Fire Rats; preservare Prophet per riconoscibilità con lore e guide"
"Dominator","Dominator","armamenti e modelli","mantenere","Forma breve del missile Talon Dominator II; preservare come nome di modello"
"Banu","Banu","specie e lore","mantenere","Nome canonico della specie, della cultura e dei relativi sistemi; preservare invariato"
"Pyro III","Pyro III","pianeti e orientamento","mantenere","Designazione canonica del pianeta noto come Bloom; preservare per mappe e guide"
"Bloom","Bloom","pianeti e orientamento","mantenere","Nome canonico di Pyro III; preservare per mappe, guide e orientamento"
"Hurston","Hurston","pianeti, aziende e orientamento","mantenere","Nome canonico del pianeta e della famiglia-azienda; preservare per mappe, guide e lore"
"Tev","Tev","specie e parlato","mantenere","Forma gergale canonica per una persona Tevarin; preservare nel parlato"
"Branaugh","Branaugh","sistemi stellari e orientamento","mantenere","Nome canonico del sistema stellare; preservare per mappe, guide e lore"
"Lost Squad","Lost Squad","opere e lore","mantenere","Titolo canonico della serie ambientata durante la guerra contro i Vanduul; preservare invariato"
"Vega","Vega","sistemi stellari e lore","mantenere","Nome canonico del sistema teatro dell'attacco Vanduul; preservare per mappe, guide e lore"
"Nyx","Nyx","sistemi stellari e orientamento","mantenere","Nome canonico del sistema stellare; preservare per mappe, guide e orientamento"
"Aaron Halo","Aaron Halo","cinture asteroidali e orientamento","mantenere","Nome canonico della cintura asteroidale di Stanton; preservare per mappe e guide"
"Gal Dougan","Gal Dougan","personaggi, musica e lore","mantenere","Nome canonico dell'artista associata a Grim HEX; preservare invariato"
"The Day Ahead","The Day Ahead","opere, musica e lore","mantenere","Titolo canonico dell'opera di Gal Dougan; preservare invariato"
"New Babbage","New Babbage","città e orientamento","mantenere","Nome canonico della città di microTech; preservare per mappe e guide"
"Pico","Pico","personaggi e mascotte","mantenere","Forma breve canonica di Pico the Penguin; preservare invariata"
"Finley","Finley","personaggi e mascotte","mantenere","Forma breve canonica di Finley the Stormwal; preservare invariata"
"Cutter","Cutter","veicoli Drake e slang criminale","contestuale","Con la maiuscola è il modello navale canonico Drake e resta invariato; il raro cutter minuscolo riferito a una persona indica invece un esecutore clandestino e si rende tagliagole"
"Adir","Adir","lune e orientamento","mantenere","Nome canonico della luna di Pyro V; preservare per mappe, guide e orientamento"
"Headhunter","Headhunter","fazioni e lore","mantenere","Singolare canonico di un membro degli Headhunters; preservare invariato"
"Drop Kings","Drop Kings","fazioni e lore","mantenere","Nome canonico della banda rivale degli Headhunters; preservare per lore e guide"
"stims","stimolanti","medicina e parlato","tradurre","Forma colloquiale per le sostanze stimolanti; rendere in italiano nel dialogo comune"
"magic hour","ora d'oro","fotografia e dialoghi","tradurre","Finestra di luce favorevole alla fotografia; evitare l'anglicismo nel testo comune"
"municipal works","impianti municipali","infrastrutture e luoghi generici","tradurre","Zona tecnica urbana con impianti e servizi pubblici; non è un nome proprio"
"UEES War Hammer","UEES War Hammer","navi militari e lore","mantenere","Nome canonico completo della Javelin visitabile durante Invictus; preservare per lore e guide"
"War Hammer","War Hammer","navi militari e lore","mantenere","Forma breve canonica del nome UEES War Hammer; preservare invariata"
"mess hall","sala mensa","navi e ambienti di bordo","tradurre","Locale di bordo destinato ai pasti e alla socialità dell'equipaggio"
"mess","mensa","navi e ambienti di bordo","tradurre","Forma breve per la sala mensa nel contesto navale"
"Lt.","tenente","gradi militari e dialoghi","tradurre","Abbreviazione di Lieutenant; davanti al nome usare il grado italiano con minuscola sintattica"
"Aria Reilly","Aria Reilly","personaggi e lore","mantenere","Nome canonico della pilota citata durante la visita alla War Hammer"
"Captain Medcalf","capitano Medcalf","personaggi e gradi militari","mantenere_nome","Preservare Medcalf; tradurre il grado e usare la minuscola secondo la sintassi italiana"
"XO","comandante in seconda","gradi e ruoli di bordo","tradurre","Executive officer della nave; nel parlato italiano rendere il ruolo per esteso"
"Leading Starman","Starman scelto","gradi militari e lore","traduzione_parziale","Preservare Starman come titolo canonico e tradurre la progressione del grado per chiarezza gerarchica"
"Detmer","Detmer","personaggi e lore","mantenere","Nome canonico del Leading Starman che conduce la visita alle camerate della War Hammer"
"barracks","camerate","navi e ambienti di bordo","tradurre","Alloggi collettivi dell'equipaggio a bordo di una nave militare"
"hot bunking","sistema della branda calda","navi e procedure di bordo","tradurre","Condivisione della stessa branda tra membri dell'equipaggio assegnati a turni opposti"
"CO","superiore","gradi e ruoli di bordo","tradurre","Commanding officer; nel parlato informale di Detmer rendere il rapporto gerarchico in modo naturale"
"personal effects","effetti personali","navi ed equipaggiamento","tradurre","Oggetti privati riposti negli spazi assegnati alla branda"
"Lt. Commander","tenente comandante","gradi militari e dialoghi","tradurre","Grado della UEE Navy; davanti al nome usare la minuscola sintattica italiana"
"Aldeman","Aldeman","personaggi e lore","mantenere","Nome canonico della tenente comandante responsabile delle torrette della War Hammer"
"turret complement","reparto torrette","navi e organizzazione di bordo","tradurre","Insieme delle torrette e del personale addetto sotto la responsabilità di Aldeman"
"battle group","gruppo da battaglia","organizzazione militare","tradurre","Formazione navale alla quale è assegnata un'unità militare"
"hostile elements","unità ostili","combattimento e rapporti militari","tradurre","Velivoli o altre forze nemiche conteggiate durante uno scontro"
"safetied turret","torretta messa in sicurezza","armamenti e procedure di bordo","tradurre","Torretta resa inoffensiva mediante disattivazione delle armi per consentirne la visita"
"active military vessel","nave militare in servizio attivo","navi e terminologia militare","tradurre","Unità operativa aperta eccezionalmente alle visite durante Invictus"
"unauthorized areas","zone ad accesso vietato","navi e sicurezza","tradurre","Parti della nave non aperte ai visitatori; rendere come divieto di accesso, non come aree non autorizzate"
"get my juices flowing","farmi salire l'adrenalina","dialoghi di combattimento","tradurre","Espressione figurata di entusiasmo per lo scontro; evitare calchi sui fluidi"
"watch the paint","occhio alla vernice","dialoghi di combattimento e collisioni","tradurre","Rimprovero sarcastico dopo una collisione con la nave"
"Shields down","Scudi abbattuti","comunicazioni di combattimento","tradurre","Avviso o esclamazione sulla perdita completa degli scudi; adattare maiuscole e punteggiatura alla battuta"
"punter","idiota","dialoghi di combattimento e insulti","tradurre","Insulto sprezzante della pilota fuorilegge; usare una forma valida per qualsiasi genere del giocatore"
"light up like Luminalia","far brillare come a Luminalia","dialoghi di combattimento e lore","tradurre","Gioco di parole tra il colpire ripetutamente e le luci della festività; preservare Luminalia"
"shooting crabs in a crate","sparare ai granchi in una cassa","dialoghi e modi di dire del Verse","tradurre","Modo di dire diegetico per un bersaglio facilissimo; preservare l'immagine propria dell'universo"
"get ghosted","farsi ammazzare","dialoghi criminali e combattimento","tradurre","Gergo che indica venire eliminati o uccisi; nel combattimento diretto preferire una resa esplicita e naturale"
"vac","vuoto","dialoghi spaziali e gergo","tradurre","Forma colloquiale abbreviata di vacuum; in minacce e riferimenti all'esposizione rendere come vuoto"
"double-crossing","doppiogiochista","dialoghi criminali e insulti","tradurre","Indica chi tradisce un'alleanza o un accordo; adattare la frase per evitare genere implicito del giocatore"
"QT","QT","viaggio quantico e gergo","mantenere","Abbreviazione tecnica canonica usata nel parlato per il viaggio quantico; preservare per riconoscibilità con interfaccia e guide"
"Old '38","Old '38","luoghi e orientamento","mantenere","Nome canonico del bar di Grim HEX; preservare apostrofo, spazio e numeri per mappe e guide"
"the 'verse","l'universo","dialoghi e gergo","tradurre","Forma colloquiale abbreviata di universe; rendere naturalmente in italiano nei testi discorsivi"
"primo creds","fior di crediti","dialoghi criminali e gergo","tradurre","Espressione colloquiale per un compenso molto elevato"
"half-ass mercs","mercenari da strapazzo","dialoghi criminali e insulti","tradurre","Insulto rivolto a mercenari ritenuti incapaci o improvvisati"
"vent a hull","depressurizzare uno scafo","combattimento e gergo criminale","tradurre","Aprire lo scafo al vuoto mediante i danni; mantenere l'immagine tecnica nel parlato dei piloti"
"Nine Tails turf","territorio dei Nine Tails","fazioni e dialoghi criminali","tradurre","Area controllata dalla fazione; preservare il nome canonico Nine Tails e tradurre il possesso"
"get spaced","finire nel vuoto","dialoghi spaziali e gergo criminale","tradurre","Gergo per venire espulsi, distrutti o uccisi nello spazio; adattare al contesto senza conservarlo in inglese"
"back down from a scrap","tirarsi indietro da uno scontro","dialoghi di combattimento e gergo","tradurre","Locuzione riferita a chi evita uno scontro; non confondere scrap con i rottami in questo contesto"
"doozy","bella bestia","dialoghi e gergo","tradurre","Qualcosa di notevole o imponente; nel commento sul blocco mantenere il tono compiaciuto e colloquiale"
"bad blood","inimicizia","dialoghi criminali e fazioni","tradurre","Rapporto ostile o rancore tra persone e organizzazioni; adattare verbalmente come inimicarsi quando necessario"
"body bag","sacco per cadaveri","dialoghi di combattimento e minacce","tradurre","Sacco destinato al trasporto dei morti; mantenere esplicita la minaccia"
"Ellroy Cass","Ellroy Cass","personaggi e riferimenti di lore","mantenere","Nome proprio citato come termine di paragone da un pilota; mantenere grafia e maiuscole originali"
"the Navy","la Navy","organizzazioni e lore","mantenere","Riferimento abbreviato alla UEE Navy; conservare Navy per riconoscibilità nelle guide e nella lore"
"confirmed hit","colpo confermato","combattimento spaziale e comunicazioni","tradurre","Formula di conferma successiva all'impatto di un colpo sul bersaglio"
"scag","feccia","gergo criminale e insulti","tradurre","Insulto ricorrente rivolto a una persona spregevole; adattare secondo il tono senza trattarlo come nome proprio"
"Rest and Relax","Rest & Relax","luoghi e orientamento","mantenere","Forma estesa parlata delle stazioni R&R; usare la grafia canonica Rest & Relax e conservare l'eventuale gioco di parole nel testo circostante"
"Safe flying","Buon volo","saluti aeronautici e spaziali","tradurre","Formula ricorrente di commiato rivolta a chi pilota; preferire la forma italiana naturale e concisa"
"sign one's own death warrant","firmare la propria condanna a morte","minacce e dialoghi criminali","tradurre","Locuzione con cui si dichiara che una scelta ha reso inevitabile la morte di qualcuno"
"AC","AC","modalità e gergo dei piloti","mantenere","Abbreviazione contestuale di Arena Commander; conservarla nei dialoghi dei giocatori e nelle denominazioni ufficiali"
"full burn","a tutta spinta","pilotaggio e gergo dei piloti","tradurre","Impiego della massima spinta disponibile; forma già adottata nelle battute musicali di Wallace Klim"
"Missile away","Missile lanciato","combattimento spaziale e comunicazioni","tradurre","Chiamata concisa che conferma l'avvenuto lancio di un missile"
"CDF","CDF","organizzazioni, eventi e lore","mantenere","Acronimo canonico di Civilian Defense Force; conservare per interfaccia, missioni e guide"
"Mendo Ren","Mendo Ren","personaggi e lore","mantenere","Comandante dei Nine Tails durante Siege of Orison; mantenere grafia e maiuscole ufficiali"
"Remy Kettle","Remy Kettle","personaggi e lore","mantenere","Luogotenente dei Nine Tails associato a Solanki Platform durante Siege of Orison"
"Solanki Platform","Solanki Platform","luoghi e orientamento","mantenere","Nome ufficiale della piattaforma di Inspiration Park; conservare per mappe e guide"
"Solanki","Solanki","luoghi e orientamento","mantenere","Forma abbreviata di Solanki Platform usata nei dialoghi dell'evento"
"Nolan Acker","Nolan Acker","personaggi e lore","mantenere","Luogotenente dei Nine Tails associato a Hartmoore Platform durante Siege of Orison"
"Acker","Acker","personaggi e lore","mantenere","Forma abbreviata del nome di Nolan Acker nei dialoghi dell'evento"
"Stax","Stax","personaggi e lore","mantenere","Nome proprio del combattente dei Nine Tails legato a Mendo Ren nei dialoghi dell'assedio"
"the barge","la barge","luoghi e orientamento","mantenere","Riferimento alla cargo barge dell'Admin Center in Siege of Orison; conservare barge per compatibilità con mappe e guide"
"Pips","Pips","marchi, bevande e lore","mantenere","Marchio canonico della bevanda energetica; non confondere con i PIP di puntamento"
"weekend warrior","volontario della domenica","dialoghi militari e insulti","tradurre","Insulto rivolto a combattenti occasionali ritenuti inesperti"
"heavy-hitter","pezzo grosso","dialoghi criminali e combattimento","tradurre","Combattente particolarmente pericoloso o figura di grande peso"
"Siege of Orison","Siege of Orison","eventi narrativi e lore","mantenere","Nome canonico dell'evento dinamico; conservare per mappe, guide e comunità"
"Phoenix","Phoenix","personaggi e lore","mantenere","Nome di battaglia scelto da un luogotenente dei Nine Tails durante Siege of Orison; mantenere la grafia originale"
"Ren","Ren","personaggi e lore","mantenere","Cognome con cui i subordinati si riferiscono al comandante dei Nine Tails Mendo Ren"
"Alliance","Alliance","organizzazioni e lore","mantenere","Forma abbreviata con cui gli abitanti di Nyx indicano la People's Alliance; conservare maiuscola e grafia originale"
"Jak","Jak","personaggi e lore","mantenere","Nome proprio citato dal giovane minatore di Nyx"
"Anthony Tanaka","Anthony Tanaka","personaggi e lore","mantenere","Figura storica legata alla resistenza contro il regime Messer e alla memoria collettiva di Levski"
"Tanaka","Tanaka","personaggi e lore","mantenere","Forma abbreviata di Anthony Tanaka usata nei dialoghi degli abitanti di Nyx"
"Rebecca","Rebecca","veicoli e lore","mantenere","Nome proprio della nave mineraria appartenente alla famiglia del giovane minatore di Nyx"
"Mercy","Mercy","luoghi e orientamento","mantenere","Forma breve di Mercy Hospital usata dagli abitanti di Levski; conservare per mappe e guide"
"Carl","Carl","personaggi e lore","mantenere","Nome proprio di un minatore della comunità di Nyx citato nelle interazioni commerciali"
"Moraine","Moraine","organizzazioni e lore","mantenere","Nome canonico della banda criminale attiva a Nyx; conservare per lore e guide"
"Glaciem Ring","Glaciem Ring","luoghi e orientamento","mantenere","Nome canonico della cintura di asteroidi di Nyx; preservare per mappe e guide"
"the Ring","Ring","luoghi e orientamento","mantenere","Forma colloquiale abbreviata di Glaciem Ring nei dialoghi di Nyx; mantenere Ring con la maiuscola"
"Vanduul","Vanduul","popoli e lore","mantenere","Nome canonico della specie; conservare grafia e maiuscola anche quando il sorgente la presenta in minuscolo"
"Rules of Life","Rules of Life","opere e lore","mantenere","Nome canonico del codice di principi esposto a Levski; conservare per riconoscibilità narrativa"
"Executives","Executives","organizzazioni e lore","mantenere","Denominazione del gruppo dirigente della People's Alliance usata dagli abitanti di Levski; conservare la maiuscola"
"Cafe Musain","Cafe Musain","luoghi e orientamento","mantenere","Nome canonico del locale di Levski nelle destinazioni; quando il sorgente usa la grafia di marchio Café Musain, conservarne anche l'accento"
"Levski","Levski","luoghi e orientamento","mantenere","Nome canonico della città su Delamar e sede della People's Alliance; preservare per mappe e guide"
"Messer","Messer","personaggi, storia e lore","mantenere","Cognome della dinastia e del regime imperiale; in italiano resta invariabile anche al plurale"
"Ludwig","Ludwig","personaggi e lore","mantenere","Nome proprio di un residente di Levski devoto alla causa della People's Alliance"
"Gene","Gene","personaggi e lore","mantenere","Nome proprio dell'ex proprietario di un negozio ricordato dagli abitanti di Levski"
"Musain's","Cafe Musain","luoghi e orientamento","normalizzare","Variante colloquiale presente in un dialogo; ricondurre al nome mostrato nelle destinazioni per compatibilità con mappe e guide"
"Musain","Cafe Musain","luoghi e orientamento","normalizzare","Variante abbreviata presente in un dialogo; ricondurre al nome mostrato nelle destinazioni"
"Kris","Kris","personaggi e lore","mantenere","Nome proprio della residente che commercia con i Banu a Nyx"
"Radegast '47","Radegast '47","bevande e lore","mantenere","Annata di whiskey Radegast citata nei dialoghi di Levski; conservare nome e abbreviazione dell'anno con apostrofo ASCII"
"Tenneson","Tenneson","personaggi e lore","mantenere","Cognome dichiarato durante una richiesta di assistenza a Levski"
"Kelso","Kelso","personaggi e lore","mantenere","Nome proprio di un membro dell'Alliance ucciso durante un'incursione a Nyx"
"Sela","Sela","personaggi e lore","mantenere","Nome proprio della sorella di Kelso, in partenza da Nyx per Castra"
"Jeff","Jeff","personaggi e lore","mantenere","Nome proprio di un residente citato nelle voci sulle pattuglie UEE a Levski"
"Allard","Allard","personaggi e lore","mantenere","Nome proprio della figura dell'Alliance coinvolta nelle presunte trattative con la UEE"
"Fenric","Fenric","personaggi e lore","mantenere","Nome proprio dell'organizzatore di pattuglie contro le incursioni Vanduul a Nyx"
"G7","G7","luoghi e orientamento","mantenere","Designazione della zona del deposito di rifornimenti citata dagli abitanti di Levski"
"Daniels","Daniels","personaggi e lore","mantenere","Nome proprio della donna che tenta di riattivare una vecchia QV Breaker Station"
"QV station","QV Breaker Station","luoghi e orientamento","normalizzare","Forma abbreviata usata nel dialogo; espandere al nome canonico per compatibilità con mappe e guide"
"fracker","frantumatore","impianti minerari","tradurre","Macchinario della QV Breaker Station impiegato per spezzare gli asteroidi"
"Tilfer","Tilfer","personaggi e lore","mantenere","Nome proprio di un ex membro della squadra tornato nella UEE"
"Bobcat","Bobcat","personaggi, prodotti e lore","mantenere","Nome proprio di un ex membro dell'Alliance; conservare anche quando compare nei nomi canonici di prodotto"
"Axel","Axel","personaggi e lore","mantenere","Nome proprio del residente che accusa un nuovo arrivato di essere una spia UEE"
"Keeger Belt","Keeger Belt","luoghi e orientamento","mantenere","Nome canonico della seconda cintura di asteroidi di Nyx; preservare per mappe e guide"
"Akiro Cluster","Akiro Cluster","luoghi e orientamento","mantenere","Nome canonico dell'ammasso di asteroidi; preservare per mappe e guide"
"Yela Ring","Yela Ring","luoghi e orientamento","mantenere","Nome canonico dell'anello di Yela; preservare per mappe e guide"
"Pyro Asteroid Clusters","Pyro Asteroid Clusters","luoghi e orientamento","mantenere","Nome cartografico collettivo degli ammassi di asteroidi di Pyro; preservare per mappe e guide"
"Borehole Station","Borehole Station","luoghi e orientamento","mantenere","Nome della stazione interna di Levski; preservare per segnaletica e guide"
"Delamar Wreck Site","Delamar Wreck Site","luoghi e orientamento","mantenere","Nome della destinazione di relitto su Delamar; preservare per mappe e guide"
"Glaciem Ring Wreck Site","Glaciem Ring Wreck Site","luoghi e orientamento","mantenere","Nome della destinazione di relitto nel Glaciem Ring"
"Glaciem Ring Cluster","Glaciem Ring Cluster","luoghi e orientamento","mantenere","Nome della destinazione cartografica nel Glaciem Ring"
"Service Entrance","Service Entrance","zone e orientamento","mantenere","Nome della zona interna della QV Breaker Station; preservare per segnaletica e guide"
"Operations Office","Operations Office","zone e orientamento","mantenere","Nome della zona interna della QV Breaker Station; preservare per segnaletica e guide"
"Central Core & Power","Central Core & Power","zone e orientamento","mantenere","Nome completo della zona interna della QV Breaker Station"
"Central Core","Central Core","zone e orientamento","mantenere","Forma breve della zona interna della QV Breaker Station"
"Storage Depot","Storage Depot","zone e orientamento","mantenere","Nome della zona interna della QV Breaker Station"
"Sector 1 Engineering area","area Engineering del Sector 1","zone e orientamento","mantenere","Conservare Sector 1 ed Engineering per compatibilità con segnaletica e guide"
"Sector 2 Excavation area","area Excavation del Sector 2","zone e orientamento","mantenere","Conservare Sector 2 ed Excavation per compatibilità con segnaletica e guide"
"Keeger Belt Wreck Site","Keeger Belt Wreck Site","luoghi e orientamento","mantenere","Nome della destinazione di relitto nel Keeger Belt"
"People's Service Station Alpha","People's Service Station Alpha","luoghi e orientamento","mantenere","Nome canonico della stazione di servizio di Nyx"
"People's Service Station Delta","People's Service Station Delta","luoghi e orientamento","mantenere","Nome canonico della stazione di servizio di Nyx"
"People's Service Station Theta","People's Service Station Theta","luoghi e orientamento","mantenere","Nome canonico della stazione di servizio di Nyx"
"People's Service Station Lambda","People's Service Station Lambda","luoghi e orientamento","mantenere","Nome canonico della stazione di servizio di Nyx"
"People's Service Station Omicron","People's Service Station Omicron","luoghi e orientamento","mantenere","Nome canonico della stazione di servizio di Nyx"
"Keycard","Scheda di accesso","accessi e sicurezza","tradurre","Scheda fisica richiesta dai terminali per autorizzare l'accesso"
"dish","antenna","infrastrutture orbitali","tradurre","Antenna parabolica da allineare nel sistema della piattaforma laser; usare antenna nel testo operativo"
"cooldown cycle","ciclo di raffreddamento","infrastrutture e laser","tradurre","Ciclo fisico di raffreddamento successivo all'attivazione del laser"
"Power unit","Unità di alimentazione","infrastrutture energetiche","tradurre","Unità numerata che alimenta la piattaforma laser"
"power battery","batteria di alimentazione","infrastrutture energetiche","tradurre","Batteria caricata prima del dispiegamento della piattaforma orbitale"
"Crusader","Crusader","pianeti, aziende e orientamento","mantenere","Nome canonico del pianeta e forma abbreviata di Crusader Industries; determinare il referente dal contesto"
"Crusader Industries","Crusader Industries","organizzazioni e lore","mantenere","Nome canonico dell'azienda; conservare grafia e maiuscole"
"Orison Skyway Shuttle Service","Orison Skyway Shuttle Service","trasporti e orientamento","mantenere","Nome ufficiale del servizio navette di Orison; preservare per mappe e guide"
"Cloudview Center","Cloudview Center","luoghi e orientamento","mantenere","Nome canonico della destinazione di Orison; preservare per mappe e guide"
"Hoshki center","Hoshki center","luoghi e orientamento","mantenere","Nome della struttura citata negli annunci di Solanki Platform; conservare la grafia del sorgente"
"Abe towers","Abe towers","luoghi e orientamento","mantenere","Nome delle torri citate negli annunci di Solanki Platform; conservare la grafia del sorgente"
"Hartmoore Platform","Hartmoore Platform","luoghi e orientamento","mantenere","Nome canonico della piattaforma di Orison; preservare per mappe e guide"
"Valet Station","Valet Station","luoghi e orientamento","mantenere","Nome canonico della fermata di Orison; preservare per mappe e guide"
"Brushwood Platform","Brushwood Platform","luoghi e orientamento","mantenere","Nome canonico della piattaforma commerciale di Orison; preservare per mappe e guide"
"Providence Industrial Platform","Providence Industrial Platform","luoghi e orientamento","mantenere","Nome canonico della piattaforma industriale di Orison; preservare per mappe e guide"
"Vision Center","Vision Center","luoghi e orientamento","mantenere","Nome canonico del centro eventi di Orison; preservare per mappe e guide"
"Crusader Cares","Crusader Cares","programmi e lore","mantenere","Nome canonico del programma benefico di Crusader Industries"
"Finley the Stormwal","Finley the Stormwal","personaggi, mascotte e prodotti","mantenere","Nome completo canonico della mascotte di Crusader; conservare nei nomi e nelle descrizioni dei prodotti"
"DB-4","DB-4","attrezzature di officina","mantenere","Identificatore di modello citato dai lavoratori di Cousin Crow's; preservare esattamente"
"Swing Arm","Braccio oscillante","attrezzature di officina","tradurre","Braccio meccanico mobile; negli avvisi di sicurezza usare una formulazione immediata"
"byline","cavo ausiliario","attrezzature di officina","tradurre","Termine sorgente ambiguo e probabilmente improprio; il contesto descrive un elemento sfilacciato da riparare, da verificare contro l'audio"
"scooper","nave raccoglitrice","veicoli e officina","tradurre","Uso colloquiale isolato per una precedente commessa su un veicolo raccoglitore; da verificare contro l'audio"
"Hot Canister","Contenitore incandescente","sicurezza in officina","tradurre","Contenitore ad alta temperatura in movimento o in caricamento"
"Fuel Spill","Fuoriuscita di carburante","sicurezza in officina","tradurre","Allarme per carburante versato; coerente con Fuel Spillage"
"Privateer","Privateer","veicoli e lore","mantenere","Nel dialogo di Cousin Crow's richiama la variante Kraken Privateer; conservare per nomenclatura ufficiale, mappe e guide"
"Wham D-Lux","Wham D-Lux","cibi e prodotti","mantenere","Nome proprio di un prodotto alimentare; preservare esattamente"
"System Flush","Lavaggio dell'impianto","manutenzione","tradurre","Procedura di lavaggio di un circuito o impianto tecnico"
"Hot Rail","Rotaia rovente","sicurezza in officina","tradurre","Avviso relativo a una rotaia ad alta temperatura"
"Flex Polymer Shell","Guscio in polimero flessibile","materiali e officina","tradurre","Rivestimento flessibile installato durante una lavorazione"
"Test Fire","Accensione di prova","collaudo e officina","tradurre","Avviamento di prova annunciato come avviso di sicurezza"
"Prolonged Shout of Pain","Urlo prolungato di dolore","didascalie sonore","tradurre","Didascalia racchiusa in parentesi quadre; tradurre il contenuto mantenendo esattamente uno spazio dopo [ e prima di ]"
"Short Shouts of Pain","Brevi urla di dolore","didascalie sonore","tradurre","Didascalia racchiusa in parentesi quadre; tradurre il contenuto mantenendo esattamente uno spazio dopo [ e prima di ]"
"Tobin Expo Center","Tobin Expo Center","luoghi e orientamento","mantenere","Nome canonico del centro espositivo di New Babbage; preservare per mappe, segnaletica e guide"
"Dare to Fly","Dare to Fly","eventi e slogan","mantenere","Tema e slogan ufficiale dell'IAE 2951; preservare maiuscole e formulazione originale"
"microTech Protection Services","microTech Protection Services","organizzazioni e sicurezza","mantenere","Nome canonico dell'organizzazione; preservare la m iniziale minuscola di microTech"
"Aruto Divani","Aruto Divani","personaggi e lore","mantenere","Nome proprio del ritrattista autore della serie dedicata ai piloti dell'IAE 2951"
"starman","starman","gradi militari e lore","mantenere","Grado ufficiale del personale arruolato della UEE Navy; non tradurre come astronauta o militare generico"
"starmen","starmen","gradi militari e lore","mantenere","Plurale ufficiale di starman; preservare nei testi della UEE Navy per non perdere il grado di lore"
"United in Purpose","United in Purpose","organizzazioni e slogan","mantenere","Motto ufficiale della UEE Navy; preservare formulazione e maiuscole"
"Invictus Expo Hall","Invictus Expo Hall","luoghi e orientamento","mantenere","Nome della zona espositiva di Invictus; preservare per segnaletica, mappe e guide"
"IO-North Tower","IO-North Tower","luoghi e orientamento","mantenere","Nome canonico della torre di Area18; preservare IO in maiuscolo e il nome completo per mappe e guide"
"UEES Barbary","UEES Barbary","navi militari e lore","mantenere","Nome canonico completo della portaerei Bengal che partecipa ai sorvoli di Invictus"
"Barbary","Barbary","navi militari e lore","mantenere","Forma breve del nome UEES Barbary; preservare invariata"
"Bengal carrier","portaerei Bengal","navi militari","tradurre","Classificazione della nave; mantenere Bengal come nome canonico del modello"
"Javelin-class destroyer","cacciatorpediniere di classe Javelin","navi militari","tradurre","Classificazione della UEES War Hammer; mantenere Javelin come nome canonico della classe"
"comms officer","ufficiale alle comunicazioni","comunicazioni militari","tradurre","Responsabile degli annunci e delle comunicazioni di bordo"
"Platform Elevation Correction","correzione di quota della piattaforma","procedure di sicurezza","tradurre","Procedura con cui una piattaforma galleggiante regola la propria quota"
"Orison Landing Services","Servizi di Atterraggio di Orison","volo e servizi","tradurre","Denominazione ufficiale del servizio ATC di Orison; mantenere le maiuscole nella forma estesa"
"sky gardens","giardini sospesi","luoghi e turismo","tradurre","Descrizione generica delle aree verdi sospese di Orison; non è un nome di destinazione"
"Crusader A2 Hercules Starlifter","Crusader A2 Hercules Starlifter","veicoli e modelli","mantenere","Nome completo canonico del modello; non tradurre Starlifter"
"Crusader C2 Hercules Starlifter","Crusader C2 Hercules Starlifter","veicoli e modelli","mantenere","Nome completo canonico del modello; non tradurre Starlifter"
"Crusader M2 Hercules Starlifter","Crusader M2 Hercules Starlifter","veicoli e modelli","mantenere","Nome completo canonico del modello; non tradurre Starlifter"
"Crusader Genesis Starliner","Crusader Genesis Starliner","veicoli e modelli","mantenere","Nome completo canonico del modello; non tradurre Starliner"
"Orison General","Orison General","luoghi e orientamento","mantenere","Nome canonico dell'ospedale di Orison; preservare per mappe e guide"
"Orison General Medstation","Orison General Medstation","luoghi e orientamento","mantenere","Nome completo canonico della struttura sanitaria di Orison"
"Nephrology","Nephrology","sanità e orientamento","mantenere","Nome del reparto chiamato negli annunci di Orison General"
"Zero-Gravity","Zero-Gravity","sanità e orientamento","mantenere","Nome del reparto a gravità zero chiamato negli annunci ospedalieri"
"Nanobiology","Nanobiology","sanità e orientamento","mantenere","Nome del reparto contattato negli annunci di Orison General"
"Orthopaedics","Orthopaedics","sanità e orientamento","mantenere","Nome del reparto chiamato negli annunci di Orison General"
"Cybernetics","Cybernetics","sanità e orientamento","mantenere","Nome del reparto chiamato negli annunci di Orison General"
"Admissions Desk","Admissions Desk","sanità e orientamento","mantenere","Nome dello sportello di accettazione di Orison General"
"Long Term Care","Long Term Care","sanità e orientamento","mantenere","Nome del servizio di degenza prolungata chiamato negli annunci ospedalieri"
"Best Care Award","Best Care Award","premi e lore","mantenere","Nome canonico del premio vinto da Orison General nel 2944 e 2945"
"RSI Apollo","RSI Apollo","veicoli e modelli","mantenere","Nome della famiglia di navi mediche RSI; preservare nei richiami dell'hangar"
"Teezers","Teezers","creature e lore","mantenere","Termine di lore usato nel paragone del medico fuorilegge; significato non esplicitato nella sorgente, non interpretare"
"creds","crediti","valuta e slang","tradurre","Forma colloquiale di credits usata nei dialoghi criminali"
"nela bug","nela bug","creature e lore","mantenere","Creatura citata da Tecia Pacheco come paragone; significato non documentato nella sorgente, non interpretare"
"Casaba","Casaba","aziende e lore","mantenere","Marchio commerciale citato da Tecia Pacheco come possibile datore di lavoro"
"BlackJack Securities","BlacJac Security","organizzazioni e lore","tradurre","Grafia sorgente obsoleta; normalizzare nel nome canonico attuale BlacJac Security"
"BlackJack","BlacJac","organizzazioni e lore","tradurre","Grafia sorgente non canonica, comprese le varianti di maiuscole e minuscole; usare BlacJac"
"designer light","droga sintetica","slang criminale","tradurre","Sostanza prodotta dal chimico rivale di Tecia; il sorgente non la presenta come marchio proprio"
"I've been to Earth","sono stata sul pianeta Earth","pianeti e orientamento","tradurre","Conserva Earth come nome canonico del pianeta e lo distingue dal sistema Terra"
"flight stick","cloche","comandi di volo","tradurre","Leva di comando manuale ricordata da Tecia Pacheco"
"Cubby Blast","Cubby Blast","negozi e orientamento","mantenere","Nome canonico del negozio di armi di Area18"
"Rust","Rust","bevande e lore","mantenere","Nome canonico della bevanda in bottiglia citata da Tecia Pacheco"
"Radegast","Radegast","bevande e lore","mantenere","Nome canonico della bevanda; preservare anche senza l'indicazione d'annata"
"Wally's","Wally's","luoghi e orientamento","mantenere","Nome canonico del bar di New Babbage in cui lavora Eddie Parr"
"MT Mixed Special","MT Mixed Special","bevande e lore","mantenere","Nome canonico del cocktail mensile elaborato a Wally's"
"mobi patch","aggiornamento del mobiGlas","tecnologia e slang","tradurre","Forma colloquiale usata da Eddie Parr per un aggiornamento del mobiGlas"
"Neon","Neon","sostanze e lore","mantenere","Nome canonico della sostanza venduta da Eddie Parr"
"Glowballs","Glowballs","sostanze e lore","mantenere","Alias di Neon citato da Eddie Parr; significato non documentato, non interpretare"
"Light bath","Light bath","sostanze e lore","mantenere","Alias di Neon citato da Eddie Parr; preservare la forma sorgente"
"Wally Klim","Wallace Klim","personaggi e lore","tradurre","Errore sorgente nel nome del chimico; ripristinare il nome canonico Wallace Klim"
"DJs","DJ","slang di Eddie Parr","tradurre","Sigla inventata dal personaggio per delivery jobs; la battuta italiana ne chiarisce subito il significato"
"Ardell Hurston","Ardell Hurston","personaggi e lore","mantenere","Nome canonico del membro della famiglia Hurston citato dagli operai"
"Reyes Finley Hurston","Reyes Finley Hurston","personaggi e lore","mantenere","Nome canonico del figlio di Ardell Hurston"
"Teegs","Teegs","personaggi e lore","mantenere","Nome del pilota favorito nella conversazione sulla Murray Cup"
"Larry","Larry","personaggi e lore","mantenere","Lavoratore di Hurston citato da un avventore di Lorville"
"Mason","Mason","personaggi e lore","mantenere","Pilota citato nella conversazione sulla Murray Cup"
"Defino","Defino","personaggi e lore","mantenere","Pilota citato nella conversazione sulla Murray Cup"
"Jiretti","Jiretti","personaggi e lore","mantenere","Pilota citato nella conversazione sulla Murray Cup"
"MISC","MISC","produttori di veicoli e lore","mantenere","Sigla canonica del produttore; preservare maiuscole e grafia"
"the Tower","Central Tower","luoghi e orientamento","normalizzare_nome_luogo","Riferimento colloquiale alla Central Tower di Lorville; usare il nome canonico riconoscibile in mappe e guide"
"Nes Calloway","Nes Calloway","personaggi e lore","mantenere","Nome canonico del commentatore delle Scramble Race"
"Nas Calloway","Nes Calloway","personaggi e lore","normalizzare_nome_proprio","Refuso presente in due battute inglesi; ricondurre al nome canonico Nes Calloway"
"Scramble Race","Scramble Race","modalità di gara","mantenere","Nome riconoscibile della modalità clandestina armata; preservare per coerenza con guide e comunità"
"data drop","rilascio di dati","missioni dinamiche e tecnologia","tradurre","Pacchetto di informazioni prodotto a intervalli prestabiliti da un server o mainframe"
"infoagent","intermediario di informazioni","dialoghi criminali e commercio","tradurre","Contatto che acquista o rivende informazioni sottratte"
"quantum blockade","blocco quantico","missioni dinamiche e navigazione","tradurre","Blocco organizzato dai Nine Tails mediante interdizione quantica"
"quantum dampening field","campo di interdizione quantica","interdizione quantica","tradurre","Campo che impedisce l'attivazione del viaggio quantico; coerente con Quantum Dampener"
"scan ship","nave da scansione","missioni dinamiche e sicurezza","tradurre","Nave impiegata per individuare la flotta dei Nine Tails e altre operazioni nella zona"
"Cru Sec","Cru Sec","organizzazioni e slang","mantenere","Abbreviazione colloquiale di Crusader Security usata da Ruto; preservare per riconoscibilità"
"medlab","laboratorio medico","missioni dinamiche e sanità","tradurre","Laboratorio automatizzato che produce pacchi di medicinali"
"fuel transfer","trasferimento di carburante","rifornimento","tradurre","Operazione di passaggio del carburante tra due navi attraccate"
"fuel transaction","transazione per il carburante","rifornimento e commercio","tradurre","Accordo economico da confermare prima del trasferimento"
"fuel purchase order","ordine di acquisto del carburante","rifornimento e commercio","tradurre","Ordine mostrato sul mobiGlas e approvato dal cliente"
"tanker","nave cisterna","veicoli e rifornimento","tradurre","Nave adibita al trasporto e al trasferimento di carburante"
"refueler","addetto al rifornimento / nave da rifornimento","ruoli, veicoli e rifornimento","contestuale","Persona che fornisce carburante oppure nave che effettua il trasferimento; nei tutorial di attracco usare nave da rifornimento"
"OT","straordinari","lavoro e dialoghi","tradurre","Abbreviazione di overtime; nei dialoghi rendere per esteso"
"roll call","appello","sicurezza e turni di lavoro","tradurre","Riunione iniziale durante la quale vengono assegnati turni e compiti"
"civvie","civile","slang della sicurezza","tradurre","Forma colloquiale usata dagli addetti alla sicurezza"
"Fuel Distributor","Distributore di carburante","rifornimento e componenti","tradurre","Sistema della nave cisterna che eroga carburante durante il rifornimento"
"duul","duul","slang e lore Vanduul","mantenere","Forma gergale dispregiativa riferita ai Vanduul; conservare minuscole e grafia nel parlato"
"open canopy","tettuccio aperto","veicoli e dotazioni","tradurre","Configurazione con visuale libera dalla cabina di pilotaggio"
"single-seater","monoposto","veicoli e ruoli","tradurre","Nave progettata per un solo occupante"
"multicrew ship","nave multiequipaggio","veicoli e ruoli","tradurre","Nave progettata per essere gestita da più membri dell'equipaggio"
"simcab","simcab","luoghi, servizi e simulatori","mantenere","Cabina di simulazione usata nei concessionari per provare virtualmente una nave; preservare il termine riconoscibile"
"New Deal Shipyard","New Deal Shipyard","luoghi e orientamento","mantenere","Nome completo canonico del concessionario di navi usate di Lorville"
"New Deal","New Deal","luoghi e orientamento","mantenere","Forma breve canonica del concessionario di Lorville"
"Teach's Ship Shop","Teach's Ship Shop","luoghi e orientamento","mantenere","Nome canonico del concessionario di Levski; preservare per mappe e guide"
"SCU","SCU","carico e logistica","mantenere","Sigla canonica dell'unità standard di carico; preservare per interfaccia, navi e guide"
"Kaizen","Kaizen","programmi e lore","mantenere","Nome canonico del programma economico trasmesso su Spectrum"
"snub","snub","tipologie di veicoli e comunità","mantenere","Categoria riconoscibile di velivoli ausiliari compatti; preservare nel parlato e nelle guide"
"the black","il vuoto","slang spaziale","tradurre","Espressione colloquiale per lo spazio profondo"
"Connie","Connie","soprannomi di veicoli e comunità","mantenere","Soprannome riconoscibile della serie RSI Constellation"
"Bucc","Bucc","soprannomi di veicoli e comunità","mantenere","Forma abbreviata colloquiale di Drake Buccaneer"
"Gladi","Gladi","soprannomi di veicoli e comunità","mantenere","Forma abbreviata colloquiale di Anvil Gladiator"
"Tali","Tali","soprannomi di veicoli e comunità","mantenere","Forma abbreviata colloquiale di Aegis Retaliator"
"T-Vars","T-Vars","slang e lore Tevarin","mantenere","Forma colloquiale usata per riferirsi ai Tevarin; preservare maiuscole e trattino"
"SataBall","Sataball","sport e lore","normalizzare","Variante storica presente nella sorgente; nel testo visibile usare la grafia canonica moderna Sataball"
"Cal Mason","Cal Mason","personaggi e lore","mantenere","Pilota dello Squadron 42 citato dal venditore di navi"
"Schrader seminars","seminari Schrader","programmi e lore","tradurre_nome_proprio","Seminari motivazionali citati dal secondo venditore di navi; preservare il cognome"
"goal fixation","fissazione dell'obiettivo","meditazione e dialoghi","tradurre","Tecnica meditativa proposta nei seminari Schrader"
"Bloom of Death","Bloom of Death","soprannomi di veicoli e lore","mantenere","Soprannome attribuito dai piloti della UEE Navy alla Hammerhead durante il fuoco simultaneo delle torrette; preservare come nome di lore"
"Casaba Outlet","Casaba Outlet","negozi e orientamento","mantenere","Nome canonico della catena di abbigliamento; preservare per mappe e guide"
"Astro Armada","Astro Armada","negozi e orientamento","mantenere","Nome canonico del concessionario; normalizzare le varianti sorgente AstroArmada e Astro-Armada"
"Garrity Defense","Garrity Defense","negozi e orientamento","mantenere","Nome canonico del negozio di armi e difesa personale"
"Live Fire","Live Fire","negozi e orientamento","mantenere","Nome breve del negozio Live Fire Weapons usato nei saluti e nelle indicazioni"
"Dumper's Depot","Dumper's Depot","negozi e orientamento","mantenere","Nome canonico del negozio di componenti e rottami; preservare apostrofo e maiuscole"
"McRae's","McRae's","negozi e orientamento","mantenere","Nome canonico del negozio di armi di Lorville; preservare l'apostrofo"
"Tammany and Sons","Tammany and Sons","negozi e orientamento","mantenere","Nome canonico del negozio di Lorville; rimuovere l'apostrofo finale spurio presente in alcune battute sorgente"
"focused scan","scansione focalizzata","sensori e missioni","tradurre","Scansione diretta su un contatto per ottenere informazioni più dettagliate"
"Covalex Shipping","Covalex Shipping","organizzazioni e lore","mantenere","Nome completo canonico della società di spedizioni; preservare nei saluti e nelle comunicazioni aziendali"
"Loss Prevention","Prevenzione perdite","aziende e logistica","tradurre_nome_reparto","Reparto Covalex che registra carichi smarriti e segnala irregolarità; mantenere le maiuscole quando indica il nome del reparto"
"InterSec","InterSec","organizzazioni e lore","mantenere","Nome canonico dell'organizzazione di sicurezza; normalizzare la variante sorgente Intersec"
"Shattered Blade","Shattered Blade","organizzazioni e lore","mantenere","Nome canonico del gruppo che traffica e recupera tecnologia Vanduul; non tradurre per coerenza con lore e guide"
"Battle of Vega","Battle of Vega","eventi e lore","mantenere","Nome dell'evento storico citato da Deacon Tobin; preservare invariato"
"Onyx Facilities","Onyx Facilities","luoghi e lore","mantenere","Nome collettivo canonico delle strutture ASD; preservare per lore e riconoscibilità"
"power bank","power bank","oggetti di missione e guide","mantenere","Unità di alimentazione necessaria ad aprire la base nell'asteroide; mantenere il termine riconoscibile dagli obiettivi e dalle guide"
"Deacon Tobin","Deacon Tobin","personaggi e lore","mantenere","Nome canonico del responsabile operativo di InterSec"
"ASD","ASD","aziende e lore","mantenere","Sigla canonica di Associated Science & Development"
"Thul","Thul","gerarchie e lore Vanduul","mantenere","Titolo gerarchico canonico Vanduul; conservarne grafia e maiuscola"
"Foxwell Enforcement","Foxwell Enforcement","organizzazioni e lore","mantenere","Nome canonico completo della società di sicurezza privata; preservare per lore, incarichi e guide"
"Kevin Walton","Kevin Walton","personaggi e lore","mantenere","Nome canonico del responsabile delle assegnazioni di Foxwell Enforcement"
"Operation Security Blanket","Operation Security Blanket","operazioni e lore","mantenere","Nome in codice pronunciato da Kevin Walton; preservare invariato come titolo operativo"
"Olympus Principal","Olympus Principal","aziende e lore","mantenere","Nome canonico della compagnia assicurativa; preservare in incarichi, reputazione e guide"
"Rayari Incorporated","Rayari Incorporated","aziende e lore","mantenere","Nome canonico completo dell'azienda di ricerca; preservare in incarichi, reputazione e guide"
"Narina Lerrem","Narina Lerrem","personaggi e lore","mantenere","Nome canonico della responsabile Rayari che assegna incarichi di approvvigionamento scientifico"
"Clinical Research Outsourcing","Appalti per la ricerca clinica","qualifiche e reparti aziendali","tradurre_nome_reparto","Reparto Rayari responsabile degli incarichi di ricerca affidati a operatori esterni"
"Lazarus Complex","Lazarus Complex","luoghi e orientamento","mantenere","Denominazione canonica delle strutture ASD; preservare per mappe, incarichi e guide"
"Orbital Laser Platforms","Orbital Laser Platforms","luoghi e orientamento","mantenere","Nome collettivo delle piattaforme laser orbitali Hathor; preservare insieme alla sigla OLP"
"OLP","OLP","luoghi e orientamento","mantenere","Sigla canonica di Orbital Laser Platforms; preservare per interfaccia e guide"
"Explorer's Guide to Harvestables","Explorer's Guide to Harvestables","opere e lore","mantenere","Titolo canonico della guida consultabile nel Diario; preservare apostrofo e maiuscole"
"The Guide to Stanton Wildlife","The Guide to Stanton Wildlife","opere e lore","mantenere","Titolo canonico della guida alla fauna consultabile nel Diario; preservare per lore e riconoscibilità"
"Wide Forest Station","Wide Forest Station","luoghi e orientamento","mantenere","Nome canonico della stazione Rest & Relax presso ARC-L1"
"Lively Pathway Station","Lively Pathway Station","luoghi e orientamento","mantenere","Nome canonico della stazione Rest & Relax presso ARC-L2"
"Modern Express Station","Modern Express Station","luoghi e orientamento","mantenere","Nome canonico della stazione Rest & Relax presso ARC-L3"
"Faint Glen Station","Faint Glen Station","luoghi e orientamento","mantenere","Nome canonico della stazione Rest & Relax presso ARC-L4"
"Yellow Core Station","Yellow Core Station","luoghi e orientamento","mantenere","Nome canonico della stazione Rest & Relax presso ARC-L5"
"Ambitious Dream Station","Ambitious Dream Station","luoghi e orientamento","mantenere","Nome canonico della stazione Rest & Relax presso CRU-L1"
"Shallow Fields Station","Shallow Fields Station","luoghi e orientamento","mantenere","Nome canonico della stazione Rest & Relax presso CRU-L4"
"Beautiful Glen Station","Beautiful Glen Station","luoghi e orientamento","mantenere","Nome canonico della stazione Rest & Relax presso CRU-L5"
"Green Glade Station","Green Glade Station","luoghi e orientamento","mantenere","Nome canonico della stazione Rest & Relax presso HUR-L1"
"Faithful Dream Station","Faithful Dream Station","luoghi e orientamento","mantenere","Nome canonico della stazione Rest & Relax presso HUR-L2"
"Thundering Express Station","Thundering Express Station","luoghi e orientamento","mantenere","Nome canonico della stazione Rest & Relax presso HUR-L3"
"Melodic Fields Station","Melodic Fields Station","luoghi e orientamento","mantenere","Nome canonico della stazione Rest & Relax presso HUR-L4"
"High Course Station","High Course Station","luoghi e orientamento","mantenere","Nome canonico della stazione Rest & Relax presso HUR-L5"
"Shallow Frontier Station","Shallow Frontier Station","luoghi e orientamento","mantenere","Nome canonico della stazione Rest & Relax presso MIC-L1"
"Long Forest Station","Long Forest Station","luoghi e orientamento","mantenere","Nome canonico della stazione Rest & Relax presso MIC-L2"
"Red Crossroads Station","Red Crossroads Station","luoghi e orientamento","mantenere","Nome canonico della stazione Rest & Relax presso MIC-L4"
"Modern Icarus Station","Modern Icarus Station","luoghi e orientamento","mantenere","Nome canonico della stazione Rest & Relax presso MIC-L5"
"Kel-To Rx Clinic","Kel-To Rx Clinic","luoghi e orientamento","mantenere","Nome canonico della clinica presente nelle stazioni Rest & Relax"
"Starlight Service Station","Starlight Service Station","luoghi e orientamento","mantenere","Nome canonico della stazione indipendente presso Pyro III-L1"
"Patch City","Patch City","luoghi e orientamento","mantenere","Nome canonico della stazione Rough & Ready presso Pyro III-L3"
"Gaslight","Gaslight","luoghi e orientamento","mantenere","Nome canonico della stazione presso Pyro V-L2"
"Rod's Fuel 'N Supplies","Rod's Fuel 'N Supplies","luoghi e orientamento","mantenere","Nome canonico del punto di rifornimento presso Pyro V-L4; preservare apostrofi e maiuscole"
"Rat's Nest","Rat's Nest","luoghi e orientamento","mantenere","Nome canonico della stazione presso Pyro V-L5; preservare l'apostrofo"
"Endgame","Endgame","luoghi e orientamento","mantenere","Nome canonico della stazione presso Pyro VI-L3"
"Dudley & Daughters","Dudley & Daughters","luoghi e orientamento","mantenere","Nome canonico del servizio di rifornimento presso Pyro VI-L4"
"Megumi Refueling","Megumi Refueling","luoghi e orientamento","mantenere","Nome canonico della stazione di rifornimento presso Pyro VI-L5"
"Wildstar Racing","Wildstar Racing","organizzazioni e lore","mantenere","Nome canonico dell'organizzazione sportiva dedicata alle gare su tracciati da rally"
"Tosko Nunnar","Tosko Nunnar","personaggi e lore","mantenere","Nome canonico del presidente di Wildstar Racing"
"Rayari Inc.","Rayari Inc.","aziende e lore","mantenere","Forma abbreviata canonica di Rayari Incorporated; preservare punto finale e maiuscole"
"Red Wind Linehaul","Red Wind Linehaul","aziende e lore","mantenere","Nome canonico completo dell'azienda di trasporto; preservare grafia e maiuscole"
"Red Wind","Red Wind","aziende e lore","mantenere","Forma abbreviata canonica di Red Wind Linehaul; normalizzare la variante visibile Redwind senza spazio"
"handheld tractor beam","raggio traente portatile","carico e logistica","tradurre","Raggio traente portatile richiesto per caricare e scaricare pacchi e contenitori"
"ranta","ranta","fauna flora e lore","mantenere","Nome canonico della creatura; tradurre soltanto i termini comuni che lo accompagnano"
"Molina Mold","Molina Mold","eventi e lore","mantenere","Nome canonico della specie fungina responsabile dell'epidemia di Levski; confermato dalle note ufficiali della versione 4.6"
"People's Ailment","People's Ailment","eventi e lore","mantenere","Nome canonico della malattia causata dalla Molina Mold; preservare apostrofo e maiuscole"
"People's Aliment","People's Ailment","eventi e lore","normalizzare","Refuso ricorrente della sorgente; ricondurre al nome canonico People's Ailment"
"People's Affliction","People's Ailment","eventi e lore","normalizzare","Variante non canonica della sorgente; ricondurre al nome ufficiale People's Ailment"
"Molina Mold Samples","Campioni di Molina Mold","merci di missione","tradurre","Nome della merce di missione; tradurre il tipo di oggetto mantenendo intatto il nome proprio Molina Mold"
"Molina Mold Treatment","Trattamento per la Molina Mold","merci di missione","tradurre","Nome della merce terapeutica; tradurre la funzione mantenendo intatto il nome proprio Molina Mold"
"Molina Ventilation Filters","Filtri di ventilazione Molina","merci di missione","tradurre","Nome della merce di missione legata ad Alliance Aid; mantenere Molina come riferimento riconoscibile"
"FTL Courier Services","FTL Courier Services","aziende e lore","mantenere","Nome canonico del servizio di corrieri; preservare sigla, grafia e maiuscole"
"Ling Family Hauling","Ling Family Hauling","aziende e lore","mantenere","Nome canonico dell'impresa di trasporti della famiglia Ling"
"Collections Division","Collections Division","organizzazioni e lore","mantenere","Nome canonico della divisione di Alliance Aid dedicata alla raccolta di risorse"
"Transport Division","Transport Division","organizzazioni e lore","mantenere","Nome canonico della divisione di Alliance Aid dedicata ai trasporti"
"Forager's Guide","Forager's Guide","guide e lore","mantenere","Titolo canonico della guida consultabile nel Diario del mobiGlas; mantenere per reperibilità nelle guide"
"Gyson","Gyson","aziende e lore","mantenere","Nome canonico del produttore dei filtri difettosi collegati all'epidemia di Levski"
"Jynx gin","Jynx gin","prodotti e lore","mantenere","Nome canonico del gin luminescente prodotto a Delamar; preservare la minuscola di gin usata nella sorgente e nella Galactapedia ufficiale"
"Dolphin Tongue","Dolphin Tongue","medicina e lore","mantenere","Nome della patologia citata dalla famiglia Ling; mantenere come denominazione di lore"
"burstmelon","burstmelon","fauna flora e lore","mantenere","Nome della specie vegetale usato come paragone nelle comunicazioni Ling"
"Wikelo Emporium","Wikelo Emporium","luoghi e lore","mantenere","Nome canonico dell'attività e delle stazioni di Wikelo; mantenere per mappe e guide"
"souli","souli","cultura banu e lore","mantenere","Termine banu per l'unità sociale ed economica assimilabile a famiglia e impresa; invariabile in italiano"
"Lancer","Lancer","veicoli e slang","mantenere","Forma colloquiale usata per la nave di Ricki; non espandere senza conferma audio"
"Petra Ling","Petra Ling","personaggi e lore","mantenere","Nome canonico della direttrice delle operazioni di carico di Ling Family Hauling"
"Reyes Ling","Reyes Ling","personaggi e lore","mantenere","Nome canonico della responsabile della logistica merci di Ling Family Hauling"
"Bit Zeros","Bit Zeros","fazioni e lore","mantenere","Nome canonico del collettivo di hacker; conservare esattamente grafia e maiuscole"
"codelug","smanettone","gergo degli hacker","tradurre","Appellativo sprezzante usato dai Bit Zeros per un hacker di scarsa importanza"
"nullbrain","cerebrovuoto","gergo e insulti","tradurre","Insulto ricorrente nel gergo criminale; adattare numero e articolo senza trattarlo come nome proprio"
"data haven","archivio sicuro","informatica e missioni","tradurre","Deposito protetto usato per conservare dati riservati"
"mainframe","mainframe","informatica e missioni","mantenere","Prestito tecnico consolidato e già adottato nei dialoghi di Ruto; mantenere minuscolo nel testo corrente"
"XT","XT","fazioni e lore","mantenere","Sigla canonica di XenoThreat; non espandere né tradurre"
"VOLT","VOLT","aziende e armamenti","mantenere","Marchio canonico del produttore di armi energetiche; conservare tutte le maiuscole"
"Hathor","Hathor","aziende e lore","mantenere","Nome canonico dell'impresa e delle sue strutture; mantenere per mappe e guide"
"finder fee","commissione per la segnalazione","missioni e pagamenti","tradurre","Compenso richiesto in cambio delle coordinate o della dritta su un bersaglio"
"administration fee","commissione amministrativa","missioni e pagamenti","tradurre","Comprende anche la variante abbreviata admin fee"
"Rowena Dulli","Rowena Dulli","personaggi e lore","mantenere","Nome canonico dell'agente speciale dell'Advocacy assegnata alla CDF"
"transient jump point","punto di salto transitorio","navigazione e missioni","tradurre","Punto di salto temporaneo usato per attraversare clandestinamente il confine fra sistemi"
"weapons free","fuoco autorizzato","comunicazioni militari","tradurre","Ordine operativo che autorizza l'ingaggio dei bersagli individuati"
"spoofed beacon","segnale falsificato","navigazione e missioni","tradurre","Segnale contraffatto impiegato come esca o diversivo"
"Navy","Marina","organizzazioni e dialoghi","tradurre","Forma abbreviata e contestuale riferita all'UEE Navy; mantenere UEE Navy quando la denominazione è completa"
"Aniss Martel","Aniss Martel","personaggi e lore","mantenere","Nome canonico del capitano della nave di sicurezza Tranquility della People's Alliance"
"Tranquility","Tranquility","veicoli e lore","mantenere","Nome canonico della nave di sicurezza della People's Alliance comandata da Aniss Martel"
"Governing Committee","Governing Committee","organizzazioni e lore","mantenere","Nome canonico dell'organo dirigente della People's Alliance; conservare per lore e guide"
"Gabe Windell","Gabe Windell","personaggi e lore","mantenere","Nome canonico del pilota della Tranquility; nei dialoghi mantenere anche la forma breve Gabe"
"power relay","relè di alimentazione","stazioni e sistemi energetici","tradurre","Dispositivo da distruggere per interrompere l'alimentazione delle difese della stazione"
"distortion energy","energia di distorsione","armi e sistemi","tradurre","Energia associata ai danni di distorsione e alla disattivazione dei sistemi"
"station arm","braccio della stazione","strutture e missioni","tradurre","Sezione radiale della stazione che contiene generatori e accessi interni"
"data store","archivio dati","informatica e missioni","tradurre","Dispositivo o deposito contenente dati da estrarre"
"Wikelo","Wikelo","personaggi e lore","mantenere","Nome canonico del collezionista e artigiano banu; la sua sintassi umana volutamente imperfetta va ricreata senza caricature regionali"
"beat","beat","cultura banu e tempo","mantenere","Unità temporale banu pari a cinque secondi secondo la lore ufficiale; invariabile al plurale in italiano"
"Banu Protectorate","Banu Protectorate","organizzazioni e lore","mantenere","Nome canonico della civiltà politica banu; conservare per lore e guide"
"essosouli","essosouli","cultura banu e lore","mantenere","Titolo banu legato alla guida di un souli; mantenere invariato e minuscolo quando così appare nel dialogo"
"ATLS","ATLS","veicoli e modelli","mantenere","Nome canonico dell'esoscheletro da carico; non espandere né tradurre"
"robot suit","tuta robotica","veicoli e dialoghi","tradurre","Descrizione colloquiale usata da Wikelo per l'ATLS"
"favor","favore","economia di Wikelo","tradurre","Ricompensa di scambio di Wikelo; al plurale favori"
"Thrust Fuel","Carburante a idrogeno","navigazione e scansione","tradurre","Carburante impiegato per la propulsione ordinaria; nella chiave scan_data_fuel_flight la sorgente presenta il refuso Thurst Fuel"
"FOV","Campo visivo","sensori e visuale","tradurre","Abbreviazione di field of view; espandere nell'interfaccia italiana quando lo spazio lo consente"
"Ping Cooldown","Tempo di recupero del ping","sensori e scansione","tradurre","Intervallo necessario prima di poter emettere un nuovo impulso di scansione"
"Power Transfer Resistance","Resistenza al trasferimento energetico","sistemi energetici e scansione","tradurre","Parametro che misura l'opposizione al trasferimento di energia"
"Maintenance Port","Portello di manutenzione","strutture e scansione","tradurre","Accesso tecnico destinato agli interventi di manutenzione"
"No Lifesigns Detected","Nessun segno vitale rilevato","sensori e scansione","tradurre","Esito della scansione quando non vengono rilevati occupanti viventi"
"off limits","zona interdetta","sicurezza e accessi","tradurre","Formula breve usata dalle guardie per vietare l'accesso o la permanenza"
"no loitering","vietato sostare","sicurezza e accessi","tradurre","Ordine rivolto a chi permane senza motivo in un'area controllata"
"loud and clear","forte e chiaro","comunicazioni radio","tradurre","Conferma radiofonica di ricezione nitida"
"credentials","credenziali","sicurezza e accessi","tradurre","Documenti o autorizzazioni necessari per superare un controllo d'accesso"
"agitator","facinoroso","sicurezza e ordine pubblico","tradurre","Persona ritenuta responsabile di disordini; al plurale facinorosi"
"deck assignment","piattaforma di carico assegnata","servizi merci e carico","tradurre","Piattaforma sulla quale il veicolo deve posizionarsi per ricevere o scaricare il carico"
"cargo transfer","trasferimento merci","servizi merci e carico","tradurre","Movimentazione automatizzata della merce fra struttura e veicolo; usare la stessa forma compatta nelle notifiche"
"lock down a vehicle","immobilizzare un veicolo","sicurezza e atterraggio","tradurre","Presa di controllo che impedisce al veicolo di muoversi o ripartire"
"landing protocols","protocolli di atterraggio","sicurezza e atterraggio","tradurre","Regole operative applicate dai Servizi di atterraggio"
"medstation","stazione medica","medicina e strutture","tradurre","Struttura medica generica; mantenere invece i nomi propri delle cliniche e delle stazioni"
"sanitation team","squadra di bonifica","sicurezza e servizi","tradurre","Squadra inviata dopo incidenti o scontri per ripulire e mettere in sicurezza l'area"
"dispatch","centrale","sicurezza e comunicazioni radio","tradurre","Centrale operativa contattata via radio dagli addetti alla sicurezza"
"patrol point","punto di pattuglia","sicurezza e navigazione","tradurre","Posizione successiva assegnata lungo un percorso di pattuglia"
"stand down","cessare l'allerta / cessare le ostilità","sicurezza e combattimento","contestuale","Ordine di interrompere lo stato d'allerta o la ricerca attiva; rivolto a un ostile impone di cessare il combattimento"
"at large","a piede libero","sicurezza e ricerca","tradurre","Condizione di un sospetto o ostile non ancora localizzato o catturato"
"sweep","perlustrazione","sicurezza e ricerca","tradurre","Ricerca sistematica condotta in un'area per individuare tracce o sospetti"
"have eyes on","avere contatto visivo con","sicurezza e combattimento","tradurre","Conferma tattica che il bersaglio è visibile e sotto osservazione"
"friendly down","uno dei nostri a terra","combattimento e comunicazioni","tradurre","Allarme tattico che segnala l'abbattimento o l'incapacitazione di un alleato"
"rocket launcher","lanciarazzi","armi e combattimento","tradurre","Arma portatile destinata al lancio di razzi"
"sniper","cecchino","combattimento e ruoli","tradurre","Tiratore nemico appostato a lunga distanza"
"Copy","Ricevuto","comunicazioni radio","tradurre","Conferma breve di ricezione di un ordine o messaggio"
"Affirmative","Affermativo","comunicazioni radio","tradurre","Risposta positiva formale in un canale operativo"
"Negative","Negativo","comunicazioni radio","tradurre","Risposta negativa formale in un canale operativo"
"No can do","Impossibile","comunicazioni e dialoghi","tradurre","Rifiuto colloquiale e conciso di un ordine o richiesta"
"heavy contact","unità pesante","combattimento e classi nemiche","tradurre","Bersaglio pesantemente armato o corazzato individuato sul campo"
"on me","sulla mia posizione","combattimento e comunicazioni","tradurre","Richiamo tattico che segnala un contatto vicino a chi parla"
"check your six","controlla le spalle","combattimento e comunicazioni","tradurre","Avvertimento tattico relativo a una minaccia alle spalle"
"Liaison Officer","Ufficiale di collegamento","ruoli della sicurezza","tradurre","Qualifica del referente che supervisiona gli appaltatori; conservare la maiuscola quando il titolo precede il nome"
"evidence hold","deposito reperti","sicurezza e legalità","tradurre","Deposito generico in cui la sicurezza custodisce la merce sequestrata; non confondere con le etichette nominate Evidence Storage"
"Contractor Services","Contractor Services","organizzazioni e servizi","mantenere","Nome capitalizzato del servizio Hurston destinato agli appaltatori; conservare per coerenza con guide e denominazioni interne"
"rookie","recluta","addestramento e dialoghi militari","tradurre","Appellativo ricorrente con cui Gilly si rivolge al giocatore inesperto"
"Sierra Hotel","un asso","gergo militare","tradurre","Eufemismo dell'alfabeto fonetico per shit-hot; indica una persona eccezionalmente capace"
"Oscar Mike","in movimento","gergo militare","tradurre","Formula dell'alfabeto fonetico per on the move; renderne la funzione nell'ordine operativo"
"AO","area operativa","gergo militare","tradurre","Acronimo di Area of Operations nei briefing e nelle comunicazioni"
"sortie","sortita","gergo aeronautico","tradurre","Singola uscita operativa o di addestramento di un velivolo"
"Combat Pilot Training","Sfida di combattimento","corsi di Gilly","tradurre","Nome del corso coerente con i titoli italiani degli otto scenari"
"Navy Patrol Training","Addestramento di pattuglia della Marina","corsi di Gilly","tradurre","Nome del corso coerente con i titoli italiani dei tre scenari"
"Flight Instructor Gilly","Istruttore di volo Gilly","personaggi e qualifiche","tradurre","Formula completa usata da Gilly alla chiusura delle comunicazioni"
"sitrep","situazione / rapporto sulla situazione","gergo militare","contestuale","Abbreviazione di situation report; nei richiami brevi di Gilly preferire Ecco la situazione"
"Cry-Astro","Cry-Astro","aziende e servizi storici","mantenere","Nome canonico del servizio di riparazione e rifornimento citato dai piloti; conservare per riconoscimento nel gioco e nelle guide"
"Aciedo","Aciedo","aziende e lore","mantenere","Nome proprio della società o squadra tecnica incaricata delle Comm Array"
"Gambit-3","Gambit-3","identificativi radio","mantenere","Indicativo di chiamata della pattuglia Crusader; conservare esattamente con trattino e cifra"
"Check your fire","Controlla il fuoco","combattimento e comunicazioni","tradurre","Ordine immediato contro il fuoco amico; mantenere il tono imperativo"
"Target locked","Bersaglio agganciato","combattimento e comunicazioni","tradurre","Conferma vocale dell'avvenuto aggancio del bersaglio"
"Hostile missile launch","Lancio di missile ostile","combattimento e avvisi","tradurre","Allarme conciso per il rilevamento del lancio di un missile nemico"
"Missile inbound","Missile in arrivo","combattimento e avvisi","tradurre","Allarme conciso per un missile diretto verso il parlante o la formazione"
"Engage","Ingaggiare il bersaglio","combattimento e comunicazioni","contestuale","Come ordine isolato rendere con Ingaggiate il bersaglio; adattare numero e persona al contesto"
"officer of the law","agente delle forze dell'ordine","legalità e dialoghi","tradurre","Formula riferita a chi esercita funzioni di polizia; evitare il calco ufficiale della legge"
"criminal contact","contatto criminale","combattimento e sensori","tradurre","Contatto identificato come soggetto criminale nelle comunicazioni di sicurezza"
"fugitive","latitante / fuggitivo","legalità e dialoghi","contestuale","Preferire latitante negli annunci formali di arresto; usare fuggitivo quando conta l'azione di fuga"
"take into custody","prendere in custodia / procedere all'arresto","legalità e dialoghi","contestuale","Nei rapporti operativi impersonali preferire procedere all'arresto; usare prendere in custodia quando il soggetto è espresso"
"area of engagement","zona di combattimento","combattimento e comunicazioni","tradurre","Area interessata dallo scontro che civili o unità vulnerabili devono abbandonare"
"controlled substances","sostanze controllate","legalità e scansioni","tradurre","Sostanze soggette a restrizioni rilevate durante una scansione del carico"
"outstanding fines","multe non pagate / multe insolute","legalità e dialoghi","contestuale","Preferire multe non pagate nel parlato comune e multe insolute negli annunci formali"
"stand by","restare in attesa / tenere duro","comunicazioni radio","contestuale","Usare restare in attesa come ordine radio; durante una richiesta di soccorso rendere l'invito contestuale con tenere duro"
"cease combat","cessare le ostilità","sicurezza e combattimento","tradurre","Ordine formale di interrompere immediatamente uno scontro"
"power down","spegnere la nave / spegnere il veicolo / spegnere tutto","veicoli e comunicazioni","contestuale","Usare nave o veicolo quando il soggetto è espresso; usare spegnere tutto quando il contesto richiede l'arresto completo dei sistemi"
"deadly force","forza letale","legalità e combattimento","tradurre","Formula giuridica e operativa per l'uso autorizzato di forza potenzialmente mortale"
"maintain position","mantenere la posizione","scansioni e comunicazioni","tradurre","Ordine di restare fermi durante controlli, scansioni o operazioni di sicurezza"
"comms are being jammed","le comunicazioni sono disturbate","comunicazioni e guerra elettronica","tradurre","Indica un disturbo elettronico attivo; evitare il calco comunicazioni bloccate"
"impounded","sotto sequestro","veicoli e legalità","tradurre","Stato di un veicolo trattenuto dalle autorità; evitare sequestrato quando funziona come etichetta di stato"
"safe travels","Buon viaggio","saluti e trasporti","tradurre","Formula di congedo dei servizi di trasporto o controllo del traffico"
"vehicle storage","deposito del veicolo","veicoli e servizi","tradurre","Operazione con cui un veicolo viene trasferito nel deposito della struttura"
"storage space","spazio di deposito","veicoli e servizi","tradurre","Spazio assegnato per il deposito di un veicolo; non confondere con la capacità dell'inventario"
"loose cargo","carico non assicurato","hangar e sicurezza","tradurre","Merce non fissata o non messa in sicurezza nell'hangar; evitare il calco carico sciolto"
"criminal rating","livello criminale","legalità","tradurre","Variante discorsiva equivalente a CrimeStat; mantenere la stessa terminologia italiana"
"New Babbage Spaceport","New Babbage Spaceport","luoghi e orientamento","mantenere","Nome della struttura di New Babbage; conservare per mappe, guide e riconoscimento sul posto"
"Empire Health Services","Empire Health Services","organizzazioni e lore","mantenere","Nome proprio dell'ente sanitario imperiale; conservare per coerenza con lore e guide"
"production line","linea di produzione","lavoro e industria","tradurre","Linea sulla quale opera il personale industriale; esplicitare produzione quando line sarebbe ambiguo"
"the next round is on me","il prossimo giro lo offro io","dialoghi al bar","tradurre","Formula colloquiale con cui il parlante offre da bere al gruppo"
"kick back","rilassarsi","dialoghi colloquiali","tradurre","Indica mettersi comodi e staccare dai problemi; evitare traduzioni letterali"
"Tell me about it","Puoi dirlo forte","dialoghi colloquiali","tradurre","Espressione idiomatica di pieno accordo, non una richiesta di raccontare qualcosa"
"grow on someone","cominciare a piacere / stare simpatico","dialoghi colloquiali","contestuale","Indica qualcosa o qualcuno che viene apprezzato gradualmente"
"swear by","giurare su / considerare irrinunciabile","dialoghi colloquiali","contestuale","Indica una forte fiducia in una marca o in un prodotto; evitare il calco quando suona innaturale"
"acting up","dare problemi","veicoli e dialoghi colloquiali","tradurre","Indica un funzionamento irregolare o capriccioso di una nave o di un dispositivo"
"stale beer","birra stantia","dialoghi al bar","tradurre","Birra dal sapore vecchio o alterato, spesso per una spina non pulita"
"catch up","rivedersi e aggiornarsi / fare due chiacchiere / raggiungere","dialoghi colloquiali","contestuale","Conversare dopo un periodo senza vedersi quando riguarda le novità; raggiungere quando indica ricongiungersi più avanti lungo un percorso"
"have a good one","stammi bene / buona giornata","saluti colloquiali","contestuale","Congedo informale; usare stammi bene quando il momento della giornata non è noto"
"after all","dopotutto","dialoghi e prosa","tradurre","Locuzione conclusiva; mantenere separata in inglese quando viene citata nel rapporto delle anomalie"
"go downhill","andare sempre peggio","dialoghi colloquiali","tradurre","Descrive una situazione che peggiora progressivamente"
"mixed reviews","recensioni contrastanti","commercio e dialoghi","tradurre","Giudizi pubblici divisi fra valutazioni positive e negative"
"pace oneself","andarci piano / darsi un ritmo","dialoghi colloquiali","contestuale","Con bevande alcoliche preferire andarci piano; in attività prolungate può indicare dosare lo sforzo"
"down payment","anticipo / acconto","commercio e acquisti","contestuale","Somma iniziale versata per assicurarsi un acquisto; anticipo è più naturale nel parlato, acconto nei testi formali"
"eyeball","tenere d'occhio","dialoghi colloquiali","tradurre","Osservare con interesse un oggetto che si pensa di acquistare"
"hit someone up","scrivere a qualcuno / contattare qualcuno","comunicazioni colloquiali","contestuale","Invito informale a farsi sentire; specificare Spectrum quando la piattaforma è nominata"
"do justice to","rendere giustizia a","dialoghi e descrizioni","tradurre","Indica rappresentare adeguatamente le qualità di un luogo, persona o oggetto"
"put one's finger on","capire esattamente / individuare","dialoghi colloquiali","contestuale","Indica riuscire a identificare con precisione una sensazione o un problema"
"same old, same old","il solito","dialoghi colloquiali","tradurre","Risposta informale che indica assenza di novità"
"show floor","area espositiva","fiere ed eventi","tradurre","Spazio della fiera nel quale produttori e veicoli sono esposti al pubblico"
"lineup","gamma","veicoli e commercio","tradurre","Insieme dei modelli presentati da un produttore; evitare formazione"
"outdo oneself","superare se stessi","dialoghi e valutazioni","tradurre","Ottenere un risultato migliore dei propri precedenti"
"manufacturer to beat","produttore da battere","fiere e veicoli","tradurre","Produttore considerato il riferimento competitivo dell'edizione"
"tip one's hat","riconoscere il merito / fare i complimenti","dialoghi colloquiali","contestuale","Espressione figurata di apprezzamento; evitare riferimenti letterali al cappello"
"out there","stravagante / azzardato","design e dialoghi","contestuale","Descrive un progetto molto insolito o lontano dalle convenzioni"
"overrated","sopravvalutato","valutazioni e dialoghi","tradurre","Giudicato migliore o più importante di quanto meriti"
"IOC","IOC","medicina e diagnosi","mantenere","Sigla canonica di una condizione medica citata nei dialoghi clinici; non espandere senza una definizione ufficiale"
"OTR","OTR","medicina e procedure","mantenere","Sigla canonica di una procedura o trattamento medico; conservarla finché non esiste un'espansione ufficiale"
"Demexatrine","Demexatrine","farmaci e medicina","mantenere","Nome canonico dell'adrenalina sintetica di CureLife; non italianizzare in Demexatrina"
"Sterogen","Sterogen","farmaci e medicina","mantenere","Nome canonico del corticosteroide usato contro debolezza muscolare e altri sintomi"
"latanol","latanol","farmaci e medicina","mantenere","Nome del farmaco citato nell'ordine clinico; conservare la minuscola della sorgente"
"KLN","KLN","medicina e parametri clinici","mantenere","Sigla canonica di un parametro clinico; non espandere senza definizione ufficiale"
"Roxaphen","Roxaphen","farmaci e medicina","mantenere","Nome canonico dell'oppioide usato per la paralisi parziale e la mobilità ridotta"
"R3P","R3P","medicina e procedure","mantenere","Sigla canonica di una suite medica; non espandere senza definizione ufficiale"
"T-Sec","T-Sec","medicina e procedure","mantenere","Nome canonico di una procedura medica; preservare maiuscole e trattino"
"Constallex","Constallex","farmaci e medicina","mantenere","Nome canonico del farmaco somministrato in cc"
"NR7","NR7","farmaci e medicina","mantenere","Nome canonico della soluzione somministrata per sacca endovenosa"
"crash cart","carrello d'emergenza","medicina d'urgenza","tradurre","Carrello mobile con farmaci e strumenti per la rianimazione"
"bio-read","lettura biologica","medicina e diagnostica","tradurre","Lettura supplementare dei parametri biologici del paziente"
"lap scope","laparoscopio","medicina e chirurgia","tradurre","Abbreviazione colloquiale di laparoscope in un ordine chirurgico"
"stat","subito","medicina d'urgenza","tradurre","Avverbio clinico che richiede esecuzione immediata; non lasciare il latinismo inglese nel dialogo italiano"
"cc's","cc","medicina e dosaggio","tradurre","Plurale non standard di cc nella sorgente; in italiano l'unità resta invariata e senza apostrofo"
"On it","Ci penso io / me ne occupo","ordini e conferme","contestuale","Conferma operativa molto breve; adattare il pronome al tono del parlante"
"Coughing","Tossisce","didascalie sonore","tradurre","Didascalia non verbale; conservare esattamente parentesi quadre e spaziatura della sorgente"
"Groaning","Geme","didascalie sonore","tradurre","Didascalia non verbale; conservare esattamente parentesi quadre e spaziatura della sorgente"
"sugarcoat","addolcire / fare giri di parole","dialoghi colloquiali","contestuale","In una richiesta diretta di diagnosi preferire niente giri di parole"
"a kick in the gut","una mazzata","dialoghi colloquiali","tradurre","Reazione figurata a una notizia dolorosa; evitare il calcio nello stomaco letterale"
"worth a shot","vale la pena tentare","dialoghi colloquiali","tradurre","Indica un'opzione incerta ma sufficientemente promettente da essere provata"
"well played","bella mossa","combattimento e dialoghi","tradurre","Riconoscimento ironico o sincero di una manovra riuscita"
"know the drill","sapere come funziona / conoscere la trafila","dialoghi colloquiali","contestuale","Indica familiarità con una procedura già affrontata molte volte"
"relax that thing","abbassare quell'affare","minacce e resa","tradurre","Richiesta colloquiale di abbassare l'arma puntata; non tradurre letteralmente rilassare"
"fly-by","passaggio ravvicinato","volo e annunci operativi","tradurre","Passaggio dimostrativo di una nave presso una stazione; usare sorvolo soltanto in presenza di una superficie planetaria"
"final approach","avvicinamento finale","volo e controllo del traffico","tradurre","Fase conclusiva dell'avvicinamento prima dell'attracco o dell'atterraggio"
"performance stats","indicatori di rendimento","reputazione e rapporti aziendali","tradurre","Valutazione quantitativa dei risultati ottenuti negli incarichi; evitare statistiche delle prestazioni nei dialoghi naturali"
"Jr. Logistics Operator","operatore logistico aggiunto","ruoli aziendali","tradurre","Qualifica operativa Covalex distinta dal coordinatore logistico aggiunto"
"active contractor status","stato di appaltatore attivo","reputazione e rapporti aziendali","tradurre","Condizione che consente di ricevere regolarmente contratti dall'azienda"
"probationary contractor","appaltatore in prova","reputazione e rapporti aziendali","tradurre","Appaltatore sottoposto a rivalutazione prima della piena riattivazione"
"Evaluation Trial","prova di valutazione","reputazione e contratti","tradurre","Prova Covalex necessaria per ottenere o recuperare lo stato attivo; mantenere le virgolette ASCII quando presenti nella sorgente"
"Independent Contractor","appaltatore indipendente","ruoli aziendali","tradurre","Professionista esterno che opera per l'azienda senza far parte del personale dipendente"
"Independent Contractor Agreement","Accordo con appaltatore indipendente","diritto e contratti Hurston","tradurre","Titolo e definizione del contratto generale imposto dal Dipartimento Appalti Esterni"
"Statement of Work","Capitolato","diritto e contratti Hurston","tradurre","Insieme vincolante delle prestazioni e dei requisiti dell'incarico"
"Contracted Task","Incarico contrattuale","diritto e contratti Hurston","tradurre","Incarico specifico accettato tramite mobiGlas e disciplinato dall'accordo generale"
"Independent Arbitrator's Guild","Independent Arbitrator's Guild","organizzazioni e lore","mantenere","Nome proprio dell'organo arbitrale competente; preservare per lore e riferimenti esterni"
"Aria Riley","Aria Riley","personaggi e lore militare","mantenere","Nome canonico della leggendaria pilota da caccia citata nello spot dell'Anvil Hornet"
"Anvil Aerospace","Anvil Aerospace","aziende e produttori","mantenere","Nome canonico del produttore; non usare la variante possessiva o plurale errata Anvil Aerospaces"
"Consolidated Outland","Consolidated Outland","aziende e produttori","mantenere","Nome canonico del produttore della linea Mustang"
"Hornet","Hornet","veicoli Anvil","mantenere","Nome canonico della famiglia di caccia Anvil; preservare anche nelle occorrenze plurali italiane"
"F7C Hornet","F7C Hornet","veicoli Anvil","mantenere","Denominazione canonica del modello civile Hornet; mantenere ordine, maiuscole e spaziatura"
"Mustang","Mustang","veicoli Consolidated Outland","mantenere","Nome canonico della famiglia di navi Consolidated Outland"
"Hammer Propulsion HM 4.3","Hammer Propulsion HM 4.3","modelli di propulsori","mantenere","Denominazione canonica completa dei propulsori della M50; la sorgente pubblicitaria trascrive HM4point3"
"Astro Arena","Astro Arena","luoghi sportivi e orientamento","mantenere","Nome canonico dell'arena; preservare in annunci, mappe e guide"
"Ready Room","Ready Room","zone di Astro Arena e orientamento","mantenere","Nome visibile della sala di preparazione dei combattenti; conservarlo per coerenza con mappe e guide"
"Angeli Aeros","Angeli Aeros","squadre sportive","mantenere","Nome canonico completo della squadra; Aeros può essere usato soltanto quando la sorgente adotta la forma breve"
"Aeros","Aeros","squadre sportive","mantenere","Forma breve canonica di Angeli Aeros usata dal commentatore"
"Jata ZGCC","Jata ZGCC","squadre sportive","mantenere","Nome canonico completo della squadra di Astro Arena; Jata può essere usato soltanto quando la sorgente adotta la forma breve"
"Jata","Jata","squadre sportive","mantenere","Forma breve canonica di Jata ZGCC usata dal commentatore"
"Empire Report","Empire Report","programmi e media","mantenere","Titolo canonico del programma trasmesso dopo la partita; preservare per coerenza con lore e guide"
"teamwork","gioco di squadra","sport e combattimento","tradurre","Collaborazione coordinata fra componenti della stessa squadra"
"gear","equipaggiamento","inventario e sport","tradurre","Insieme di armi, protezioni e strumenti selezionati prima della partita"
"match","partita","sport e modalità di gioco","tradurre","Incontro completo composto da uno o più turni"
"blue team","squadra blu","squadre generiche","tradurre","Designazione cromatica generica; non sostituire con un nome proprio se la sorgente non lo esplicita"
"multi-kill","uccisione multipla","punteggio e combattimento","tradurre","Eliminazione di più avversari in una singola azione o in rapida successione"
"medpack","kit medico","medicina e combattimento","tradurre","Kit portatile impiegato per prestare cure a un compagno ferito"
"medical assist","soccorso medico","medicina e combattimento","tradurre","Intervento di un compagno per curare o rimettere in azione un combattente"
"shutout","vittoria senza perdite","sport e combattimento","contestuale","Vittoria in cui la squadra avversaria non ottiene eliminazioni; esplicitare senza perdite o senza una sola uccisione secondo il soggetto"
"wipe out","eliminare completamente","combattimento e sport","tradurre","Mettere fuori gioco tutti i componenti della squadra avversaria"
"fan","tifoso","sport e pubblico","tradurre","Spettatore che sostiene una squadra; usare il plurale tifosi quando richiesto"
"countdown","conto alla rovescia","tempo e competizioni","tradurre","Scansione numerica che precede l'inizio di una partita o di un turno"
"sterilize","sterilizzare","pericoli di Astro Arena","tradurre","Procedura letale o di sicurezza applicata alla Ready Room dopo l'inizio del turno; non attenuare in igienizzare"
"Marine Corps","Fanteria di Marina","forze armate","tradurre","Corpo militare nel suo insieme; usare fante di marina per il singolo membro e Fanteria di Marina per l'istituzione"
"fall in","mettersi in riga / in riga","ordini militari","contestuale","Comando impartito ai militari perché assumano lo schieramento previsto"
"with extreme prejudice","senza alcuna pietà","ordini militari","tradurre","Eufemismo operativo che ordina l'eliminazione letale del bersaglio; non attenuare in estrema determinazione"
"fragged","eliminato con una granata / saltato in aria","combattimento","contestuale","Gergo militare per un bersaglio eliminato mediante granata a frammentazione"
"infiltration point","punto d'infiltrazione","tattica e orientamento","tradurre","Punto dal quale una squadra entra nell'area operativa"
"readyline","linea di schieramento","zone di preparazione e tattica","tradurre","Linea dalla quale i combattenti si preparano a entrare nell'area operativa; la sorgente usa la minuscola e non la tratta come nome proprio"
"off-grid","sparito dai radar / fuori rete","comunicazioni e squadra","contestuale","In una comunicazione militare indica un compagno non più rintracciabile o scollegato; preferire sparito dai radar nel dialogo"
"roll out","entrare in azione / muovere","ordini militari","contestuale","Ordine o preparazione alla partenza della squadra verso l'area operativa"
"op","operazione","gergo militare","tradurre","Abbreviazione colloquiale di operation; nei comandi italiani usare la forma completa"
"wet work","lavoro sporco","gergo militare","tradurre","Eufemismo per un'eliminazione violenta o clandestina, qui riferito al combattimento ravvicinato"
"lifesign","segno vitale","medicina e combattimento","tradurre","Indicatore biologico del ferito; usare il plurale segni vitali quando si parla dello stato clinico complessivo"
"old school","vecchia scuola","dialoghi colloquiali","tradurre","Metodo tradizionale o diretto, qui usato con approvazione per il corpo a corpo"
"six ways from Sunday","completamente / in ogni modo possibile","espressioni colloquiali","contestuale","Rafforzativo idiomatico che indica una sconfitta totale; evitare traduzioni letterali legate alla domenica"
"dead in its tracks","sul nascere / all'istante","minacce e combattimento","contestuale","Indica una minaccia bloccata immediatamente e senza possibilità di proseguire"
"commendation","encomio","forze armate","tradurre","Riconoscimento formale attribuito per una condotta militare meritevole"
"move out","muoversi / avanzare","ordini militari","contestuale","Ordine immediato di lasciare la posizione e procedere verso l'obiettivo"
"punk out","tirarsi indietro / fare il codardo","gergo dei fuorilegge","contestuale","Rinunciare per paura o mancanza di coraggio; mantenere il tono provocatorio"
"clubhouse","covo","gergo dei fuorilegge e luoghi","tradurre","Base occupata dalla banda; qui non indica un circolo ricreativo"
"scumbag","feccia / bastardo","gergo e insulti","contestuale","Insulto aggressivo che il capo usa anche in modo cameratesco verso la propria squadra"
"new blood","sangue nuovo","squadra e reclutamento","tradurre","Nuovo membro appena entrato nel gruppo"
"nick someone's kill","fregare l'uccisione a qualcuno","gergo di combattimento","tradurre","Attribuirsi l'eliminazione di un bersaglio già indebolito da un compagno"
"bloodlust","sete di sangue","combattimento e caratterizzazione","tradurre","Impulso violento a continuare a uccidere; mantenere la brutalità del parlante"
"rack up","armarsi / prepararsi","gergo dei fuorilegge","contestuale","Nel contesto della scelta dell'equipaggiamento ordina di preparare armi e dotazione; verificare contro l'audio se la battuta diventa accessibile"
"skeeve out","svignarsela","gergo dei fuorilegge","tradurre","Abbandonare il gruppo o fuggire di nascosto per evitare lo scontro"
"off-mic","fuori microfono","regia e sottotitoli","tradurre","Indicazione che la voce proviene da fuori microfono; preservare le parentesi della sorgente"
"exchange of gunfire","scambio di colpi d'arma da fuoco","regia e sottotitoli","tradurre","Indicazione sonora di uno scontro a fuoco; preservare le parentesi della sorgente"
"roust","sloggiare / stanare","gergo dei fuorilegge","contestuale","Costringere qualcuno ad abbandonare con la forza il proprio rifugio o territorio"
"vent them","espellerli fuori bordo","operazioni di bordo e gergo criminale","tradurre","Liberarsi dei cadaveri espellendoli attraverso una camera stagna o depressurizzando il compartimento"
"ghost them","farli fuori","gergo criminale","tradurre","Ordine conciso di uccidere i bersagli; non confondere con la modalità fantasma"
"clump together","ammucchiarsi / raggrupparsi","combattimento","contestuale","Disporsi troppo vicini e diventare vulnerabili a un singolo attacco"
"walk all over","mettere i piedi in testa","minacce e dialoghi colloquiali","tradurre","Dominare e umiliare qualcuno senza incontrare resistenza"
"private stock","riserva privata","bevande e ricompense","tradurre","Scorta di qualità tenuta da parte dal capo e offerta alla squadra dopo una vittoria"
"mags","caricatori","armi e gergo militare","tradurre","Abbreviazione colloquiale di magazines riferita ai caricatori delle armi"
"frags","granate a frammentazione","armi e gergo militare","tradurre","Abbreviazione colloquiale per le granate a frammentazione; nel comando rapido può essere resa semplicemente con granate"
"lay to waste","fare a pezzi / devastare","combattimento e minacce","contestuale","Ridurre completamente all'impotenza o distruggere il bersaglio"
"Kagi","Kagi","equipaggiamento Sataball","mantenere","Nome breve del Kagi RTD usato per spostarsi e manipolare la palla in assenza di gravità; preservare per lore e guide"
"AMP","AMP","gergo Sataball","mantenere_e_spiegare","Acronimo isolato pronunciato da Cara e subito sciolto in Any Means Possible; conservarlo per coerenza con l'audio e rendere il senso in italiano"
"ball carrier","portatore di palla","ruoli Sataball","tradurre","Giocatore che ha il possesso; nel parlato alternare con giocatore in possesso quando risulta più naturale"
"stun","stordimento","azioni Sataball","tradurre","Effetto temporaneo e non letale provocato dai colpi nell'arena"
"electric field","campo elettrico","elementi Sataball","tradurre","Campo perimetrale dal quale la palla può rimbalzare; non confondere con il terreno di gioco"
"field bounce","rimbalzo sul campo elettrico","azioni Sataball","tradurre","Rimbalzo intenzionale della palla contro il campo elettrico dell'arena"
"passway","linea di passaggio","tattica Sataball","tradurre","Corridoio lungo il quale può viaggiare un passaggio; al plurale linee di passaggio"
"interception","intercetto","azioni Sataball","tradurre","Recupero di un passaggio avversario; preferire il sostantivo sportivo intercetto"
"possession","possesso","azioni Sataball","tradurre","Controllo della palla da parte di un giocatore o di una squadra"
"goal","porta / gol","azioni e strutture Sataball","contestuale","Usare porta per la struttura fisica e gol per il punto segnato o tentato"
"press","avanzata / pressione offensiva","tattica Sataball","contestuale","Azione coordinata con cui la squadra in possesso spinge verso la porta avversaria"
"gate","cancello","strutture Sataball","contestuale","Accesso che si apre per l'ingresso in campo o si chiude durante la fase iniziale; non confondere automaticamente con la porta in cui si segna"
"battle plan","piano di battaglia","tattica Sataball","tradurre","Strategia preparata prima della partita; normalizzare anche la variante sorgente unita battleplan"
"hat trick","tripletta","punteggio Sataball","tradurre","Tre gol segnati dallo stesso giocatore; la chiave tecnica usa la variante unita Hattrick"
"headshot","colpo alla testa","azioni Sataball e combattimento","tradurre","Colpo più difficile che prolunga lo stordimento del bersaglio; evitare l'anglicismo nel testo visibile"
"zero-G","assenza di gravità","movimento Sataball","tradurre","Condizione fisica dell'arena; mantenere zero-G soltanto in denominazioni tecniche o storiche che lo richiedano"
"rookie mistake","errore da principiante","azioni Sataball e dialoghi","tradurre","Errore elementare attribuito all'inesperienza; non usare recluta fuori dal contesto militare"
"own goal","autogol","punteggio Sataball","tradurre","Gol segnato involontariamente nella propria porta; nelle reazioni può essere descritto senza ripetere il termine"
"roster","rosa","squadre sportive","tradurre","Insieme dei giocatori registrati per una squadra e soggetti a rotazioni o cambi di formazione"
"scoring run","serie realizzativa","punteggio Sataball","tradurre","Sequenza di gol o punti ottenuti senza una risposta sostanziale degli avversari"
"comeback","rimonta","andamento della partita","tradurre","Recupero progressivo di una squadra che si trovava in svantaggio"
"rout","disfatta","andamento della partita","tradurre","Sconfitta schiacciante con un divario ormai difficilmente recuperabile"
"score gap","distacco nel punteggio","punteggio Sataball","tradurre","Differenza di punti fra le due squadre; nel parlato può essere resa con distacco o divario"
"turn the tables","ribaltare la situazione","tattica e andamento della partita","tradurre","Rovesciare un andamento sfavorevole fino a riportarsi in corsa per la vittoria"
"turnover","cambio di possesso / palla persa","azioni Sataball","contestuale","Passaggio della palla agli avversari; descrivere l'evento come cambio di possesso e l'errore della squadra come palla persa"
"ball handling","gestione della palla","tecnica Sataball","tradurre","Capacità individuale o collettiva di controllare e far circolare la palla"
"broadcast booth","cabina di commento","strutture e media sportivi","tradurre","Postazione dalla quale i telecronisti seguono e narrano la partita"
"gravity tunnel racing","gare nei tunnel gravitazionali","sport e lore","tradurre","Competizione professionistica ospitata da Astro Arena fuori dalla stagione di Sataball"
"gank the ball","strappare la palla","gergo Sataball","tradurre","Sottrarre rapidamente il possesso nel pieno dell'azione; non mantenere il verbo gank nel testo visibile"
"Hall of Famer","membro della Hall of Fame","titoli sportivi","mantenere_parzialmente","Titolo di chi è stato accolto nella Hall of Fame; mantenere il nome riconoscibile dell'istituzione sportiva e tradurre il ruolo"
"defensive shooter","tiratore difensivo","ruoli Sataball","tradurre","Giocatore che usa il fuoco di stordimento per proteggere la porta e interrompere l'attacco"
"Autopilot","Pilota automatico","pilotaggio","tradurre","Sistema che governa automaticamente la nave; non confondere con Adegua velocità, che regola soltanto la velocità sul bersaglio"
"Axial Roll","Rollio assiale","manovre di volo","tradurre","Rotazione della nave attorno al proprio asse longitudinale"
"Barrel Roll","Tonneau","manovre di volo","tradurre","Manovra in cui la nave descrive una traiettoria elicoidale combinando rollio e cabrata; distinta dal semplice rollio assiale"
"Flare","Bengala","contromisure legacy","tradurre","Vecchia denominazione della contromisura termica; nei sistemi moderni la funzione corrispondente è indicata come Esca"
"Ace","Asso","combattimento aereo e spaziale","tradurre","Pilota nemico di riconosciuta abilità; non confondere con eventuali nomi propri o designazioni operative"
"Taxiway","Via di rullaggio","infrastrutture di volo","tradurre","Percorso di manovra che collega piattaforme, hangar e aree di decollo"
"Spire","Spire","luoghi e orientamento di Arena Commander","mantenere","Nome proprio del punto di riferimento e destinazione della gara nel tutorial di Gilly; conservarlo per mappe e guide"
"Capture the Core (CTC)","Cattura il nucleo (CTC)","modalità di Arena Commander","tradurre_parzialmente","Modalità a obiettivo in cui le squadre sottraggono e riportano il nucleo; mantenere la sigla CTC per compatibilità con guide e identificatori legacy"
"skrum","feccia / bastardi","slang di Bullseye","contestuale","Insulto ricorrente rivolto agli avversari; alternare feccia e bastardi secondo il ritmo senza attribuirgli un dialetto regionale"
"billaball","nucleo","slang di Bullseye e CTC","tradurre","Nome deformato con cui Bullseye indica l'obiettivo della modalità Cattura il nucleo"
"shan","una bellezza / ottimo","slang di Bullseye","contestuale","Approvazione derivata dalla glossa inglese shiny; ricreare entusiasmo colloquiale senza lasciare la parola inventata incomprensibile"
"Bucho mat","figlio di puttana","slang di Bullseye","tradurre","Imprecazione forte esplicitata dalla glossa della sorgente; conservare il livello di aggressività"
"Nyet","Nyet","marcatori vocali di Deadeye","mantenere","Risposta negativa russa usata sporadicamente per caratterizzare Deadeye; non estendere l'accento al resto delle battute"
"Da","Da","marcatori vocali di Deadeye","mantenere","Risposta affermativa russa usata sporadicamente per caratterizzare Deadeye; non sostituire sistematicamente ogni sì"
"Entschuldigung","Entschuldigung","marcatori vocali di Sidearm","mantenere","Formula tedesca di scusa usata come attacco breve prima di una frase italiana; preserva l'identità vocale senza rendere incomprensibile l'ordine"
"Natürlich","Natürlich","marcatori vocali di Sidearm","mantenere","Risposta affermativa tedesca isolata; conservarla senza estendere artificialmente il tedesco alle altre battute"
"Verdammt nochmal","Verdammt nochmal","marcatori vocali di Sidearm","mantenere","Imprecazione tedesca isolata di Sidearm; il contesto di fuoco amico ne rende chiara la funzione emotiva"
"Auswerfen","Auswerfen","marcatori vocali di Sidearm","mantenere","Chiamata tedesca di espulsione; conservarla solo nella variante sorgente già recitata in tedesco"
"Scheiße","Scheiße","marcatori vocali di Sidearm","mantenere","Imprecazione tedesca di Sidearm; mantenere nelle battute miste senza usarla altrove"
"Scheiße-Kopf","Scheiße-Kopf","marcatori vocali di Sidearm","mantenere","Insulto ibrido presente nella sorgente; conservarlo letteralmente per coerenza con l'audio e con la caratterizzazione"
"Mierda","Mierda","marcatori vocali di Spitfire","mantenere","Imprecazione spagnola inserita fra i marcatori portoghesi di Spitfire; conservarla come recitata senza uniformarla a un'altra lingua"
"Não posso","Não posso","marcatori vocali di Spitfire","mantenere","Rifiuto portoghese isolato e immediatamente comprensibile dal contesto della risposta negativa"
"Inimigo destruído","Inimigo destruído","marcatori vocali di Spitfire","mantenere","Chiamata portoghese di abbattimento; conservarla nella sola variante sorgente già recitata in portoghese"
"Filho da puta","Filho da puta","marcatori vocali di Spitfire","mantenere","Imprecazione portoghese forte; preservare la carica emotiva e non estenderla ad altri personaggi"
"LZ","LZ","pilotaggio e orientamento","mantenere","Sigla operativa di Landing Zone usata nelle comunicazioni radio e nelle guide; mantenerla quando la sorgente usa già la sigla, traducendo invece Landing Zone per esteso secondo la voce dedicata"
"10-4","10-4","comunicazioni radio","mantenere","Codice radio internazionale usato da Tanto come conferma; conservarlo perché caratterizza la voce ed è riconoscibile nelle guide e nelle trascrizioni"
"Murray Cup Race Simulator","Murray Cup Race Simulator","simulatori ed eventi sportivi","mantenere","Nome proprio del simulatore ufficiale della Murray Cup; conservarlo per coerenza con mappe, guide e interfacce legacy"
"Blitz mode","modalità Blitz","modalità Murray Cup","tradurre_parzialmente","Tradurre il descrittore modalità e mantenere Blitz come nome riconoscibile della variante"
"Rush mode","modalità Rush","modalità Murray Cup","tradurre_parzialmente","Tradurre il descrittore modalità e mantenere Rush come nome riconoscibile della variante"
"Conquest","Conquista","modalità di Arena Commander","tradurre","Nome della modalità basata sul controllo delle zone"
"Hot-Zone","zona calda","gare di Arena Commander","tradurre","Settore della pista in cui cambiano le condizioni operative, incluse le sicurezze delle armi"
"Pylon","Pilone","obiettivi di Arena Commander","tradurre","Obiettivo conquistabile della modalità Conquista; non applicare automaticamente ai supporti per missili, che seguono il glossario dei componenti"
"Drill","Trivella","obiettivi di Arena Commander","tradurre","Obiettivo industriale conquistabile della modalità Conquista"
"Ace status","stato di Asso","Arena Commander","tradurre","Condizione ottenuta dopo cinque abbattimenti; Asso mantiene la maiuscola come titolo di stato"
"Assist","Assistenza","punteggio di Arena Commander","tradurre","Contributo riconosciuto a un abbattimento completato da un alleato"
"Aft Shields","scudi di poppa","scudi direzionali delle navi","tradurre","Settore posteriore della schermatura; preferire poppa nelle voci di bordo a registro nautico o militare"
"Stern shielding","schermatura di poppa","scudi direzionali delle navi","tradurre","Forma ricercata usata dalla voce Origin per il settore posteriore"
"Fore-shield","schermatura di prua","scudi direzionali delle navi","tradurre","Forma usata dalla voce Origin per il settore anteriore"
"Nadir shielding","schermatura al nadir","scudi direzionali delle navi","tradurre","Settore inferiore espresso nel registro tecnico ed elegante di Origin"
"Zenith shielding","schermatura allo zenit","scudi direzionali delle navi","tradurre","Settore superiore espresso nel registro tecnico ed elegante di Origin; non confondere con il modello d'arma Zenith"
"Bogey","contatto ostile","sensori e combattimento di bordo","tradurre","Bersaglio aereo o spaziale non identificato e potenzialmente ostile; nelle chiamate brevi rendere contatto ostile"
"Ballistics","armamento balistico / munizioni balistiche","armi di bordo","contestuale","Usare armamento per il sistema e munizioni quando l'avviso riguarda quantità, esaurimento o ricarica"
"ECLSS","sistema ambientale e supporto vitale","sistemi di bordo","tradurre","Environmental Control and Life Support System; nelle voci italiane sciogliere la sigla quando non serve come identificatore tecnico"
"Pilot Assist","assistenza al pilotaggio","pilotaggio","tradurre","Funzione automatica che restituisce o assume parte del controllo della nave"
"Check Fire","cessare il fuoco","comunicazioni militari","tradurre","Ordine operativo di interrompere immediatamente il tiro; non tradurre letteralmente come controllare il fuoco"
"MedGel","MedGel","medicina e lore","mantenere","Nome canonico del materiale medico CureLife impiegato da dispositivi e stazioni di rigenerazione; preservare grafia e maiuscole"
"Citizen Day","Citizen Day","festività e lore","mantenere","Festività canonica dell'UEE; preservare il nome originale nelle battute e nei riferimenti culturali"
"Terra Prime","Terra Prime","luoghi e lore","mantenere","Nome proprio canonico della metropoli di Terra; preservare per mappe, guide e riferimenti culturali"
"New Horizon","New Horizon","circuiti e orientamento","mantenere","Nome proprio del tracciato della Murray Cup; preservare per mappe, guide e telecronaca"
"New Horizon Raceway","New Horizon Speedway","circuiti e orientamento","normalizzare","Variante narrativa storica; nel testo visibile usare il nome canonico New Horizon Speedway impiegato nelle mappe e nell'interfaccia"
"MCR","MCR","organizzazioni sportive e lore","mantenere","Sigla dell'organizzazione responsabile delle corse Murray; preservarla nelle comunicazioni e nella telecronaca"
"Silas Koerner","Silas Koerner","personaggi e lore","mantenere","Nome proprio del fondatore e proprietario di Consolidated Outland"
"Kale Sonora","Kale Sonora","piloti e lore","mantenere","Nome proprio della pilota citata nelle qualificazioni della Murray Cup"
"Issigon","Issigon","circuiti e lore","mantenere","Nome proprio di un tracciato o sede di qualificazione della Murray Cup"
"Waylon Vickers","Waylon Vickers","piloti e lore","mantenere","Nome proprio del pilota storico citato dal telecronista della Murray Cup"
"Jumpers","Jumpers","squadre sportive e lore","mantenere","Nome proprio della squadra i cui tifosi vengono citati dal telecronista; preservarlo come riferimento culturale"
"racing line","traiettoria di gara","corse e pilotaggio","tradurre","Linea ideale seguita sul tracciato; adattare al plurale quando il telecronista parla delle traiettorie imposte ai piloti"
"Trevor Basque","Trevor Basque","personaggi e lore","mantenere","Nome proprio del telecronista della Murray Cup; preservare in presentazioni e chiusure"
"Shawn Walker","Shawn Walker","personaggi e lore","mantenere","Nome proprio del telecronista GSN presente alle qualificazioni di New Horizon"
"GSN","GSN","reti e media","mantenere","Sigla canonica della rete che segue la Murray Cup; preservare nelle presentazioni"
"Ellis System","Ellis System","sistemi stellari e orientamento","mantenere","Nome proprio completo del sistema che ospita New Horizon; preservare per mappe e guide"
"Synthworld","Synthworld","luoghi e lore","mantenere","Nome proprio del pianeta artificiale incompiuto dell'UEE, usato dal telecronista in una battuta"
"New Horizon Qualifiers","qualificazioni di New Horizon","eventi sportivi","tradurre_parzialmente","Mantenere New Horizon come luogo canonico e tradurre il descrittore dell'evento"
"souk","souk","cultura banu e mercati","mantenere","Mercato o bazar nella cultura banu; preservare il termine lore nella battuta del telecronista"
"Rashida Collins","Rashida Collins","personaggi e lore","mantenere","Nome proprio della persona citata da Trevor Basque nella battuta sul suo primo appuntamento"
"Lima Endicott","Lima Endicott","personaggi e lore","mantenere","Nome proprio della responsabile operativa di Citizens for Prosperity; preservare in firme, comunicazioni e guide"
"Lead Dispatcher","responsabile operativa","ruoli e organizzazioni","tradurre","Titolo di Lima Endicott nella CFP; usare la maiuscola soltanto quando appare come qualifica formale"
"cap ship","grande unità","veicoli spaziali","tradurre","Abbreviazione colloquiale di capital ship; evitare il calco nave capitale nelle comunicazioni operative"
"go dark","sparire dai sensori / ridurre le emissioni","sensori e tattica","contestuale","Ordine di occultare il veicolo riducendone firma ed emissioni; scegliere la forma più naturale per la battuta"
"POI","POI","navigazione e orientamento","mantenere","Sigla di point of interest usata nei marker e nelle guide; preservarla per consentire il riconoscimento immediato"
"POIs","POI","navigazione e orientamento","mantenere","Plurale inglese della sigla POI; in italiano la sigla resta invariata"
"Tessa Bannister","Tessa Bannister","personaggi e lore","mantenere","Nome canonico della cartografa dell'ICC; le stringhe storiche scrivono Banister con una sola n, normalizzare soltanto il testo visibile"
"Second Class Junior Cartographer","cartografa junior di seconda classe","ruoli ICC","tradurre","Qualifica completa e volutamente ridondante con cui Tessa Bannister si presenta"
"Junior Cartographer","cartografa junior","ruoli ICC","tradurre","Qualifica abbreviata di Tessa; per un destinatario non identificato usare titolo onorario di cartografo junior"
"scan probe","sonda di scansione","sensori e cartografia","tradurre","Sonda ICC usata per rilevare e cartografare zone non coperte dalle unità principali"
"DB","SdS","dialoghi di Tessa Bannister","adattare","Abbreviazione personale di distress beacon; adattata in SdS per conservare la battuta esplicativa italiana su segnale di soccorso"
"distress bacon","maiale di soccorso","dialoghi di Tessa Bannister","adattare_gioco_di_parole","Celebre lapsus di Tessa; maiale richiama bacon e assona con segnale, poi la battuta corregge in segnale di soccorso"
"Cassel","Cassel","pianeti e orientamento","mantenere","Nome canonico di Goss II, meta turistica citata da Tessa; preservare per mappe e lore"
"Green","Green","pianeti e orientamento","mantenere_contestuale","Nome canonico di Ellis III quando indica il pianeta; non applicare alla parola inglese usata come colore"
"Tangaroa","Tangaroa","pianeti e orientamento","mantenere","Nome canonico di Helios II, destinazione scelta da Tessa per le vacanze"
"Galactapedia","Galactapedia","lore e pubblicazioni","mantenere","Nome canonico dell'enciclopedia dell'universo di Star Citizen"
"blind spot","zona cieca","sensori e cartografia","tradurre","Area della rete non più coperta a causa di una sonda fuori servizio"
"Arken Mallor","Arken Mallor","personaggi e lore","mantenere","Nome canonico dell'investigatore di Hockrow incaricato del caso Onyx"
"Hockrow","Hockrow","organizzazioni e lore","mantenere","Nome proprio dell'agenzia investigativa per cui opera Arken Mallor; conservare anche nelle forme possessive inglesi"
"Dr. Logan Jorrit","dottor Logan Jorrit","personaggi e lore","mantenere_nome","Nome completo del ricercatore ASD; tradurre soltanto il titolo e conservare il nome proprio"
"Dr. Jorrit","dottor Jorrit","personaggi e lore","mantenere_nome","Forma abbreviata del nome; tradurre soltanto il titolo e conservare il cognome"
"GRX power core","nucleo energetico GRX","energia e ricerca ASD","tradurre_modello","GRX è l'identificativo canonico del modello e resta invariato; il tipo di componente si traduce"
"regen","rigenerazione","tecnologia medica e dialoghi","tradurre","Forma colloquiale abbreviata di regeneration; nei dialoghi italiani usare il termine completo"
"ecdysis","ecdisi","biologia e ricerca","tradurre","Termine scientifico per la muta con abbandono dell'esuvia"
"Vanduul biomass","biomassa Vanduul","biologia e lore","tradurre_parzialmente","Tradurre il sostantivo e mantenere il nome canonico della specie"
"Angor Kent","Angor Kent","personaggi e lore","mantenere","Nome canonico dell'ex criminale che valuta e assiste i nuovi cacciatori di taglie"
"Bounty Hunters Guild","Bounty Hunters Guild","organizzazioni e lore","mantenere","Nome canonico dell'organizzazione che regolamenta la caccia alle taglie; preservare per reputazione, guide e comunità"
"Guild","Guild","dialoghi della Bounty Hunters Guild","mantenere_contestuale","Forma abbreviata usata da Angor Kent per la Bounty Hunters Guild; non applicare alle gilde generiche"
"bounty rotation","rotazione delle taglie","caccia alle taglie","tradurre","Circuito in cui rientrano le taglie abbandonate o non completate"
"put a bounty back on the wire","rimettere una taglia in rete","caccia alle taglie e gergo","tradurre","Rendere nuovamente disponibile la taglia agli altri cacciatori"
"bounty cleared","taglia chiusa","caccia alle taglie","tradurre","Conferma che il bersaglio è stato neutralizzato e l'incarico può essere liquidato"
"Jake Brogan","Jake Brogan","personaggi e lore","mantenere","Nome canonico del referente Shubin ambizioso e ossessionato dai risultati aziendali"
"Gavin Arlington","Gavin Arlington","personaggi e lore","mantenere","Nome canonico del CEO di Shubin Interstellar e autore di Collecting Dust"
"Collecting Dust","Collecting Dust","opere e lore","mantenere","Titolo canonico dell'autobiografia di Gavin Arlington; non tradurre per reperibilità nella lore e nelle guide"
"PAT approach","metodo PAD","dialoghi Shubin e giochi di parole","adattare_acronimo","Acronimo aziendale Preparation, Action, Thoroughness; adattato come Preparazione, Azione e Diligenza per conservare significato e struttura mnemonica"
"Dina Deloit","Dina Deloit","personaggi e lore","mantenere","Nome canonico della responsabile operativa del United Wayfarers Club"
"DD","DD","personaggi e lore","mantenere_contestuale","Soprannome con cui Dina Deloit si presenta e firma le comunicazioni; non espandere nel testo visibile"
"United Wayfarers Club","United Wayfarers Club","organizzazioni e lore","mantenere","Nome canonico dell'organizzazione che coordina servizi di assistenza e rifornimento"
"UWC","UWC","organizzazioni e lore","mantenere","Sigla canonica di United Wayfarers Club"
"Wayfarer","Wayfarer","organizzazioni e lore","mantenere_contestuale","Forma breve usata da Dina Deloit per il United Wayfarers Club; non tradurre nei dialoghi"
"hazard pay","indennità di rischio","lavoro e ricompense","tradurre","Compenso aggiuntivo riconosciuto per un incarico che espone il contraente a un pericolo imprevisto"
"refueling contract","incarico di rifornimento","rifornimento e missioni","tradurre","Contratto per assistere una nave rimasta senza carburante"
"spin up the quantum drive","portare a regime il propulsore quantico","viaggio quantico e dialoghi","tradurre","Fase di preparazione necessaria prima di poter entrare in viaggio quantico"
"Forge","Forge","personaggi, luoghi militari e lore","mantenere_contestuale","Nome del portavoce maschile degli Shattered Blade oppure di un singolo centro di addestramento della UEE Navy su MacArthur; non confondere con forge usato come nome comune"
"killer","killer","dialoghi di Forge","mantenere_appellativo","Appellativo ricorrente, minaccioso e invariabile; usare la maiuscola soltanto nella battuta in cui la sorgente presenta esplicitamente Killer come soprannome formale"
"the Shattered","gli Shattered","organizzazioni e lore","mantenere_abbreviazione","Forma abbreviata con cui Forge indica gli Shattered Blade; conservare Shattered come nome proprio"
"scorched earth","terra bruciata","guerra e dialoghi","tradurre","Strategia di distruzione totale evocata da Forge durante l'assalto alla People's Alliance"
"Emily","Emily","personaggi e lore","mantenere","Nome della persona che Amelia Boyd invoca nelle proprie ultime parole; identità non esplicitata nelle battute"
"wannabe starmen","aspiranti starman","gradi militari e dialoghi","tradurre_parzialmente","Tradurre il qualificatore dispregiativo e mantenere starman come grado ufficiale invariabile della UEE Navy"
"the Slicer thing","la faccenda dei Slicers","eventi e lore","normalizzare_nome","Riferimento di Amelia Boyd alla falsa identità usata dai Frontier Fighters; ripristinare il nome canonico plurale Slicers"
"the Empire","l'Impero","UEE e lore","tradurre","Forma abbreviata della UEE usata nei discorsi ideologici dei Frontier Fighters; conservare la maiuscola"
"criminal cancer","cancro criminale","propaganda dei Frontier Fighters","tradurre","Metafora disumanizzante impiegata da Amelia Boyd per descrivere la criminalità di Pyro"
"DefenseCon","DefenseCon","eventi e lore","mantenere","Nome canonico dell'evento militare; conservare grafia e maiuscole in annunci, segnaletica e guide"
"event halls","padiglioni dell'evento","eventi e orientamento","tradurre","Spazi espositivi di DefenseCon; non tradurre halls come corridoi in questo contesto"
"narc someone out","segnalare qualcuno alla sicurezza","sicurezza e dialoghi","tradurre","Espressione colloquiale per denunciare una violazione al personale di sicurezza"
"go quietly","non opporre resistenza","sicurezza e dialoghi","tradurre","Invito a lasciarsi fermare senza tentare fuga o resistenza"
"Bevic Convention Center","Bevic Convention Center","luoghi e orientamento","mantenere","Nome canonico del centro congressi di ArcCorp; preservare integralmente per mappe, segnaletica e guide"
"stim-free environment","ambiente libero da sostanze stimolanti","regolamenti e sicurezza","tradurre","Divieto di consumo di stimolanti nel Bevic Convention Center; non interpretare stim come stimolo sensoriale"
"refreshing fun","una ventata di divertimento","promozione del Bevic Convention Center","adattare","Gioco promozionale sul ristoro; adattare in modo naturale senza il calco divertimento rinfrescante"
"Navy Forges","Navy Forges","luoghi militari e lore","mantenere","Nome collettivo ufficiale dei centri di addestramento della UEE Navy su MacArthur; preservare per lore e guide"
"MacArthur","MacArthur","pianeti e orientamento","mantenere","Nome canonico di Kilian V e sede del comando della UEE Navy"
"Corin","Corin","pianeti e orientamento","mantenere","Nome canonico di Kilian IX e mondo di addestramento degli UEE Marines"
"Friends and Family","Friends and Family","servizi Invictus e orientamento","mantenere","Nome dello stand informativo destinato alle famiglie delle reclute"
"Invictus Ship Hall","Invictus Ship Hall","luoghi e orientamento","mantenere","Nome della zona espositiva navale; preservare per segnaletica, mappe e guide"
"Invictus Launch Week Expo Hall","Invictus Launch Week Expo Hall","luoghi e orientamento","mantenere","Denominazione estesa della zona espositiva Invictus; preservare integralmente"
"Pathfinder units","unità da esplorazione","organizzazione militare","tradurre","Unità operative della Navy destinate a ricognizione ed esplorazione; non confondere con il missile Pathfinder"
"Combat Search & Rescue","ricerca e soccorso in combattimento","operazioni militari","tradurre","Addestramento CSAR svolto dal personale veicolare della UEE Navy insieme agli UEE Marines"
"Best in Show lineup","selezione Best in Show","IAE ed eventi","tradurre_parzialmente","Selezione delle navi vincitrici del voto popolare; mantenere Best in Show come nome ufficiale"
"show hall","padiglione espositivo","fiere e orientamento","tradurre","Padiglione generico dell'Expo; non indica un nome proprio della mappa"
"holoviewer room","sala Holoviewer","IAE e orientamento","tradurre_parzialmente","Sala dell'IAE dedicata alle anteprime olografiche; mantenere Holoviewer per mappe e guide"
"Alana Redmond","Alana Redmond","personaggi e lore","mantenere","Fondatrice di AR-Go Technologies, divenuta in seguito Argo Astronautics"
"Kesselring Heist","Kesselring Heist","eventi e lore","mantenere","Celebre colpo del 2903 nel quale fu impiegata una Caterpillar di Drake"
"Severus","Severus","luoghi e orientamento","mantenere","Nome canonico del luogo nel sistema Kiel; preservare per mappe e guide"
"Meat Grinder","Meat Grinder","collaudi MISC e lore","mantenere","Soprannome della severa prova proprietaria applicata ai prototipi MISC"
"Quantum Core Engine","Quantum Core Engine","tecnologia RSI e lore","mantenere","Nome del prototipo presentato da RSI nel 2075"
"Earth","Earth","pianeti e orientamento","mantenere","Nome canonico inglese della Terra nel sistema Sol; preservare per distinguere Earth da Terra"
"Messer regime","regime Messer","storia e lore","tradurre_parzialmente","Periodo storico della dinastia Messer; mantenere Messer come nome proprio"
"fire superiority","superiorità di fuoco","combattimento militare","tradurre","Superiorità ottenuta mediante maggiore efficacia e volume di fuoco"
"Atlas vehicle platform","piattaforma veicolare Atlas","veicoli Anvil e lore","tradurre_parzialmente","Base progettuale condivisa da Ballista e Spartan; mantenere Atlas come nome canonico"
"rough it","rinunciare alle comodità","dialoghi e promozione","tradurre","Affrontare un viaggio in condizioni spartane o prive di comfort"
"Cutlass Red","Cutlass Red","veicoli Drake","mantenere","Nome canonico della variante sanitaria della Cutlass; usare anche quando la sorgente abbrevia impropriamente in Drake Red"
"Drake's got your back","Drake vi copre le spalle","promozione Drake","adattare","Formula pubblicitaria che presenta Drake come protezione affidabile; evitare calchi rigidi"
"picked clean","depredato fino all'ultimo bullone","dialoghi Drake","adattare","Iperbole che descrive una nave distrutta e spogliata di ogni componente utile"
"local law","forze dell'ordine locali","sicurezza e dialoghi","tradurre","Autorità locali chiamate a intervenire contro aggressori e fuorilegge"
"combat-tested","collaudato in combattimento","veicoli e promozione","tradurre","Veicolo la cui affidabilità è stata dimostrata in scontri reali"
"cargo service request","richiesta di servizio cargo","servizi cargo","tradurre","Richiesta operativa per ottenere l'assegnazione di un Piano carichi"
"cargo facility","struttura cargo","servizi cargo","tradurre","Struttura generica dedicata alla movimentazione del carico"
"cargo deck assignment","assegnazione del Piano carichi","servizi cargo e orientamento","tradurre","Autorizzazione temporanea a usare uno specifico Piano carichi; conservare la maiuscola quando indica l'area assegnata"
"Code Yellow","Codice Giallo","allarmi medici","tradurre","Codice di emergenza ospedaliera; conservare le maiuscole nella denominazione italiana"
"decom team","squadra di decontaminazione","emergenze mediche","normalizzare_sorgente","Probabile trascrizione errata di decon team; interpretazione da verificare contro l'audio"
"crash team","squadra di rianimazione","emergenze mediche","tradurre","Squadra ospedaliera chiamata a intervenire nelle emergenze con rischio d'arresto; non tradurre letteralmente incidente"
"Emergency 5","Emergency 5","ospedali e orientamento","mantenere","Area numerata del reparto Emergency; preservare per segnaletica e guide"
"Surgery 2","Surgery 2","ospedali e orientamento","mantenere","Sala operatoria numerata; preservare la denominazione usata nella struttura"
"Surgery 3","Surgery 3","ospedali e orientamento","mantenere","Sala operatoria numerata; preservare la denominazione usata nella struttura"
"Diagnostics","Diagnostics","ospedali e orientamento","mantenere","Nome del reparto diagnostico negli annunci EHS; preservare per segnaletica e guide"
"Imprint Storage","Archivio impronte","medicina e rigenerazione","tradurre","Reparto che gestisce la conservazione delle impronte; maiuscola quando indica il reparto"
"Neurology department","reparto Neurology","ospedali e orientamento","tradurre_parzialmente","Reparto ospedaliero; mantenere Neurology per segnaletica e guide"
"Admissions","Admissions","ospedali e orientamento","mantenere","Reparto accettazione richiamato negli annunci; preservare per segnaletica e guide"
"Bias Free Zone","Zona libera da pregiudizi","politiche EHS","tradurre","Denominazione della politica EHS di trattamento imparziale; mantenere la maiuscola iniziale"
"EHS Addiction Center","EHS Addiction Center","ospedali e orientamento","mantenere","Nome del centro EHS dedicato alla cura delle dipendenze; preservare per lore e guide"
"cybernetic donor","donatore di impianti cibernetici","medicina e assistenza","tradurre","Persona iscritta al programma di donazione di impianti cibernetici EHS"
"You're cleared","Via libera","dogana e sicurezza","tradurre","Autorizzazione a proseguire dopo un controllo; non significa essere scagionati da un'accusa"
"Hold for scan","Resta immobile per la scansione","dogana e sicurezza","tradurre","Ordine di non muoversi durante la verifica d'identità"
"You're up","Tocca a te","code e controlli","tradurre","Invito rivolto alla persona successiva; non significa essere svegli"
"whiskey","whisky","bevande","tradurre_contestuale","Grafia italiana della bevanda generica; mantenere whiskey soltanto all'interno di nomi propri e identificativi come RAB-WHISKEY"
"Smoltz","Smoltz","bevande e lore","mantenere","Nome canonico della birra servita nei bar; conservare grafia e maiuscola"
"Tevar'","Tevar'","specie e lore","mantenere","Nome canonico abbreviato della specie Tevarin nella barzelletta del barista; preservare apostrofo e maiuscola"
"Whitley's","Whitley's","media e lore","mantenere","Forma abbreviata usata nel parlato per il programma di recensioni di Whitley; preservare per lore e riconoscibilità"
"Good riddance","Era ora","dialoghi burberi","adattare","Congedo sprezzante che esprime sollievo per la partenza dell'interlocutore"
"not half bad","niente male","dialoghi colloquiali","adattare","Litote positiva; non tradurre come non per metà cattivo"
"No sweat off my back","Non cambia niente per me","dialoghi burberi","normalizzare_sorgente","Espressione non standard che fonde no sweat e no skin off my back; rendere il senso di indifferenza"
"Lemon Lush","Lemon Lush","bevande e lore","mantenere","Nome proprio di cocktail; preservare per menu, lore e riconoscibilità"
"Crimson Blitz","Crimson Blitz","bevande e lore","mantenere","Nome proprio di cocktail; preservare per menu, lore e riconoscibilità"
"Terran Tea","Terran Tea","bevande e lore","mantenere","Nome proprio di cocktail; preservare per menu, lore e riconoscibilità"
"Banu Firesale","Banu Firesale","bevande e lore","mantenere","Nome proprio di cocktail; preservare per menu, lore e riconoscibilità"
"Cassellitos","Cassellitos","bevande e lore","mantenere","Nome proprio plurale della bevanda in promozione; preservare per menu e lore"
"HOV","HOV","trasporti e orientamento","mantenere","Sigla del mezzo di trasporto citato nel dialogo; preservare per riconoscibilità"
"trivia night","serata a quiz","intrattenimento","tradurre","Evento informale da locale basato su domande; evitare il calco notte delle curiosità"
"goes down easy","scende che è un piacere","bevande e dialoghi","adattare","Descrive una bevanda forte ma facile e gradevole da bere"
"Kacho to Go","Kacho to Go","marchi e ristorazione","mantenere","Slogan e denominazione di prodotto associata a Big Benny's; preservare grafia e maiuscole della battuta"
"make that a combo","farne un menu completo","ristorazione","adattare","Proposta di trasformare il singolo articolo in un pasto combinato; menu segue l'uso editoriale già adottato nel progetto"
"Coming right up","Arriva subito","servizio al banco","tradurre","Conferma che l'ordinazione viene preparata o consegnata immediatamente; non tradurre letteralmente come arrivo verso l'alto"
"Here's your order","Ecco la tua ordinazione","servizio al banco","tradurre","Formula pronunciata alla consegna del cibo o delle bevande"
"Order up","Ordinazione pronta","servizio al banco","tradurre","Chiamata che segnala un'ordinazione pronta; non è un imperativo a ordinare"
"Food's up","Cibo pronto","servizio al banco","tradurre","Chiamata breve che segnala che il cibo è pronto; non significa che il cibo è finito"
"Food's ready","Il cibo è pronto","servizio al banco","tradurre","Formula completa usata alla consegna del pasto"
"Watch it","Occhio","urti e avvertimenti","adattare","Avvertimento brusco dopo un urto; non è un invito a guardare un oggetto"
"EZ Hab","EZ Hab","luoghi e orientamento","mantenere","Nome canonico della struttura abitativa; preservare spaziatura e maiuscole per mappe e guide"
"Jobwell","Jobwell","aziende e orientamento","mantenere","Nome proprio del servizio o luogo associato agli sportelli TDD; preservare per lore e orientamento"
"TDD","TDD","organizzazioni e orientamento","mantenere","Sigla canonica della Divisione Commercio e Sviluppo; mantenere quando la sorgente usa la sigla"
"manager","responsabile","servizio clienti","tradurre_contestuale","Figura responsabile chiamata a gestire il reclamo; evitare l'anglicismo quando non è un titolo proprio"
"best bet","soluzione migliore","espressioni idiomatiche","adattare","Indica l'opzione più efficace o sicura; non tradurre letteralmente come scommessa"
"sort you out","risolvere il problema / aiutare","servizio clienti","adattare","Portare a soluzione la richiesta del cliente; non indica mettere in ordine la persona"
"watch your tone","abbassare i toni","conflitto verbale","adattare","Avvertimento a moderare il modo di parlare; non tradurre letteralmente come guardare il tono"
"boarding","abbordaggio","combattimento spaziale","tradurre","Ingresso ostile di incursori a bordo di una nave; distinguere dall'imbarco ordinario secondo il contesto"
"boarders","incursori / squadra d'abbordaggio","combattimento spaziale","tradurre_contestuale","Forze ostili già penetrate nella nave; evitare il calco poco naturale abbordatori quando il parlato richiede immediatezza"
"fishing hover","hovercraft da pesca","veicoli e dialoghi","tradurre_contestuale","Mezzo da pesca a sostentamento citato dal capitano come progetto per la pensione"
"dead in the water","immobilizzato","stato dei veicoli","adattare","Nave priva di mobilità o controllo; non mantenere il riferimento letterale all'acqua nello spazio"
"running on fumes","essere praticamente a secco","carburante e dialoghi","adattare","Indica carburante quasi esaurito; rendere con un idioma italiano naturale"
"weapons dry","armi scariche","combattimento e munizioni","adattare","Chiamata militare che segnala l'esaurimento delle munizioni disponibili"
"all green","tutto operativo","stato dei sistemi","adattare","Segnalazione che sistemi o indicatori sono regolari; non tradurre meccanicamente il colore quando il contesto è operativo"
"shield genny","generatore di scudi","veicoli e parlato tecnico","tradurre","Abbreviazione colloquiale di shield generator; conservare il tono rapido senza mantenere l'inglese"
"serve a stretch","scontare un po' di galera","criminalità e dialoghi","adattare","Espressione colloquiale per trascorrere un periodo in carcere"
"outgunned","svantaggiato in potenza di fuoco","combattimento tattico","adattare","Indica inferiorità negli armamenti o nel volume di fuoco disponibile"
"outclassed","nettamente superiore / inferiore","valutazione tattica","tradurre_contestuale","Confronto di capacità complessive; la direzione dipende dal soggetto della frase"
"dead to rights","avere in pugno","espressioni di combattimento","adattare","Avere l'avversario senza vie d'uscita o chiaramente sconfitto; evitare calchi su diritti o morte"
"pace yourselves","dosate le forze","combattimento tattico","adattare","Invito plurale a gestire energie e risorse durante uno scontro lungo"
"ram","speronare","combattimento spaziale","tradurre","Colpire intenzionalmente un'altra nave con il proprio scafo"
"fight dirty","giocare sporco","combattimento e insulti","adattare","Combattere con metodi sleali o scorretti"
"asking for it","andarsela a cercare","minacce e dialoghi","adattare","Avvertimento che un'altra provocazione causerà una reazione ostile"
"scavs","sciacalli","combattimento e criminalità","adattare","Forma dispregiativa abbreviata di scavengers rivolta a predoni e saccheggiatori; non confondere con un nome proprio di fazione"
"cover fire","fuoco di copertura","combattimento tattico","tradurre","Fuoco alleato destinato a proteggere una nave o consentirle di recuperare"
"Roger","Ricevuto","comunicazioni radio","tradurre","Conferma radio di ricezione e comprensione di un ordine"
"get hit exertion","get hit exertion","marcatori di recitazione","mantenere","Indicazione tecnica di sforzo vocale; nel gruppo del capitano manca delle parentesi angolari presenti nelle famiglie parallele, quindi preservare letteralmente in attesa di verifica runtime"
"on our last legs","essere agli sgoccioli","stato dei veicoli","adattare","Indica una nave prossima alla distruzione e con pochissima capacità residua"
"back-up","rinforzi / supporto","combattimento tattico","tradurre_contestuale","Aiuto militare aggiuntivo; distinguere dalla copia di sicurezza informatica"
"ground fire","fuoco da terra","combattimento tattico","tradurre","Attacco proveniente da postazioni o unità sulla superficie"
"planetside","dalla superficie / sulla superficie","luoghi e combattimento","tradurre_contestuale","Indica il lato planetario o la superficie in contrasto con lo spazio"
"easy pickings","preda facile","minacce e combattimento","adattare","Bersaglio ritenuto semplice da sconfiggere o depredare"
"friendly","alleato / dei nostri","combattimento e identificazione","tradurre_contestuale","Unità appartenente alla stessa parte; non descrive necessariamente un atteggiamento amichevole"
"lay off the trigger","togliere il dito dal grilletto","disciplina di combattimento","adattare","Ordine immediato di smettere di sparare"
"buff right out","basterà una lucidata","danni e sarcasmo","adattare","Battuta sarcastica che minimizza un danno alla carrozzeria o allo scafo"
"drawn-out death scream","drawn-out death scream","marcatori di recitazione","mantenere","Indicazione tecnica per un urlo di morte prolungato; preservare letteralmente perché la sorgente la fornisce senza delimitatori"
"medium-length death scream","medium-length death scream","marcatori di recitazione","mantenere","Indicazione tecnica per un urlo di morte di media durata; preservare letteralmente perché la sorgente la fornisce senza delimitatori"
"short death scream","short death scream","marcatori di recitazione","mantenere","Indicazione tecnica per un urlo di morte breve; preservare letteralmente perché la sorgente la fornisce senza delimitatori"
"last call","ultimo avvertimento","minacce e combattimento","tradurre_contestuale","Nel duello finale introduce l'ultima possibilità di ritirarsi; non indica una telefonata o l'ultima ordinazione del bar"
"life saver","persona che salva la vita / mi hai salvato la vita","ringraziamenti","adattare","Elogio rivolto a chi ha soccorso il parlante; preferire una frase priva di genere quando il giocatore è variabile"
"neeko","neeko","gergo non verificato","mantenere","Termine isolato usato dal capitano per aggressori comparsi all'improvviso; non ricorre altrove nella sorgente e non ha una spiegazione canonica verificata, quindi preservare minuscolo in attesa di controllo audio o lore"
"even the odds","riequilibrare le forze","combattimento tattico","adattare","Ridurre il vantaggio numerico o militare dell'avversario intervenendo come rinforzo"
"get the drop on","cogliere di sorpresa","imboscate e combattimento","adattare","Ottenere il vantaggio iniziale attaccando prima che il bersaglio si accorga della minaccia"
"first rodeo","non essere nato ieri","esperienza e provocazioni","adattare","Dichiarazione colloquiale di esperienza; evitare il riferimento letterale a un rodeo inesistente nel contesto"
"interdiction field","campo d'interdizione","viaggio quantico e combattimento","tradurre","Campo che impedisce o interrompe il viaggio quantico; mantenere distinto dalla semplice rete metaforica"
"missile tracking","missile in inseguimento","combattimento spaziale","tradurre_contestuale","Missile che segue il bersaglio; nel parlato usare una frase naturale come un missile ti sta inseguendo"
"try this on for size","e allora prova questo","provocazioni","adattare","Sfida lanciata insieme a un attacco; non riguarda la misura di un oggetto o indumento"
"uncalled for","potevi risparmiartela","reazioni e rimproveri","adattare","Giudizio che considera un'azione eccessiva o ingiustificata"
"back off","allontanarsi / farsi indietro","prossimità e minacce","tradurre_contestuale","Ordine a creare distanza; nei dialoghi di volo evitare il calco arretrare quando il senso è lasciare spazio"
"hang on by a bolt and a prayer","reggersi su un bullone e una preghiera","danni e modi di dire","adattare","Immagine iperbolica di una nave vicina al cedimento; preservare il tono da pilota senza intenderla alla lettera"
"leave someone hanging","piantare qualcuno in asso","abbandono e contratti","adattare","Lasciare una persona senza l'aiuto o l'appoggio promesso"
"leave someone high and dry","abbandonare qualcuno in mezzo ai guai","abbandono e contratti","adattare","Lasciare una persona in difficoltà e senza risorse; nessun riferimento letterale all'acqua"
"smarten up","mettere giudizio","provocazioni","adattare","Suggerisce sarcasticamente che il bersaglio sia finalmente diventato più ragionevole"
"sorry ass","nullità / miserabile","insulti","adattare","Insulto sprezzante da rendere senza attribuire arbitrariamente un genere al giocatore"
"quantum out","entrare in QT / fuggire in QT","viaggio quantico e gergo","adattare","Verbo colloquiale usato per l'uscita dalla zona tramite viaggio quantico; mantenere QT per interfaccia e guide"
"run scared","darsela a gambe per la paura","ritirata e provocazioni","adattare","Fuga attribuita sarcasticamente alla paura del bersaglio"
"shake a missile","seminare un missile","combattimento spaziale","adattare","Eseguire manovre evasive fino a liberarsi del missile in inseguimento"
"missile locked on","missile agganciato","combattimento spaziale","tradurre","Missile che ha acquisito e mantiene il bersaglio"
"coming in hot","in arrivo a tutta velocità","combattimento e avvicinamento","adattare","Segnala un oggetto in rapido avvicinamento; non tradurre letteralmente il calore se il contesto è cinematico"
"sneak up on","avvicinarsi di soppiatto / sorprendere","imboscate e avvistamento","adattare","Avvicinarsi senza essere notati, spesso cogliendo il bersaglio di sorpresa"
"shipping lane","rotta commerciale","navigazione e logistica","tradurre","Rotta regolarmente usata dal traffico merci; distinta dal corridoio di volo locale"
"rookie move","mossa da dilettante","errori e autocritica","adattare","Decisione giudicata inesperta o imprudente; non introduce un grado o ruolo formale"
"shit-ton","fottio / quantità enorme","volgarità e quantità","adattare","Iperbole volgare per una quantità molto elevata; mantenere un registro forte quando coerente con il personaggio"
"have something up your sleeve","avere un asso nella manica","modi di dire e tattica","adattare","Disporre di una risorsa o soluzione nascosta da usare nel momento decisivo"
"make a stand","tenere duro / fermare il nemico","combattimento tattico","adattare","Opporre resistenza in una posizione decisiva invece di ritirarsi"
"no hard feelings","senza rancore","rapporti e congedi","adattare","Accettazione di un rifiuto senza risentimento personale"
"schedule to keep","tabella di marcia da rispettare","viaggi e congedi","adattare","Impegni temporali che impongono al pilota di ripartire"
"up and running","di nuovo operativo","riparazioni e sistemi","adattare","Sistema o veicolo tornato funzionante dopo un guasto"
"hiccup","intoppo","riparazioni e problemi","adattare","Problema temporaneo che ritarda un'operazione"
"overflow backed up","circuito di scarico intasato","riparazioni e sorgente ambigua","adattare_verificare","Resa funzionale provvisoria di una trascrizione tecnica ambigua; verificare contro l'audio prima del pacchetto finale"
"backup blew","circuito di riserva saltato","riparazioni e sistemi","adattare","Guasto del sistema ridondante durante un tentativo di riavvio; backup non indica una copia di dati"
"doomsday spread","salva da fine del mondo","missili e sarcasmo","adattare","Lancio eccessivo e spettacolare di numerosi missili"
"see someone the rest of the way","scortare qualcuno per il resto del viaggio","scorta e viaggi","adattare","Accompagnare e proteggere una persona fino alla destinazione"
"extra set of eyes","supporto di osservazione / tenere d'occhio la zona","scorta e sorveglianza","adattare","Aiuto aggiuntivo per individuare minacce; evitare il calco anatomico se suona innaturale"
"lean times","periodo con poco lavoro","lavoro e incarichi","adattare","Momento economicamente difficile in cui gli incarichi sono scarsi"
"knock out the objective","mettere fuori uso l'obiettivo","ordini tattici","tradurre","Neutralizzare la funzione operativa dell'obiettivo; non implica sempre la distruzione completa"
"get on the clock","mettersi al lavoro / al lavoro","ordini e urgenza","adattare","Invito a iniziare immediatamente l'azione; non riguarda prendere o guardare un orologio"
"under your watch","sotto la propria protezione","difesa e responsabilità","adattare","Affida al destinatario la sicurezza del bersaglio"
"low sig","firma bassa","furtività e sensori","tradurre_gergo","Abbreviazione tattica di low signature; nel comando usare mantenere bassa la firma"
"hold position","mantenere la posizione","ordini tattici","tradurre","Restare nel punto assegnato senza avanzare o ritirarsi"
"hang back","restare indietro","ordini tattici","adattare","Mantenersi a distanza senza abbandonare l'area"
"fall back","ripiegare","ritirata e combattimento","tradurre","Ritirarsi in modo tattico verso una posizione più sicura"
"bounce","filarsela","ritirata e gergo","adattare_contestuale","Nel parlato del capitano significa lasciare rapidamente la zona; non confondere con il rimbalzo del Sataball"
"keep it tight","mantenere una formazione serrata","formazioni e combattimento","adattare","Ordine a ridurre la distanza fra unità e non disperdere la formazione"
"give in to demands","cedere alle richieste","resa e negoziazione","adattare","Accettare le condizioni avversarie perché non si ritiene possibile continuare a resistere"
"SOB","figlio di puttana","insulti e abbreviazioni","adattare","Abbreviazione volgare di son of a bitch; conservarne l'intensità senza lasciare la sigla inglese"
"make a break for it","tentare la fuga","ritirata e combattimento","adattare","Provare a lasciare rapidamente lo scontro approfittando della copertura"
"cover the exit","coprire la ritirata","ritirata e combattimento","adattare","Proteggere un'unità mentre abbandona l'area di combattimento"
"sight for sore eyes","che sollievo vederti","sollievo e rinforzi","adattare","Esprime forte sollievo all'arrivo di una persona attesa; evitare riferimenti letterali agli occhi doloranti"
"do a number on","conciare male","danni e modi di dire","adattare","Causare danni considerevoli a un veicolo o a una persona"
"take the pressure off","tenere lontani i nemici / alleggerire la pressione","supporto in combattimento","adattare","Ridurre gli attacchi subiti da un alleato attirando o impegnando gli avversari"
"need a good seeing to","avere bisogno di una bella lezione","minacce e provocazioni","adattare","Minaccia colloquiale di affrontare duramente qualcuno; non riguarda la vista"
"show someone what's what","far vedere chi comanda","provocazioni e combattimento","adattare","Dimostrare con la forza la propria superiorità o come stanno davvero le cose"
"put one's neck on the line","rischiare la pelle","rischio e ringraziamenti","adattare","Esporsi personalmente a un pericolo serio per aiutare qualcuno"
"bail someone out","togliere qualcuno dai guai","soccorso e ringraziamenti","adattare","Salvare una persona da una situazione difficile; non indica necessariamente una cauzione"
"MediUnit","MediUnit","sanità e luoghi","mantenere","Nome proprio del servizio o presidio medico; preservare per insegne, mappe e guide"
"Crusader Health Clinic","Crusader Health Clinic","sanità e luoghi","mantenere","Nome proprio della clinica Crusader; preservare per orientamento e guide"
"Maria, Pure of Heart","Maria, Pure of Heart","sanità e luoghi","mantenere","Nome proprio dell'ospedale di Lorville; preservare punteggiatura e maiuscole per mappe e guide"
"clamp it","applicare la pinza","medicina e chirurgia","adattare","Ordine operatorio di bloccare o stringere con una pinza; evitare il prestito clamp nel testo visibile"
"anticoagulant","anticoagulante","medicina e farmaci","tradurre","Farmaco che riduce la coagulazione del sangue"
"vitals","parametri vitali","medicina e monitoraggio","tradurre","Valori clinici essenziali del paziente monitorati durante un intervento"
"catastrophic injury","trauma gravissimo","medicina e convalescenza","adattare","Lesione estremamente grave; in dialogo clinico preferire trauma gravissimo al calco catastrofico"
"vertigo","senso di vertigine","medicina e sintomi","tradurre","Possibile effetto transitorio avvertito dopo il trattamento"
"CommArray","CommArray","comunicazioni e luoghi","mantenere","Denominazione canonica delle stazioni di comunicazione UEE; preservare grafia e maiuscola per interfaccia, mappe e guide"
"CommArray Protection Act","CommArray Protection Act","leggi e lore","mantenere","Titolo proprio della normativa di protezione delle CommArray; preservare per coerenza con la lore"
"UEE Law","legge UEE","leggi e sicurezza","tradurre","Riferimento generico alla normativa dell'UEE, non titolo proprio di una legge"
"security protocols","protocolli di sicurezza","sicurezza e sistemi","tradurre","Procedure automatiche attivate in caso di intrusione o manomissione"
"stand clear","tenersi a distanza","avvisi di sicurezza","tradurre","Ordine impersonale a non sostare vicino a pannelli o parti in movimento"
"back online","di nuovo operativo","sistemi e comunicazioni","adattare","Sistema ripristinato e nuovamente disponibile dopo un'interruzione"
"ping (notification)","notifica","comunicazioni e contratti","tradurre_contestuale","Avviso ricevuto su una variazione del contratto; distinto dall'impulso di scansione e dalla latenza di rete"
"pull the contract","ritirare il contratto","contratti e missioni","adattare","Revocare un incarico non più proseguibile; non descrive un movimento fisico"
"not the right fit","non essere il lavoro giusto","lavoro e motivazione","adattare","Formula conciliatoria secondo cui un incarico non era adatto alla persona o alla situazione"
"behind the eight ball","con le spalle al muro","difficoltà e modi di dire","adattare","Trovarsi in una posizione molto sfavorevole; evitare riferimenti letterali al biliardo"
"pull one's weight","fare la propria parte","lavoro e responsabilità","adattare","Fornire il contributo atteso all'interno di uno sforzo collettivo"
"back in the running","tornare in gara / tornare in gioco","competizione aziendale","adattare","Recuperare una posizione competitiva dopo essere rimasti indietro"
"thank you for being","grazie di esserci","tono aziendale","adattare","Frase sorgente tronca trasformata in una formula motivazionale coerente con la voce di Denver Samuels"
"Commander Herdsman","Comandante Herdsman","personaggi e gradi","tradurre_titolo","Mantenere il nome proprio Herdsman e tradurre il grado; usare la maiuscola nel titolo ricorrente del personaggio"
"scan point","punto di scansione","missioni dinamiche e scansione","tradurre","Punto operativo da mettere in sicurezza per localizzare la flotta dei Nine Tails"
"scan site","sito di scansione","missioni dinamiche e scansione","tradurre","Area fisica assegnata alle navi da scansione; mantenere distinto dal singolo punto"
"scan area","area di scansione","missioni dinamiche e scansione","tradurre","Zona più ampia che contiene o circonda il punto di scansione"
"secure the site","mettere in sicurezza il sito","missioni e sicurezza","tradurre","Eliminare le minacce presenti affinché le unità di scansione possano operare"
"full-out brawl","scontro totale","combattimento e minacce","adattare","Combattimento esteso e senza risparmio di forze; evitare il riferimento letterale a una rissa"
"beat around the bush","girarci intorno","confronto e modi di dire","adattare","Evitare di affrontare direttamente un argomento spiacevole"
"give a hundred and ten percent","dare il centodieci per cento","motivazione e operazioni","adattare","Iperbole motivazionale che richiede il massimo impegno possibile"
"sorely mistaken","sbagliarsi di grosso","valutazioni e minacce","adattare","Essere profondamente in errore riguardo alle proprie possibilità"
"protective detail","unità di protezione","sicurezza e operazioni","tradurre_contestuale","Gruppo coordinato per rendere sicuro un sito operativo"
"(defeated)","(defeated)","marcatori di recitazione","mantenere","Indicazione tecnica di tono sconfitto; preservare esattamente fra parentesi nel testo sorgente"
"(upbeat)","(upbeat)","marcatori di recitazione","mantenere","Indicazione tecnica di tono positivo; preservare esattamente fra parentesi nel testo sorgente"
"scanning ship","nave da scansione","missioni dinamiche e sicurezza","tradurre","Variante estesa di scan ship; applicare la stessa terminologia"
"quantum dampening array","rete d'interdizione quantica","interdizione quantica","tradurre","Schieramento coordinato di navi o dispositivi che mantiene il blocco del viaggio quantico"
"Quantum is back","viaggio quantico di nuovo disponibile","interdizione quantica e radio","adattare","Conferma colloquiale che l'interdizione è cessata e il viaggio quantico può essere usato di nuovo"
"call in the big guns","far arrivare i pezzi grossi","rinforzi e combattimento","adattare","Richiamare rinforzi molto più potenti; nel contesto anticipa una grande nave dei Nine Tails"
"quantum to a location","raggiungere una posizione in viaggio quantico","viaggio quantico e gergo","adattare","Uso verbale colloquiale di quantum per indicare uno spostamento rapido verso una destinazione"
"thin their numbers","assottigliare le loro forze","combattimento e valutazione","adattare","Ridurre progressivamente il numero di unità nemiche ancora operative"
"keep the pressure up","continuare a mettere pressione","combattimento e ordini","adattare","Mantenere l'offensiva senza concedere al nemico tempo per riorganizzarsi"
"stand a chance","avere una possibilità / avere scampo","probabilità e combattimento","adattare","Disporre di possibilità realistiche di successo o sopravvivenza"
"against the ropes","alle corde","combattimento e modi di dire","adattare","Nemico vicino alla sconfitta e con poche possibilità di reagire"
"barely hanging on","vicino al collasso","danni e stato operativo","adattare","Sistema o schieramento che riesce a rimanere attivo solo a fatica"
"quantum dampening ship","nave inibitrice quantica","interdizione quantica","tradurre","Nave che contribuisce direttamente alla rete d'interdizione e al blocco del viaggio quantico"
"at all costs","a ogni costo","ordini e priorità","adattare","Ordine di proteggere o raggiungere un obiettivo indipendentemente dal rischio"
"down to the last","restare con un solo elemento","perdite e stato operativo","adattare","Indica che tutte le unità tranne una sono state perdute"
"stand by for coordinates","restare in attesa delle coordinate","comunicazioni e navigazione","tradurre","Ordine radio di attendere l'invio della prossima destinazione; non è una domanda"
"move on to the next scan point","passare al punto di scansione successivo","missioni dinamiche e scansione","tradurre","Abbandonare un sito non più utilizzabile e proseguire con la fase successiva"
"cruiser","incrociatore","classi di navi","tradurre","Classe generica di nave da combattimento; mantenere invece gli eventuali nomi propri dei modelli"
"fighter","caccia","classi di navi","tradurre","Nave da combattimento agile; in italiano caccia è maschile e invariabile al plurale"
"flagship","nave ammiraglia","flotte e classi di navi","tradurre","Unità principale o di comando di una flotta; non è necessariamente un modello specifico"
"done for","spacciato / ormai finito","abbattimenti e stato operativo","adattare","Veicolo o nemico senza possibilità realistica di recupero"
"on the run","in fuga","ritirata e combattimento","adattare","Forza nemica costretta ad abbandonare lo scontro dopo una sconfitta"
"radar clear","nessun contatto sul radar","sensori e comunicazioni","adattare","Conferma che il radar non rileva bersagli; evitare il calco innaturale radar pulito"
"stay sharp","restare vigili / restare in allerta","sicurezza e combattimento","adattare","Mantenere alta l'attenzione perché potrebbero arrivare nuove minacce"
"catch one's breath","riprendere fiato","pausa e combattimento","adattare","Recuperare brevemente dopo uno scontro senza abbandonare la prontezza operativa"
"rejoin the operation","rientrare nell'operazione","missioni e richiami","tradurre","Tornare nell'area della missione e riprendere il combattimento"
"welcome to the mix","eccoti nella mischia","combattimento e accoglienza","adattare","Saluto a chi entra in uno scontro già in corso; evitare benvenuto per non assegnare genere al giocatore"
"aim true","mirare con precisione","combattimento e incoraggiamento","adattare","Augurio o ordine a sparare con precisione"
"fair game","bersaglio valido","combattimento e priorità","adattare","Qualunque ostile che può essere attaccato legittimamente anche se non è la priorità principale"
"take your pick","scegliere da dove cominciare","scelte e combattimento","adattare","Invito a selezionare liberamente uno dei numerosi bersagli disponibili"
"mean business","fare sul serio","minacce e combattimento","adattare","Dimostrare intenzioni concrete e aggressive, non svolgere affari commerciali"
"in sight","in vista","avvistamento e sensori","adattare","Unità visibile direttamente o rilevabile nell'area immediata"
"make one's way here","raggiungere la posizione","movimento e rinforzi","adattare","Spostarsi verso il parlante o il punto operativo indicato"
"crawl all over the area","infestare l'intera area","presenza nemica","adattare","Iperbole per numerosi ostili disseminati nella zona; non riguarda il movimento a terra"
"look alive","occhi aperti","ordini e allerta","adattare","Richiamo militare a prestare attenzione e reagire rapidamente"
"redeploy","schierare di nuovo","operazioni e unità","tradurre","Inviare nuovamente un'unità dopo uno spostamento o una precedente ritirata"
"sweep the area","perlustrare l'area","pattugliamento e sicurezza","adattare","Controllare metodicamente una zona per rilevare e contrastare eventuali ostili"
"protection duty","servizio di scorta / essere di scorta","difesa e incarichi","adattare","Compito operativo di proteggere unità alleate o un obiettivo"
"on full alert","in massima allerta","sicurezza e combattimento","adattare","Stato di attenzione operativa elevata in previsione di un attacco imminente"
"welcome to the fray","eccoti nella mischia","combattimento e accoglienza","adattare","Saluto rivolto a chi entra in uno scontro già in corso; formulazione neutra rispetto al genere del giocatore"
"hearty hello","caloroso benvenuto","provocazioni di combattimento","adattare","Invito ironico ad accogliere il nemico con il fuoco delle armi"
"you're dismissed","puoi andare / puoi ritirarti","ordini e congedo","adattare","Congedo impartito al giocatore; preferire una costruzione neutra al posto di congedato o congedata"
"run for ground","darsi alla fuga","fuga e combattimento","adattare","Nel contesto della battaglia spaziale indica il tentativo dei nemici di sottrarsi allo scontro"
"hold something back","risparmiarsi qualcosa","risorse e combattimento","adattare","Non impiegare ancora tutte le armi o le risorse disponibili; in un ultimo assalto invita a usarle"
"break off engagement","interrompere lo scontro / disimpegnarsi","ordini e combattimento","adattare","Cessare il combattimento in corso per raggiungere un nuovo obiettivo"
"be on high alert","essere in massima allerta","sicurezza e combattimento","adattare","Mantenere il livello massimo di attenzione operativa per proteggere unità vulnerabili"
"get the better of","avere la meglio su","esiti di combattimento","adattare","Prevalere nello scontro costringendo l'altra parte ad abbandonare il proprio obiettivo"
"be on the lookout","restare vigili / vigilare","sicurezza e pattugliamento","adattare","Prestare attenzione all'arrivo di minacce; la forma nominale inglese corretta sarebbe lookout in una sola parola"
"crash the party","rovinare la festa","minacce e tono colloquiale","adattare","Arrivare improvvisamente e interrompere con la forza una situazione favorevole"
"recalibrate position","ricalibrare la posizione","scansione e formazioni","tradurre","Correggere la collocazione operativa di una nave per migliorare la qualità della scansione"
"reposition","riposizionare","movimento e formazioni","tradurre","Spostare un'unità o una formazione in una nuova posizione operativa"
"turn oneself in","costituirsi","legalità e forze dell'ordine","adattare","Presentarsi spontaneamente alle autorità per risolvere il proprio livello criminale"
"sever ties","interrompere ogni rapporto","rapporti e incarichi","adattare","Porre formalmente fine alla collaborazione con una persona o organizzazione"
"bail on someone","abbandonare qualcuno","abbandono e disapprovazione","adattare","Lasciare gli alleati nel mezzo di un'operazione senza portare a termine l'incarico"
"see something through","arrivare fino in fondo","incarichi e determinazione","adattare","Proseguire un'operazione fino al suo completamento nonostante le difficoltà"
"come in hot","arrivare a tutta velocità","combattimento e rinforzi","adattare","Ingresso rapido e aggressivo di unità nemiche nell'area operativa"
"catch someone out","cogliere qualcuno alla sprovvista","combattimento e avvertimenti","adattare","Sorprendere un pilota in una posizione vulnerabile o mentre non è preparato all'attacco"
"come through","farcela / portare a termine il compito","risultati e affidabilità","adattare","Produrre il risultato atteso in un momento decisivo"
"hard-fought victory","vittoria combattuta duramente","vittorie e riconoscimenti","tradurre","Vittoria ottenuta dopo uno scontro difficile e impegnativo"
"all but over","ormai praticamente finito","esiti e stato operativo","adattare","Condizione non ancora formalmente conclusa ma vicinissima al termine"
"pay off","dare i propri frutti","risultati e scansione","adattare","Produrre il risultato sperato dopo un investimento di tempo o risorse"
"once and for all","una volta per tutte","risoluzione e combattimento","adattare","Concludere definitivamente una minaccia o una situazione ricorrente"
"Sasha Rust","Sasha Rust","personaggi e lore","mantenere","Direttrice di Crusader Security; il prefisso vocale CSCHIEF01_F e le presentazioni complete ne attestano il genere femminile"
"Director Rust","Direttrice Rust","titoli e personaggi","tradurre","Titolo ricorrente di Sasha Rust; mantenere la maiuscola quando usato come appellativo personale"
"blockaded station","stazione sotto blocco","luoghi e interdizione","tradurre","Stazione isolata dal blocco dei Nine Tails; i nomi propri delle singole stazioni restano invariati"
"beleaguered station","stazione sotto assedio","luoghi e crisi","adattare","Stazione sottoposta da tempo a blocco e pressione nemica, con popolazione e rifornimenti in difficoltà"
"resupply","rifornire / rifornimento","logistica e missioni","contestuale","Ripristinare le scorte di una stazione o unità mediante consegne di beni essenziali"
"supply run","trasporto di rifornimenti","logistica e missioni","adattare","Viaggio operativo effettuato per consegnare rifornimenti a una destinazione isolata"
"quantum traffic","traffico quantico","navigazione e viabilità","tradurre","Flusso regolare delle navi che utilizzano il viaggio quantico nel settore"
"Bountiful Glen Station","Bountiful Glen Station","luoghi e orientamento","mantenere","Nome canonico della stazione Rest & Relax presso CRU-L5"
"high alert","allerta massima","sicurezza e comunicazioni pubbliche","tradurre","Stato ufficiale di emergenza con rischio elevato per il traffico civile"
"further announcements","ulteriori comunicazioni","comunicazioni pubbliche","tradurre","Aggiornamenti ufficiali che seguiranno quando saranno disponibili nuove informazioni"
"qualified mercenary forces","forze mercenarie qualificate","sicurezza e reclutamento","tradurre","Unità mercenarie dotate delle competenze richieste per assistere durante l'emergenza"
"trained security professionals","professionisti della sicurezza addestrati","sicurezza e reclutamento","tradurre","Personale civile o mercenario con addestramento adeguato a partecipare alle operazioni"
"viable intelligence","informazioni attendibili","intelligence e sicurezza","adattare","Informazioni considerate sufficientemente affidabili da giustificare un avviso operativo"
"show of force","dimostrazione di forza","minacce e operazioni","tradurre","Azione visibile e aggressiva destinata a mostrare capacità militare o intimidire"
"in the wind","in fuga / irreperibile","fuga e ricerca","adattare","Indica persone ricercate che sono sfuggite e potrebbero tornare ad agire"
"the board","il consiglio","aziende e gerarchia","tradurre","Organo dirigente aziendale al quale la Direttrice Rust deve riferire l'esito delle operazioni"
"end of shift","fine del turno","lavoro e rapporti","tradurre","Scadenza operativa entro cui presentare un rapporto o completare un compito"
"full report","rapporto completo","rapporti e comando","tradurre","Resoconto dettagliato richiesto al responsabile dell'operazione"
"data tech","tecnico dell'analisi dati","analisi e scansione","adattare","Specialista che elabora i dati raccolti dalle navi da scansione"
"narrow down","restringere il campo","ricerca e analisi","adattare","Ridurre progressivamente il numero di posizioni o origini possibili grazie ai dati disponibili"
"keep at it","continuare così","incoraggiamento e avanzamento","adattare","Invito a proseguire lo stesso lavoro fino al raggiungimento del risultato"
"lend a hand","dare una mano","aiuto e collaborazione","adattare","Fornire assistenza concreta a un'operazione o a una consegna"
"supply dropoff","consegna di rifornimenti","logistica e missioni","adattare","Deposito riuscito di rifornimenti presso la destinazione richiesta"
"go unnoticed","passare inosservato","riconoscimenti e risultati","adattare","Non ricevere riconoscimento o attenzione nonostante il lavoro svolto"
"stay the course","continuare su questa strada","incoraggiamento e perseveranza","adattare","Proseguire con costanza un'attività che sta producendo risultati positivi"
"debt of gratitude","debito di gratitudine","ringraziamenti e riconoscimenti","tradurre","Profonda riconoscenza dovuta a chi ha contribuito a risolvere una crisi"
"meet something head-on","affrontare qualcosa senza esitazioni","determinazione e minacce","adattare","Confrontarsi direttamente e con decisione con una sfida futura"
"scourge","flagello","minacce e comunicazioni pubbliche","adattare","Definizione solenne di una forza criminale che affligge la comunità"
"debrief","venire a rapporto / rapporto di persona","comando e rapporti","adattare","Resoconto operativo fornito direttamente al superiore dopo il rientro dalla missione"
"due compensation","compenso adeguato","compensi e riconoscimenti","tradurre","Pagamento commisurato al lavoro e ai rischi affrontati dai volontari"
"no easy feat","non essere un'impresa facile","risultati e difficoltà","adattare","Riconosce che il risultato ha richiesto notevole impegno e capacità"
"duly rewarded","ricevere una giusta ricompensa","compensi e riconoscimenti","adattare","Ottenere il riconoscimento economico meritato per il contributo fornito"
"data team","squadra di analisi dati","analisi e scansione","adattare","Gruppo tecnico incaricato di elaborare le scansioni e isolare la posizione del bersaglio"
"not a moment too soon","appena in tempo","urgenza e risultati","adattare","Risultato raggiunto al limite del tempo utile, prima che il ritardo causi conseguenze"
"offer to help","disponibilità ad aiutare","aiuto e collaborazione","adattare","Proposta di assistenza che può non essere più necessaria quando l'obiettivo è già completato"
"Server Offline","Server Fuori Servizio","sistemi e avvisi vocali","tradurre","Stato sintetico del server non operativo; mantenere le iniziali maiuscole nell'avviso corrispondente"
"Server Overheating","Server Surriscaldato","sistemi e avvisi vocali","tradurre","Avviso sintetico di temperatura eccessiva del server"
"Security Breach","Violazione della Sicurezza","sicurezza e avvisi vocali","tradurre","Rilevamento di un accesso non autorizzato; mantenere le iniziali maiuscole nell'avviso"
"Response Team","Squadra d'Intervento","sicurezza e avvisi vocali","tradurre","Unità inviata automaticamente in risposta a una violazione della sicurezza"
"irradiated pearl dust","polvere di perla irradiata","ricerca e materiali","tradurre","Polvere ricavata dalle perle e sottoposta a irradiazione per gli esperimenti sulle Ibrahim Sphere"
"entanglement","intreccio quantistico","ricerca e tecnologia quantistica","tradurre","Fenomeno di correlazione quantistica misurato negli esperimenti sulle Ibrahim Sphere"
"clinical","reparto clinico","ricerca e reparti","adattare","Uso ellittico del nome del reparto autorizzato ad avviare i test in vivo"
"statistically significant","statisticamente significativo","ricerca e analisi","tradurre","Risultato sostenuto da dati sufficienti a escludere ragionevolmente il caso"
"get something on record","mettere qualcosa agli atti","ricerca e responsabilità","adattare","Registrare formalmente un'osservazione affinché rimanga documentata"
"spare some credits","dare qualche credito / avere qualche credito","povertà e dialoghi ambientali","adattare","Richiesta informale di una piccola elemosina; formulare secondo il tono del profilo"
"sweetheart","tesoro","appellativi colloquiali","adattare","Appellativo affettuoso rivolto al giocatore; tesoro è utilizzabile senza attribuirgli un genere"
"love","tesoro","appellativi colloquiali","adattare","Appellativo affettuoso britannico; reso in forma naturale e neutra rispetto al genere del giocatore"
"fortune find you","che la fortuna ti accompagni","auguri e ringraziamenti","adattare","Augurio quasi benedicente rivolto a chi ha offerto dei crediti"
"safe journeys","buon viaggio","auguri e ringraziamenti","adattare","Commiato augurale rivolto a chi riparte dopo aver prestato aiuto"
"one of the good ones","una brava persona","ringraziamenti e giudizi","adattare","Elogio del carattere del giocatore; persona consente una formulazione naturale senza genere arbitrario"
"second wind","ritrovare le forze","stanchezza e ubriachezza","adattare","Ripresa improvvisa di energia; nel parlato ubriaco mantenere esitazioni e falsa partenza"
"no worries","nessun problema","risposte colloquiali","adattare","Formula breve che minimizza un rifiuto o una situazione spiacevole"
"screw you","fottiti","insulti colloquiali","adattare","Reazione offensiva ma breve di chi si sente ignorato"
"bomber","bombardiere","classi di navi e combattimento","tradurre","Velivolo o nave d'attacco destinata a infliggere gravi danni agli obiettivi difesi"
"hang on by a thread","essere appesi a un filo","pericolo e danni","adattare","Trovarsi a un passo dalla distruzione o dal fallimento completo"
"show someone a thing or two","far vedere chi comanda","combattimento e incoraggiamento","adattare","Dimostrare superiorità al nemico con un'azione efficace"
"a crack bit of flying","un pilotaggio eccellente","pilotaggio e complimenti","adattare","Elogio colloquiale di una manovra molto abile; la sorgente omette l'articolo iniziale"
"save someone's bacon","salvare il culo a qualcuno","salvataggio e gergo","adattare","Evitare conseguenze disastrose; il registro volgare si accorda con le altre imprecazioni del personaggio"
"straggler","superstite isolato","combattimento e rastrellamento","adattare","Nemico rimasto indietro o sopravvissuto dopo la fase principale dello scontro"
"helluva job","lavoro coi fiocchi / lavoro incredibile","complimenti colloquiali","adattare","Contrazione enfatica di hell of a job, usata per lodare un risultato eccezionale"
"have one's hands full","avere già il proprio bel da fare","pressione e combattimento","adattare","Essere già completamente impegnati ad affrontare una situazione difficile"
"bigger fish to fry","avere problemi più grossi","priorità e problemi","adattare","Dare precedenza a una questione più importante rispetto a un fallimento secondario"
"mop up","eliminare gli ultimi superstiti","combattimento e rastrellamento","adattare","Completare lo scontro neutralizzando i nemici residui"
"hell-bent","deciso a ogni costo","intenzioni e minacce","adattare","Determinato ostinatamente a raggiungere un obiettivo distruttivo"
"bootlick","leccaculo","insulti colloquiali","adattare","Insulto sprezzante rivolto a chi obbedisce servilmente a un'autorità"
"when it rains, it pours","quando piove, diluvia","problemi e contrattempi","adattare","I problemi tendono ad accumularsi tutti insieme"
"have a lot on one's plate","avere già molto da fare","pressione e incarichi","adattare","Essere già impegnati con numerosi compiti o problemi contemporanei"
"cock something up","mandare qualcosa a puttane","fallimenti e volgarità","adattare","Commettere un errore grave; il registro volgare si accorda con la voce della proprietaria"
"scope's clear","nessun contatto sul radar","sensori e combattimento","adattare","Conferma colloquiale che il display di rilevamento non mostra più ostili"
"ace flying","pilotaggio da asso","pilotaggio e complimenti","adattare","Elogio di una prestazione di volo particolarmente abile"
"GrimHEX","GrimHEX","luoghi e orientamento","mantenere","Nome canonico della stazione; conservare esattamente la grafia mista per mappe e guide"
"Green Imperial Housing Exchange","Green Imperial Housing Exchange","luoghi e lore","mantenere","Nome esteso canonico da cui deriva GrimHEX; non tradurre"
"landing bay","area di atterraggio","infrastrutture di volo","tradurre","Area assegnata a una nave; distinguere dalla piattaforma di atterraggio e dall'Hangar esplicitamente nominato"
"regtags","contrassegni di registrazione","registrazione veicoli","adattare","Forma abbreviata plurale dei contrassegni identificativi della nave"
"landing privileges","autorizzazione all'atterraggio","volo e autorizzazioni","adattare","Permesso concesso o revocato dalla struttura per effettuare l'atterraggio"
"landing fee","tariffa di atterraggio","tariffe e servizi","tradurre","Importo obbligatorio richiesto dalla struttura per autorizzare l'atterraggio"
"outstanding landing fees","tariffe di atterraggio insolute","tariffe e servizi","tradurre","Importi non ancora pagati che impediscono l'accettazione di una nuova richiesta"
"landing terminal","terminale di atterraggio","infrastrutture di volo","tradurre","Terminale utilizzato per richiedere la consegna o l'assegnazione di una nave"
"EDL tractor assist","assistenza EDL con raggio traente","volo e assistenza","adattare","Sistema di assistenza all'atterraggio che impiega un raggio traente durante la fase EDL"
"landing space","spazio di atterraggio","infrastrutture di volo","tradurre","Spazio generico disponibile per accogliere una nave, prima dell'assegnazione specifica"
"landing area","area di atterraggio","infrastrutture di volo","tradurre","Area generica destinata agli atterraggi; nel sistema EDL condivide la resa operativa di landing bay"
"landing operator","operatore di atterraggio","personale e volo","tradurre","Addetto che gestisce o autorizza manualmente una richiesta di atterraggio"
"landing assistant","assistente all'atterraggio","personale e volo","tradurre","Addetto del servizio di assistenza che gestisce le richieste dei clienti"
"ship storage procedure","procedura di rimessaggio della nave","rimessaggio e servizi","tradurre","Procedura automatica che riporta la nave in deposito e richiede di liberare l'area"
"landing platform","piattaforma di atterraggio","infrastrutture di volo","tradurre","Sinonimo contestuale di Landing Pad; superficie dalla quale deve avvenire il decollo entro il tempo concesso"
"sherm","sherm","slang criminale e sostanze","mantenere","Nome gergale della sostanza richiesta a New Babbage; conservarlo per fedeltà al parlato criminale e riconoscibilità nelle fonti inglesi"
"allotted time","tempo concesso","tempo e autorizzazioni","tradurre","Intervallo assegnato per completare l'atterraggio o lasciare la postazione"
"Lieutenant JG","sottotenente di vascello","gradi militari e lore","tradurre","Equivalente italiano del grado navale Lieutenant Junior Grade; distinguere dal grado canonico Leading Starman, che resta originale"
"999th Squadron","999th Squadron","unità militari e lore","mantenere","Nome canonico dell'unità del tenente Ralph Kinoi; preservare per riferimenti di lore"
"128th Squadron","128th Squadron","unità militari e lore","mantenere","Nome canonico dell'unità citata nelle testimonianze di Invictus"
"SEY","SEY","cronologia e lore","mantenere","Sigla canonica di Standard Earth Year; preservare nelle schede botaniche"
"holovolume","olovolume","tecnologia olografica","tradurre","Sistema volumetrico olografico installato nella sala briefing della UEES War Hammer"
"drydock","bacino di carenaggio","navi e manutenzione","tradurre","Impianto in cui una nave viene ricoverata per riparazioni fuori servizio"
"exfil","esfiltrazione","operazioni militari","tradurre","Ordine abbreviato di abbandonare l'area operativa e raggiungere il punto d'incontro"
"CCB","CCB","aziende e lore","mantenere","Sigla canonica associata ai vecchi terminali di credito di Ghost Hollow; non espandere senza riscontro nella sorgente"
"Credit Extraction Site","Sito di estrazione crediti","missioni e terminali","tradurre","Obiettivo presso cui controllare i terminali CCB e sottrarre fondi"
"Contractor Relations","Relazioni con gli appaltatori","aziende e professioni","tradurre","Dipartimento aziendale che assegna e supervisiona gli incarichi esterni"
"dynamic motivational synergy","sinergia motivazionale dinamica","linguaggio aziendale e satira","tradurre_letterale","Espressione volutamente ampollosa usata da El Tieno per ironizzare sul gergo aziendale"
"by the numbers","secondo procedura","procedure e dialoghi","adattare","Eseguire un incarico attenendosi rigidamente alle regole e ai parametri"
"higher-ups","piani alti","aziende e dialoghi","adattare","Dirigenti superiori citati nel parlato informale"
"Fake Outs","Fake Outs","programmi e lore","mantenere","Titolo canonico del programma di scherzi citato dai civili; preservare per riferimenti di lore"
"Elroy Cass","Elroy Cass","personaggi e lore","mantenere","Nome della celebrità citata per l'incidente contro una stazione Cry-Astro"
"Charon III","Charon III","pianeti e lore","mantenere","Pianeta segnato da un conflitto civile; preservare per mappe, guide e lore"
"the drift","là fuori / alla deriva nello spazio","spazio e gergo","contestuale","Gergo per lo spazio aperto lontano da un approdo; scegliere là fuori nel parlato generale e alla deriva quando descrive una nave o un relitto"
"The Leedos","The Leedos","musica e lore","mantenere","Nome canonico della band poli-rock; nel periodo italiano è ammesso l'articolo i davanti a Leedos"
"tritus","robaccia / rottami","gergo e recupero","contestuale","Gergo dispregiativo per ciarpame o materiale di recupero; adattare al valore commerciale e al tono della battuta"
"Skeller","Skeller","personaggi e lore","mantenere","Nome della persona arrestata dagli agenti dell'Advocacy"
"Teller","Teller","personaggi e lore","mantenere","Nome della persona il cui funerale viene citato nel dialogo ambientale"
"Cargo Terminal","terminale cargo / Terminale Cargo","interfaccia e orientamento","tradurre_parzialmente","Terminale usato per le operazioni sul carico; mantenere cargo per coerenza con Centro Cargo, interfaccia e guide; usare le maiuscole quando la sorgente presenta il nome ufficiale in Title Case"
"Vehicle Terminal","terminale veicoli / Terminale Veicoli","interfaccia e servizi","tradurre","Terminale generico per la gestione dei veicoli; usare le maiuscole quando la sorgente presenta il nome ufficiale in Title Case"
"ASOP terminal","terminale ASOP","interfaccia e servizi","mantenere_sigla","Preservare ASOP come sigla canonica riconoscibile nell'interfaccia e nelle guide"
"Executive Hangar","Executive Hangar","luoghi e orientamento","mantenere","Etichetta canonica di destinazione presso il terminale ASOP; preservare per mappe e guide"
"hot landing zone","zona di atterraggio sotto il fuoco","operazioni militari","tradurre","Landing Zone ostile o battuta dal fuoco nemico; mantenere il significato tattico di hot"
"gravlev","gravlev","veicoli terrestri","mantenere","Tecnologia canonica di sostentamento gravitazionale; usare come nome invariabile nei testi di lore e nelle guide"
"motor pool","parco mezzi","logistica militare","tradurre","Insieme dei veicoli terrestri disponibili a un reparto"
"starlifter flight","reparto di Starlifter","organizzazione militare","contestuale","Flight indica un reparto di volo e non un singolo volo; Starlifter resta il nome canonico della famiglia Hercules"
"attack carrier","portaerei d'attacco","navi militari","tradurre","Portaerei concepita per proiettare forze offensive; classificazione attribuita al Kraken"
"red system","sistema rosso","intelligence militare","tradurre","Definizione operativa fra virgolette per sistemi privi di reti di comunicazione affidabili"
"programmable kill switch","sistema di disattivazione programmabile","sicurezza dei dati","tradurre","Dispositivo del Mercury volto a impedire che informazioni riservate cadano in mani nemiche"
"minelayer","posamine","navi militari","tradurre","Nave specializzata nel dispiegamento di mine; ruolo del Nautilus"
"sapper","guastatore","forze militari","tradurre","Specialista militare in esplosivi, demolizioni e ostacoli"
"weapon platform","piattaforma d'arma","sistemi militari","tradurre","Postazione d'arma autonoma dispiegata insieme alle mine del Nautilus"
"Vanduul War","Vanduul War","eventi e lore","mantenere","Nome canonico del conflitto in corso; conservare in inglese come First Tevarin War e Second Tevarin War"
"Battle of Koren Pass","Battle of Koren Pass","eventi e lore","mantenere","Nome canonico della battaglia del 2605; preservare per ricerche, guide e approfondimenti di lore"
"Polaris-class corvette","corvetta classe Polaris","navi militari","tradurre_parzialmente","Tradurre la classificazione e mantenere Polaris come nome canonico della classe"
"quality of life standards","standard di vivibilità","navi militari","tradurre","Qualità delle sistemazioni e delle condizioni di vita dell'equipaggio a bordo"
"boarding hatch","portello d'abbordaggio","navi militari","tradurre","Accesso del Redeemer destinato al rapido imbarco e sbarco di truppe sul campo"
"VectorLock","VectorLock","propulsione e modelli","mantenere","Nome canonico del sistema di propulsione a due gondole del Redeemer"
"UEE Merchant Navy","UEE Merchant Navy","organizzazioni e lore","mantenere","Nome canonico della flotta mercantile civile che sostiene la catena logistica militare"
"Merchant Navy","Merchant Navy","organizzazioni e lore","mantenere","Forma breve del nome canonico UEE Merchant Navy; preservare nei testi storici e militari"
"listening post","posto di ascolto","infrastrutture militari","tradurre","Postazione remota adibita alla sorveglianza e all'intercettazione delle comunicazioni"
"care package","pacco di conforto","logistica militare","tradurre","Pacco di viveri e beni di conforto destinato al personale schierato in località remote"
"salvage pays","con il recupero si guadagna","recupero e pubblicità","adattare","Slogan Drake che associa lo sgombero dei relitti al profitto ricavato dai materiali"
"salvaging tool","strumento di recupero","manutenzione e recupero","tradurre","Dispositivo dedicato o accessorio usato per recuperare materiali e riparare; non sostituire automaticamente con Multitool quando la sorgente non lo specifica"
"RMC canister","bombola di RMC","manutenzione e recupero","tradurre","Bombola contenente composito di materiale riciclato destinato alle riparazioni"
"Cornerstone Developments' Guide to Maintenance","Guida alla manutenzione di Cornerstone Developments","diario e guide","tradurre_titolo_ui","Titolo visualizzato nel Diario del mobiGlas; usare la stessa resa anche per le varianti abbreviate della sorgente"
"Group","Gruppo","comunicazioni multigiocatore","tradurre","Gruppo o canale sociale; distinguere dalla Squadra usata per Party"
"Channel","Canale","comunicazioni multigiocatore","tradurre","Canale di comunicazione al quale invitare i contatti"
"Mute Player","Silenzia giocatore","comunicazioni multigiocatore","tradurre","Disattiva l'audio o le comunicazioni del giocatore selezionato"
"Unmute Player","Riattiva audio giocatore","comunicazioni multigiocatore","tradurre","Ripristina l'audio del giocatore precedentemente silenziato"
"guard token","lasciapassare","accessi e dialoghi","tradurre_contestuale","Credenziale fisica o digitale da mostrare a una guardia; evitare il tecnicismo token nell'opzione visibile"
"maintenance control panel","pannello di controllo della manutenzione","manutenzione e sicurezza","tradurre","Pannello dal quale interrompere manualmente un accesso non autorizzato"
"Security Protocol Override","Aggiramento del protocollo di sicurezza","sicurezza informatica","tradurre","Fase della chiave crittografica che richiede la verifica dell'utente per proseguire"
"Temporary Passkey","Chiave di accesso temporanea","sicurezza informatica","tradurre","Credenziale temporanea generata durante la procedura della chiave crittografica"
"encrypted storage","archivio cifrato","sicurezza informatica","tradurre","Archivio protetto raggiunto durante la procedura di intrusione"
"Bluemoon Fungus","Bluemoon Fungus","risorse e lore","mantenere","Nome canonico della specie fungina raccoglibile; preservare per inventario, ricerche e guide"
"Miner's Horn","Miner's Horn","risorse e lore","mantenere","Nome canonico del fungo raccoglibile di Delamar; preservare apostrofo ASCII e maiuscole"
"QV Mining Station","QV Mining Station","luoghi e lore","mantenere","Nome canonico della stazione mineraria costruita nell'asteroide Delamar"
"Ex Malo Bonum","Ex Malo Bonum","fazioni e motti","mantenere","Motto latino usato come firma dagli attivisti di Hurston; preservare esattamente"
"level the playing field","pareggiare i conti","titoli e attivismo","adattare","Nel titolo dell'incarico unisce riequilibrio delle forze e vendetta contro Hurston"
"fight fire with fire","combattere il fuoco col fuoco","attivismo e conflitto","adattare","Rispondere alla violenza di Hurston con una forza equivalente"
"Righteous Raid","Incursione sacrosanta","titoli di missione","adattare","Titolo militante che presenta l'assalto come moralmente necessario"
"Judge","Giudice","Headhunters e lore","tradurre_titolo","Grado interno degli Headhunters; conservare la maiuscola quando presente nella sorgente"
"Clips","Clips","Headhunters e lore","mantenere","Grado canonico degli Headhunters; non tradurre e non alterare il plurale"
"break atmo","entrare nell'atmosfera","volo e gergo criminale","adattare","Superare il limite atmosferico provenendo dallo spazio"
"dirt nap","finire sotto terra","gergo criminale","adattare","Eufemismo violento per uccidere qualcuno"
"Stows out","Stows, chiudo.","firme e dialoghi","adattare","Formula radiofonica ricorrente con cui Stows chiude una comunicazione"
"itchy trigger finger","grilletto facile","gergo criminale e combattimento","adattare","Desiderio impaziente di sparare o predisposizione alla violenza"
"go on the warpath","sul sentiero di guerra","titoli di missione","adattare","Prepararsi a una rappresaglia violenta contro chi ha colpito gli Headhunters"
"biggies","pezzi grossi","gergo criminale","adattare","Figure di comando o combattenti importanti di XenoThreat"
"bring the hammer down","calare il martello","titoli di missione","adattare","Intervenire con forza schiacciante per concludere un incarico fallito"
"packing heat","avere armi pesanti","gergo criminale e combattimento","adattare","Essere pesantemente armati e pronti a usare le armi"
"civvies","civili","gergo militare","tradurre","Forma colloquiale abbreviata di civilians"
"big fish","pesce grosso","gergo criminale","adattare","Bersaglio importante o figura di comando"
"deep space hit","esecuzione nello spazio profondo","titoli di missione","adattare","Eliminazione commissionata in una zona remota fra gli asteroidi"
"greenlit","con il via libera all'eliminazione","gergo criminale e operativo","adattare","Bersaglio o gruppo la cui eliminazione è stata formalmente autorizzata"
"lead-pipe cruelty","brutalità di un tubo di piombo","gergo criminale e caratterizzazione","adattare","Immagine di violenza rozza e diretta usata da Stows per descrivere un mercenario"
"Shot in the Chaos","Un colpo nel caos","titoli di missione","adattare","Eliminazione mirata condotta durante un assalto più ampio contro i CFP"
"shit list","lista nera","gergo criminale","adattare","Elenco informale delle persone contro cui un capo nutre un rancore e autorizza ritorsioni"
"Plug a traitor","Fredda chi ha tradito","titoli di missione","adattare","Ordine di eliminazione contro una persona passata dagli Headhunters ai CFP"
"hardline against","applicare una linea durissima contro","fazioni e conflitto","adattare","Negare sistematicamente cibo e sostegno a chi è legato agli Headhunters"
"Kill the king","Decapita il comando","titoli di missione","adattare","Eliminare chi guida il gruppo ostile senza attribuire un genere al bersaglio dinamico"
"green light on","via libera","gergo operativo e titoli","adattare","Autorizzazione definitiva a procedere con l'eliminazione del bersaglio"
"Riviera","Riviera","luoghi e orientamento","mantenere","Nome canonico del luogo attaccato da XenoThreat; preservare per mappe e guide"
"The Yard","The Yard","luoghi e orientamento","mantenere","Nome canonico del luogo; preservare articolo e maiuscole per mappe e guide"
"Head of the snake","La testa del serpente","titoli di missione","adattare","Metafora per il comando dell'unità XenoThreat da eliminare"
"extra insurance","garanzia in più","gergo operativo e criminale","adattare","Operatore aggiuntivo incaricato di assicurare l'eliminazione del bersaglio principale"
"prime target","bersaglio principale","combattimento e missioni","tradurre","Persona la cui eliminazione ha priorità sugli altri ostili presenti"
"power player","pezzo grosso","gergo criminale e gerarchie","adattare","Figura influente nella struttura di comando di XenoThreat"
"warzone","zona di guerra","combattimento e missioni","tradurre","Area nella quale è già in corso uno scontro esteso"
"circling the drain","finire dritto nello scarico","gergo e declino","adattare","Organizzazione destinata al fallimento senza rendersi conto della propria situazione"
"good graces","favore","rapporti e reputazione","adattare","Considerazione positiva guadagnata presso gli Headhunters"
"Staking a Claim","Rivendicare il territorio","titoli di missione","adattare","Dimostrazione violenta del controllo degli Headhunters sul sistema Nyx"
"Gross Misconduct","Condotta imperdonabile","titoli di missione","adattare","Titolo ironicamente formale per la rappresaglia di Stows contro un traditore"
"kick the hornet's nest","dare un calcio al vespaio","gergo e conflitto","adattare","Provocare deliberatamente una reazione violenta distruggendo le scorte di carburante"
"Lowering the Property Value","Svalutazione immobiliare","titoli di missione","adattare","Eufemismo di umorismo nero per danneggiare una stazione e allontanare il traffico"
"fuel storage tank","serbatoio di stoccaggio del carburante","infrastrutture e sabotaggio","tradurre","Serbatoio fisso da distruggere durante gli attacchi alle strutture di Nyx"
"<impact>","<urto>","didascalie sonore","tradurre","Didascalia localizzabile che segnala un contatto fisico; non è un tag del motore"
"Crashers","Crashers","sport e lore","mantenere","Nome proprio della squadra citata nei dialoghi criminali; preservare per riconoscibilità nelle fonti e nelle guide"
"reg-tag","tag di registrazione / REG-TAG","identificazione dei veicoli e segnaletica","contestuale","Nel testo corrente rendere come tag di registrazione; nel prefisso tecnico autonomo REG-TAG preservare trattino e maiuscole"
"clanger","clanger","gergo criminale e lore","mantenere","Termine gergale raro riferito nel dialogo a chi beve una sostanza blu; il contesto non ne definisce con certezza il referente, quindi preservarlo senza inventare una spiegazione"
"Konjio","Konjio","alimenti e lore","mantenere","Nome proprio della varietà di chicchi di caffè proveniente da Rhetor; mantenere per riconoscibilità"
"Restricted Airspace","Spazio Aereo Interdetto","eventi dinamici e orientamento","tradurre","Area operativa controllata dall'inverter durante Siege of Orison; usare le maiuscole quando la sorgente la presenta come denominazione del sistema o della zona"
"inverter","inverter","tecnologia IFFI e guide","mantenere","Termine tecnico ormai corrente anche in italiano e nome riconoscibile del dispositivo usato dai Nine Tails; non sostituire con invertitore nei dialoghi dell'assedio"
"Special Agent","agente speciale","Advocacy e ranghi","tradurre","Titolo di Rowena Dulli; in prosa e dialogo italiani usare normalmente le minuscole, preservando il nome proprio"
"Dulli out","Dulli, chiudo","comunicazioni radio","adattare","Formula con cui Rowena Dulli conclude una trasmissione; rendere in modo conciso e naturale senza calcare l'inglese"
"SAIC","SAIC","Advocacy e ranghi","mantenere_sigla","Sigla canonica del grado di Rowena Dulli nell'Advocacy; preservarla nei dialoghi e nelle guide senza inventare un'espansione italiana non attestata"
"Admin Center","Admin Center","luoghi e orientamento","mantenere","Nome ufficiale della piattaforma amministrativa durante Siege of Orison; preservare integralmente per mappe e guide"
"Quartermaster","Quartermaster","servizi e orientamento","mantenere","Ruolo e servizio di Jericho associato allo scarico dei rifornimenti tramite chioschi; preservare per compatibilità con guide e indicazioni operative"
"Identity Friend or Foe Inverter","Inverter di Identificazione Amico-Nemico","tecnologia IFFI e guide","tradurre_nome","Nome tecnico completo del dispositivo usato durante Siege of Orison; conservare le maiuscole da denominazione e introdurre la sigla IFFI quando presente nella sorgente"
"IFFI","IFFI","Siege of Orison, tecnologia e guide","mantenere_sigla","Sigla canonica di Identify Friend or Foe Inverter; preservare anche quando il sorgente usa la variante Identity"
"cargo barge","barge cargo","Siege of Orison e orientamento","mantenere_guidato","Imbarcazione centrale che ospita l'inverter; conservare barge e cargo per compatibilità con mappe, veterani e indicazioni operative"
"Expo Hall","Expo Hall","eventi e orientamento","mantenere","Denominazione riconoscibile della zona espositiva; preservare per compatibilità con mappe, veterani e guide"
"Best of Show","Best of Show","eventi e lore","mantenere","Titolo canonico della selezione conclusiva dell'esposizione; preservare nelle etichette dell'evento"
"Onyx Facility","Onyx Facility","luoghi e orientamento","mantenere","Nome canonico della struttura ASD; preservare integralmente per mappe, veterani e guide"
"Project Hyperion","Project Hyperion","ricerca ASD e lore","mantenere","Nome proprio del progetto di ricerca di Onyx Facility; preservare integralmente"
"Data Drive","Data Drive","oggetti missione e guide","mantenere","Supporto dati interattivo impiegato nei terminali ASD; preservare per riconoscibilità nelle guide"
"Memory Drive","Memory Drive","oggetti missione e guide","mantenere","Unità di memoria interattiva dei terminali ASD; preservare per riconoscibilità nelle guide"
"Server Blade","Server Blade","oggetti missione e guide","mantenere","Modulo server interattivo dei terminali ASD; preservare per riconoscibilità nelle guide"
"Vanduul biofluid","biofluido Vanduul","biologia e lore","tradurre_parzialmente","Tradurre il sostantivo e mantenere il nome canonico della specie"
"Recombinant Evolution","Evoluzione Ricombinante","ricerca ASD e lore","tradurre_nome","Concetto scientifico formale della ricerca di Onyx Facility; conservare le maiuscole da denominazione"
"Plasma Canister","Bombola di plasma","ricerca ASD e oggetti","tradurre","Contenitore tecnico del laboratorio; usare la maiuscola soltanto nelle intestazioni che la richiedono"
"Strut Linkage","Collegamento dei puntoni","ingegneria ASD","tradurre","Sottosistema meccanico del nucleo energetico di Onyx Facility"
"Experimentation Chamber","Camera sperimentale","ricerca ASD e luoghi interni","tradurre","Locale tecnico del laboratorio; non confondere camera con telecamera"
"Regen Data","Dati di rigenerazione","medicina e rigenerazione","tradurre","Dati tecnici relativi all'impronta biologica e al processo di rigenerazione"
"Abandoned Outpost","Abandoned Outpost","luoghi e orientamento","mantenere","Nome visualizzato dell'avamposto abbandonato; preservare per compatibilità con mappe e guide"
"Gathering","Gathering","cultura Banu e lore","mantenere","Nome canonico dell'evento in cui i Banu prendono decisioni riguardanti l'intera specie"
"Blockade Run","Blockade Run","eventi dinamici e guide","mantenere","Nome riconoscibile dell'evento CDF dedicato al recupero della Zeta-Prolanide; preservare nei titoli e nell'HUD"
"Platinum certification","certificazione Platinum","eventi F8C e oggetti","tradurre_parzialmente","Ticket speciale riscattabile per un F8C; mantenere Platinum come nome della variante e tradurre il tipo di certificazione"
"Op. Reclaim Pyro","Op. Reclaim Pyro","eventi e lore","mantenere","Nome canonico dell'operazione dei Citizens for Prosperity; preservare nei titoli, nelle ricompense e nel tracciamento missioni"
"server ship","nave server","missioni CFP e tecnologia","tradurre_prestito","Nave che trasporta dati sensibili per la CFP; conservare server come termine tecnico riconoscibile"
"Mercenary Guild Scrip","Buoni della Gilda dei Mercenari","valute e ricompense","tradurre","Forma estesa dei Buoni MG assegnati come bonus negli incarichi di pattuglia"
"Hunt Frontier Fighters","Hunt Frontier Fighters","eventi e guide","mantenere","Nome canonico dell'evento a fazioni CFP contro Headhunters; preservare nei titoli e nelle ricompense"
"Shipping Wing A","Shipping Wing A","centri di distribuzione e orientamento","mantenere","Nome della sezione interna durante Op. Save Stanton; preservare per mappe e guide"
"Shipping Wing B","Shipping Wing B","centri di distribuzione e orientamento","mantenere","Nome della sezione interna durante Op. Save Stanton; preservare per mappe e guide"
"Refinery Wing A","Refinery Wing A","centri di distribuzione e orientamento","mantenere","Nome della sezione interna durante Op. Save Stanton; preservare per mappe e guide"
"Refinery Wing B","Refinery Wing B","centri di distribuzione e orientamento","mantenere","Nome della sezione interna durante Op. Save Stanton; preservare per mappe e guide"
"Lower Interior","Lower Interior","centri di distribuzione e orientamento","mantenere","Nome della sezione interna durante Op. Save Stanton; preservare per mappe e guide"
"Dead Saints","Dead Saints","fazioni criminali e lore","mantenere","Nome proprio dell'organizzazione guidata da Twitch; preservare anche la forma abbreviata Saints e la grafia maiuscola DEAD SAINTS nei titoli"
"Altruciatoxin","altruciatossina","merci illegali e sostanze","tradurre","Sostanza stupefacente trasportata nelle missioni criminali; usare la minuscola nel testo corrente e la maiuscola solo quando richiesta dall'interfaccia"
"Contested Access","Contested Access","luoghi interni e orientamento","mantenere","Nome visualizzato degli accessi numerati; preservare con il numero originale per compatibilità con mappe e guide"
"Ghost Arena Gate","Ghost Arena Gate","luoghi interni e orientamento","mantenere","Nome visualizzato dei varchi dell'arena contrassegnati da lettere; preservare per compatibilità con mappe e guide"
"Cloudbuster","Cloudbuster","livree","mantenere","Nome canonico della livrea per Aurora Mk II; preservare per compatibilità con modelli, negozi e guide"
"Caiman","Caiman","livree","mantenere","Nome canonico della livrea verde, bianca e arancione per Cutter; preservare per compatibilità con modelli, negozi e guide"
"Rosso","Rosso","livree","mantenere","Nome canonico della livrea rosso intenso per L-21 Wolf; preservare la maiuscola anche se coincide con l'aggettivo italiano"
"Antilles","Antilles","livree","mantenere","Nome canonico della livrea blu elettrico e rossa per L-22 Alpha Wolf; preservare per compatibilità con modelli, negozi e guide"
"Hardstrike","Hardstrike","livree","mantenere","Nome canonico della livrea gialla per Pitbull; preservare per compatibilità con modelli, negozi e guide"
"Delamar","Delamar","luoghi e orientamento","mantenere","Nome canonico dell'asteroide che ospita Levski; preservare per mappe, lore e guide"
"Stanton Experience Tours, Ltd.","Stanton Experience Tours, Ltd.","aziende e lore","mantenere","Nome proprio dell'operatore turistico che organizza esperienze sui relitti; preservare integralmente"
"Barge","Barge","Siege of Orison e orientamento","mantenere","Etichetta visibile della barge cargo centrale durante Siege of Orison; preservare con la maiuscola nei marker e nei titoli per mappe e guide"
"Crusader Showroom","Crusader Showroom","luoghi e orientamento","mantenere","Nome breve del punto di partenza della navetta per Solanki Platform; preservare per mappe e guide"
"Commercial Platform","Commercial Platform","luoghi e orientamento","mantenere","Nome della piattaforma che ospita il Crusader Industries Showroom durante Siege of Orison; preservare per mappe e guide"
"Pressley Party Supply","Pressley Party Supply","aziende e oggetti di missione","mantenere","Nome proprio riportato sui container cargo della Barge durante Siege of Orison"
"Energy Lab","Energy Lab","siti ASD e orientamento","mantenere","Nome visualizzato del laboratorio energetico nei siti ASD; preservare per mappe e guide"
"Xenotech Lab","Xenotech Lab","siti ASD e orientamento","mantenere","Nome visualizzato del laboratorio xenotecnologico nei siti ASD; preservare per mappe e guide"
"Management","Management","siti ASD e orientamento","mantenere","Nome visualizzato dell'area amministrativa nell'Engineering Wing; preservare nei riferimenti operativi"
"Control Center","Control Center","siti ASD e orientamento","mantenere","Nome visualizzato del centro di controllo nell'Engineering Wing; preservare per mappe e guide"
"emission cloud","nube di emissioni","spazio e tattiche di imboscata","tradurre","Nube capace di mascherare le emissioni di una nave spenta durante le imboscate navali"
"Kampos","Kampos","pianeti e orientamento","mantenere","Nome canonico di Ellis IV; preservare per mappe, lore e guide"
"Noble","Noble","pianeti e orientamento","mantenere","Nome canonico di Ellis V; preservare quando indica il pianeta e tradurre soltanto l'aggettivo comune in altri contesti"
"Walleye","Walleye","pianeti e orientamento","mantenere","Soprannome canonico di Ellis IX usato dai trasportatori a lungo raggio; preservare per mappe e lore"
"Pinecone","Pinecone","pianeti e orientamento","mantenere","Soprannome canonico del protopianeta Ellis XIII; preservare per mappe e lore"
"Ellis Belt Alpha","Ellis Belt Alpha","cinture di asteroidi e orientamento","mantenere","Nome visualizzato della cintura usata come circuito della Murray Cup; preservare per mappe e guide"
"Work Release Program","Programma di Reinserimento Lavorativo","detenzione Klescher","tradurre_nome","Programma ufficiale di Klescher che converte il lavoro minerario in riduzioni di pena; conservare le maiuscole da denominazione nelle intestazioni"
"scavengers","sciacalli","missioni e criminalità","tradurre","Predoni e saccheggiatori opportunisti; usare sciacalli come per la forma abbreviata scavs"
"squatters","occupanti abusivi","missioni e criminalità","tradurre","Persone insediate senza autorizzazione in una struttura o in un'area"
"United Resource Workers","United Resource Workers","organizzazioni e lore","mantenere","Nome canonico della gilda dei lavoratori delle risorse; preservare per lore e guide insieme alla sigla URW"
"URW","URW","organizzazioni e lore","mantenere","Sigla canonica di United Resource Workers"
"MedGel recharge station","stazione di ricarica MedGel","medicina e rigenerazione","tradurre","Dispositivo impiegato dai Frontier Fighters per rigenerare le proprie forze; preservare il nome canonico MedGel"
"Purge Pyro","Purge Pyro","eventi, operazioni e lore","mantenere","Nome canonico dell'operazione dei Frontier Fighters; preservare per missioni, diario e guide"
"Let's Purge Pyro","Let's Purge Pyro","eventi, operazioni e lore","mantenere","Titolo canonico dell'appello introduttivo all'operazione Purge Pyro"
"kill list","lista di persone da eliminare","missioni e minacce","tradurre","Elenco di bersagli destinati all'uccisione; non confondere con una lista nera priva di ordine letale"
"FTL Courier","FTL Courier","aziende e lore","mantenere","Nome abbreviato canonico del committente FTL Courier Services"
"FTL Sprint","FTL Sprint","servizi di consegna e lore","mantenere","Classe urgente di ordine FTL; conservare Sprint fra virgolette ASCII nel testo discorsivo"
"Identify Friend or Foe Inverter","Inversore IFF (IFFI)","Siege of Orison e tecnologia","tradurre_guida","Dispositivo che inverte il riconoscimento amico-nemico; forma italiana compatta con sigla canonica"
"AA Battery","Batteria contraerea","difesa aerea e interfaccia","tradurre","Postazione d'arma antiaerea; espandere la sigla inglese nel testo italiano"
"Invictus Launch Fleet","Invictus Launch Fleet","eventi, luoghi e orientamento","mantenere","Nome visualizzato del raduno della flotta durante Invictus; preservare per mappa e guide"
"Site-B Lab","Site-B Lab","strutture ASD e orientamento","mantenere","Nome visualizzato del laboratorio dell'ala D; preservare per mappe e guide"
"Northrock","Northrock","organizzazioni e lore","mantenere","Nome visualizzato canonico dell'organizzazione di sicurezza"
"Detatrine","Detatrina","merci, chimica e medicina","tradurre_nome_merce","Composto chimico derivato dal Detatium; usare la maiuscola nel nome dell'oggetto e la minuscola nel testo comune"
"sludge","melma","sostanze e gergo criminale","tradurre","Miscuglio prodotto dagli Headhunters usando detatrina; il sorgente lo presenta in minuscolo come termine comune"
"The Wreckless","The Wreckless","squadroni, soprannomi e lore","mantenere","Soprannome canonico del 999th Test Squadron; preservare il gioco di parole fra reckless e wreck-less e la grafia ufficiale"
"999th Test Squadron","999th Test Squadron","squadroni e lore","mantenere","Denominazione canonica dello squadrone sperimentale della UEE Navy noto come The Wreckless"
"Rubicon","Rubicon","addestramento militare e lore","mantenere","Nome canonico dell'ultima scelta concessa alle reclute su MacArthur prima di confermare l'arruolamento"
"Candidacy","Candidacy","addestramento militare e lore","mantenere","Nome canonico della fase di valutazione fisica psicologica e intellettiva delle reclute della UEE Navy"
"Divisional Officer","ufficiale di divisione","gradi, ruoli e addestramento militare","tradurre","Prima figura di riferimento assegnata alle reclute durante l'addestramento nella Forge"
"Judge Advocate","avvocato militare","diritto e forze armate","tradurre","Ufficiale legale militare; non tradurre letteralmente come giudice quando svolge funzioni di assistenza e indirizzo"
"Tribunal","Tribunal","istituzioni storiche e lore","mantenere","Organo di governo canonico della United Planets of Earth; preservare per coerenza con la lore"
"Citizenship","Cittadinanza","status civico e lore","tradurre_maiuscola","Status civico della UEE; conservare la maiuscola quando il sorgente la presenta come condizione formale"
"Citizen","Cittadino","status civico e lore","tradurre_maiuscola","Persona che possiede la Cittadinanza della UEE; flettere secondo il contesto e conservare la maiuscola formale"
"BlackJac Security","BlackJac Security","organizzazioni e lore","mantenere","Nome canonico della società di sicurezza; preservare insieme a Crusader Security Hurston Security e Advocacy"
"Force Depletion","Logoramento delle forze","missioni di combattimento e interfaccia","tradurre","Obiettivo che richiede di ridurre progressivamente il numero di membri di una forza ostile"
"formation flying","volo in formazione","volo e interfaccia","tradurre","Modalità di volo coordinato; usare entrare e uscire dalla formazione nelle istruzioni operative"
"Foundation Square","Fondamenta quadrate","costruzione e strutture","tradurre","Elemento strutturale di base a pianta quadrata"
"Foundation Triangle","Fondamenta triangolari","costruzione e strutture","tradurre","Elemento strutturale di base a pianta triangolare"
"Security, Your Way","Sicurezza su misura","Foxwell Enforcement e slogan","tradurre_slogan","Slogan aziendale Foxwell; usare virgolette ASCII e la stessa resa in tutte le firme"
"Dispatcher","Responsabile delle assegnazioni","incarichi e ruoli aziendali","tradurre","Ruolo di Kevin Walton presso Foxwell Enforcement; coordina e assegna gli incarichi agli operatori"
"main contractor","appaltatore principale","contratti e missioni","tradurre","Giocatore titolare dell'incarico a cui viene riconosciuta la ricompensa in buoni MG"
"Marcus Clenn","Marcus Clenn","personaggi e lore","mantenere","Operatore Foxwell Enforcement dal tono asciutto pragmatico e leggermente sarcastico"
"drug stash","scorta di droga","narcotraffico e missioni","tradurre","Quantità di stupefacenti immagazzinata nel sito e destinata alla distruzione; usare il plurale scorte quando richiesto"
"PAF","PAF","luoghi e orientamento","mantenere","Sigla canonica dei centri di allineamento delle piattaforme Hathor; preservare nei nomi dei siti nelle missioni e nelle guide"
"civilian collateral damage","vittime collaterali tra la popolazione","combattimento e missioni","tradurre","Danni o morti fra persone non ostili; privilegiare una formulazione esplicita quando la missione impone di proteggere i civili"
"location marker","marcatore di posizione","interfaccia e navigazione","tradurre","Indicatore visualizzato sull'HUD dal quale iniziare una pattuglia o una scansione"
"Stay chilly","Sangue freddo","dialoghi e firme Foxwell","adattare","Saluto scherzoso di Kevin Walton; conserva l'invito a restare calmi con una formula italiana breve"
"flight path","rotta di volo","navigazione e missioni","tradurre","Percorso abituale seguito da una nave e sfruttabile per preparare un'imboscata"
"bait ship","nave-esca","combattimento e imboscate","tradurre","Nave usata per attirare i soccorritori in una trappola mediante un falso segnale"
"shipjacking","furto di navi","criminalità e missioni","tradurre","Aggressione finalizzata a impossessarsi di una nave; rendere shipjacking gang come banda o gruppo di ladri di navi"
"XenoThreat strike wing","ala d'attacco XenoThreat","fazioni e combattimento navale","tradurre_parzialmente","Formazione d'attacco della fazione; mantenere XenoThreat e tradurre il tipo di unità"
"XenoThreat Enforcer","sicario di XenoThreat","fazioni e gerarchie criminali","tradurre_parzialmente","Esecutore particolarmente brutale della fazione; non confondere con la livrea Enforcer che resta originale"
"personal attack wing","ala d'attacco personale","combattimento navale e gerarchie","tradurre","Formazione di navi che accompagna personalmente un comandante o un sicario"
"hit-and-run operation","operazione mordi e fuggi","combattimento e missioni","tradurre","Attacco rapido contro un obiettivo seguito dal disimpegno immediato"
"anti-air turret","torretta contraerea","difesa aerea e combattimento","tradurre","Torretta destinata a colpire navi e velivoli in avvicinamento a bassa quota"
"fuel tanks","serbatoi di carburante","strutture e missioni di bombardamento","tradurre","Obiettivo prioritario da distruggere per interrompere i rifornimenti di una base fuorilegge"
"surveillance monitor","dispositivo di sorveglianza","sorveglianza e missioni","tradurre","Dispositivo clandestino che monitora un'area e raccoglie informazioni sensibili; data skimmer segue la resa più specifica sonda di raccolta dati"
"datastore","archivio dati","informatica e sorveglianza","tradurre","Insieme di dati conservato dal dispositivo e caricato automaticamente quando viene attaccato"
"Claim Mode","Modalità Recupero","interfaccia, oggetti pledge e recupero","tradurre_nome_funzione","Modalità del Freight Manager usata per recuperare oggetti pledge perduti; non rendere come reclamo generico"
"Claim","Recupera","interfaccia, oggetti pledge e recupero","tradurre_azione","Azione che genera una nuova copia recuperabile dell'oggetto pledge e invalida quella precedente"
"Home Location","Home Location","luoghi, profilo e orientamento","mantenere","Termine canonico usato da interfaccia e guide per la località principale scelta dal personaggio"
"Auto Arrange","Disponi automaticamente","carico e interfaccia","tradurre","Azione che organizza automaticamente gli oggetti sul montacarichi"
"Freight Manager","Gestione Merci","carico e interfaccia","tradurre_nome_interfaccia","Nome della schermata che gestisce trasferimenti fra montacarichi magazzino e deposito equipaggiamento; usare le maiuscole nel titolo"
"Freight Mode","Modalità Merci","carico e interfaccia","tradurre_nome_funzione","Modalità del terminale dedicata alla movimentazione delle merci"
"Gear Storage","deposito equipaggiamento","inventario e interfaccia","tradurre","Sistema precedentemente chiamato Item Bank; permette di conservare e recuperare equipaggiamento personale"
"Storage Access","Accesso al deposito","inventario e interfaccia","tradurre_nome_interfaccia","Titolo della schermata per accedere agli oggetti nel deposito equipaggiamento"
"Hangar Service","Servizio Hangar","Hangar e interfaccia","tradurre_parzialmente","Voce del terminale relativa ai servizi dell'Hangar; Hangar resta invariato e mantiene la maiuscola nel nome della funzione"
"Drawer","Cassetto","inventario e interfaccia","tradurre","Vano del deposito equipaggiamento usato per trasferire o ritirare oggetti"
"Sell Orders","Ordini di vendita","commercio e interfaccia","tradurre","Elenco degli ordini con cui gli oggetti selezionati vengono venduti"
"Toggle View","Cambia vista","interfaccia","tradurre","Comando che alterna le modalità di visualizzazione del montacarichi"
"Transfer Complete","Trasferimento completato","carico e interfaccia","tradurre","Stato mostrato al termine della movimentazione degli oggetti"
"Request Elevator","Richiedi il montacarichi","carico e interfaccia","tradurre","Comando del terminale che rende disponibile il montacarichi"
"Withdraw Items","Ritira oggetti","inventario e interfaccia","tradurre","Azione che preleva oggetti dal deposito o dal magazzino"
"Reset Zoom","Reimposta zoom","interfaccia e visuale 3D","tradurre","Ripristina il livello di ingrandimento predefinito della visuale"
"Fuel Generator","Generatore di carburante","impianti e segnaletica","tradurre","Nome funzionale del generatore; localizzare gli indicatori Large e Small come [G] e [P]"
"Gilly's Flight School","Gilly's Flight School","organizzazioni e missioni di addestramento","mantenere","Nome proprio canonico della scuola di volo; preservare per missioni e guide"
"Ghost Arena","Ghost Arena","luoghi e orientamento","mantenere","Nome proprio dell'arena; preservare per mappe e guide"
"Idris War Game","Esercitazione bellica sull'Idris","missioni CDF","tradurre_parzialmente","Titolo dell'esercitazione; Idris resta canonico e riconoscibile"
"Goss System","Goss System","sistemi stellari e orientamento","mantenere","Nome visualizzato canonico del sistema; preservare per mappe e guide"
"Goss I","Goss I","pianeti e orientamento","mantenere","Nome canonico del primo pianeta del sistema Goss"
"Goss III","Goss III","pianeti e orientamento","mantenere","Nome canonico del terzo pianeta del sistema Goss"
"Olympus Pool","Olympus Pool","fenomeni astronomici e lore","mantenere","Nome proprio del fenomeno stellare vicino al sistema Goss"
"Goss A","Goss A","stelle e orientamento","mantenere","Nome canonico della prima stella del sistema binario Goss"
"Goss B","Goss B","stelle e orientamento","mantenere","Nome canonico della seconda stella del sistema binario Goss"
"Silver Leaf Society","Silver Leaf Society","organizzazioni e reputazione","mantenere","Nome canonico dell'organizzazione alleata; preservare per reputazione e guide"
"Sidekick Shuttles","Sidekick Shuttles","organizzazioni e trasporto","mantenere","Nome canonico del servizio di trasporto rivale; preservare per reputazione e guide"
"Protect Pyro","Protect Pyro","eventi, missioni e guide","mantenere","Nome canonico dell'operazione degli Headhunters; preservare nei titoli e negli indicatori di avanzamento"
"Hab Floor","Piano Alloggi","strutture abitative e orientamento","tradurre","Etichetta dei piani residenziali; mantenere le maiuscole quando compare come nome autonomo nella segnaletica"
"Hadrian System","Hadrian System","sistemi stellari e orientamento","mantenere","Nome visualizzato canonico del sistema; preservare per mappe e guide"
"The Watcher","The Watcher","pianeti, soprannomi e orientamento","mantenere","Nome canonico visualizzato di Hadrian III; preservare per mappe e lore"
"Hadrian Belt Alpha","Hadrian Belt Alpha","cinture di asteroidi e orientamento","mantenere","Nome canonico della cintura di asteroidi del sistema Hadrian"
"No Man's Land","No Man's Land","sistemi stellari e lore","mantenere","Soprannome canonico del sistema Hadrian; preservare in inglese nelle descrizioni"
"Kedsu Reef","Kedsu Reef","stazioni, commercio e orientamento","mantenere","Nome canonico del complesso commerciale nel punto di Lagrange di Hadrian II"
"Xi'an Empire","Impero Xi'an","politica e lore","tradurre_parzialmente","Xi'an resta il nome canonico della specie e civiltà; Empire viene reso naturalmente in italiano"
"Imprint Keycard","Codifica scheda","terminali e sicurezza Hathor","adattare_azione_breve","Imprint è un verbo nel pulsante che programma la scheda; la forma breve evita troncamenti, mentre nel testo esteso Keycard resta Scheda di accesso"
"Laser Activation Terminal","Terminale di attivazione laser","terminali e impianti Hathor","tradurre_nome_interfaccia","Terminale che programma o verifica la scheda necessaria ad attivare il laser minerario"
"OLP Storage","OLP Storage","luoghi interni Hathor e orientamento","mantenere","Nome visualizzato del settore deposito; preservare per mappe e guide"
"PAF Maintenance","PAF Maintenance","luoghi interni Hathor e orientamento","mantenere","Nome visualizzato del settore manutenzione; preservare per mappe e guide"
"PAF Security","PAF Security","luoghi interni Hathor e orientamento","mantenere","Nome visualizzato del settore sicurezza; preservare per mappe e guide"
"Maintenance Access","Accesso alla manutenzione","terminali e sicurezza","tradurre_nome_interfaccia","Titolo del terminale che concede accesso temporaneo al settore manutenzione"
"Security Access","Accesso alla sicurezza","terminali e sicurezza","tradurre_nome_interfaccia","Titolo del terminale che concede accesso temporaneo al settore sicurezza"
"Delivery Window Expired","Finestra di consegna scaduta","contratti cargo e fallimenti","tradurre","Fallimento dovuto alla scadenza del periodo concesso per completare la consegna"
"Collect Shipment","Ritira la spedizione","contratti cargo e obiettivi","tradurre_azione","Obiettivo che richiede di prelevare una spedizione; usare Ritira e non un generico Raccogli"
"Return Shipment","Restituisci la spedizione","contratti cargo e obiettivi","tradurre_azione","Obiettivo che richiede di riportare la spedizione al destinatario previsto"
"Cargo Route","Rotta cargo","contratti cargo e classificazione","tradurre_parzialmente","Classificazione dell'itinerario; i valori seguono il femminile di rotta"
"Cargo Scale","Entità del carico","contratti cargo e classificazione","tradurre","Classificazione quantitativa; i valori sono femminili perché riferiti implicitamente all'entità"
"Comm Tower","Torre di comunicazione","avamposti, sabotaggio e obiettivi","tradurre","Torre che consente di richiedere rinforzi; nei testi dinamici evitare di pluralizzare direttamente il segnaposto singolare"
"Xenos","Xenos","XenoThreat e gergo criminale","mantenere","Soprannome colloquiale usato da Stows per i membri di XenoThreat; preservare come elemento di voce e lore"
"orbital sentry","sentinella orbitale","sorveglianza e missioni spaziali","tradurre","Dispositivo orbitale usato per osservare a distanza le operazioni di una fazione"
"Face","Volto","personalizzazione del personaggio","tradurre","Etichetta numerata dei volti selezionabili; mantenere la maiuscola iniziale nelle voci autonome"
"Overdrive Initiative","Overdrive Initiative","eventi e lore","mantenere","Nome canonico dell'evento; preservare integralmente anche i titoli delle sue fasi per compatibilità con guide e comunità"
"Operation Overdrive","Operation Overdrive","eventi e lore","mantenere","Nome canonico dell'operazione citata nelle descrizioni narrative"
"F7A Hornet","F7A Hornet","veicoli Anvil e ricompense","mantenere","Denominazione canonica del modello militare; non aggiungere il plurale inglese in una frase italiana"
"XenoThreat Vanguard","Vanguard di XenoThreat","veicoli e fazioni","tradurre_parzialmente","Vanguard è il modello canonico della nave; XenoThreat resta il nome della fazione"
"Incursion Site","Sito dell'incursione","missioni e obiettivi Overdrive","tradurre","Marcatore funzionale del luogo da raggiungere; non è un nome proprio di mappa"
"Criminal Database","Database Criminale","Security Post Kareah e sistemi legali","tradurre_nome_interfaccia","Nome del sistema consultato e reimpostato durante EMERGENCY AT KAREAH; mantenere le maiuscole da denominazione"
"F7C Mk II","F7C Mk II","veicoli Anvil e miglioramenti","mantenere","Denominazione canonica del modello civile; correggere la grafia provvisoria mk ii quando compare nei testi visibili"
"F7A Mk II","F7A Mk II","veicoli Anvil e ricompense","mantenere","Denominazione canonica del modello militare; correggere la grafia provvisoria mk ii quando compare nei testi visibili"
"Reagent Code","Codice reagente","Onyx Facility e obiettivi tecnici","tradurre","Codice numerico dinamico associato ai reagenti nella struttura ASD"
"Personnel Files","Fascicoli del personale","Onyx Facility e indagini Hockrow","tradurre","Dati del personale da consultare nella prima fase del dossier Jorrit"
"Lead Scientist","responsabile scientifico","ruoli scientifici","tradurre","Ruolo ricoperto dal dottor Jorrit presso Onyx Facility"
"Jorrit's Files","File di Jorrit","Onyx Facility e indagini Hockrow","tradurre_parzialmente","Oggetto informatico consultabile; Jorrit resta il nome canonico del personaggio"
"Secure Drive","Secure Drive","oggetti ASD e ricompense Hockrow","mantenere","Nome visualizzato dell'unità dati consegnata come ricompensa; invariabile al plurale e riconoscibile nell'inventario"
"ASD Secure Drive","ASD Secure Drive","oggetti ASD e ricompense Hockrow","mantenere","Nome canonico completo dell'unità dati ASD; preservare per inventario e guide"
"Energy Anomaly Data","dati sull'anomalia energetica","Onyx Facility e indagini Hockrow","tradurre","Insieme di letture dei sensori energetici recuperato dalla Engineering Wing"
"Security Data","dati di sicurezza","Onyx Facility e indagini Hockrow","tradurre","Dati del sistema di sorveglianza recuperati dalla Research Wing"
"Blank Memory Drive","unità di memoria vuota","Onyx Facility e trasferimento dati","tradurre","Supporto senza dati sul quale copiare le informazioni di sicurezza; distinto dall'ASD Secure Drive premio"
"Seismic Data","dati sismici","Onyx Facility e indagini Hockrow","tradurre","Letture dei sensori sismici recuperate dalla Research Wing"
"Energy Lab Test Chamber","Energy Lab Test Chamber","Onyx Facility, luoghi e orientamento","mantenere","Nome completo della camera di prova dalla quale prelevare il Server Blade; preservare per mappe e guide"
"Test Chamber","Test Chamber","Onyx Facility, luoghi e orientamento","mantenere","Forma breve visualizzata della Energy Lab Test Chamber; preservare negli obiettivi per mappe e guide"
"Power Usage Data","dati sul consumo energetico","Onyx Facility e indagini Hockrow","tradurre","Dati sui flussi energetici recuperati dalla Engineering Wing"
"Core Terminal","Core Terminal","Onyx Facility, luoghi e orientamento","mantenere","Terminale centrale usato per caricare o estrarre dati; preservare per orientamento, mappe e guide"
"Catalyst Code","Codice catalizzatore","Onyx Facility e obiettivi tecnici","tradurre","Codice sperimentale recuperato dalla Research Wing; in prosa usare normalmente la minuscola"
"Site-B","Site-B","Onyx Facility, luoghi e orientamento","mantenere","Nome canonico del settore che ospita Project Hyperion; preservare per mappe e guide"
"Thermal Vent","Thermal Vent","Onyx Facility, luoghi e orientamento","mantenere","Marcatore dell'impianto diagnostico nella Engineering Wing; preservare per mappe e guide"
"Thermal Condenser","Thermal Condenser","Onyx Facility, luoghi e orientamento","mantenere","Marcatore dell'impianto diagnostico nella Engineering Wing; preservare per mappe e guide"
"Control Room","Control Room","Onyx Facility, luoghi e orientamento","mantenere","Marcatore della sala dalla quale caricare i dati diagnostici; preservare per mappe e guide"
"Fuel Reactor","Fuel Reactor","Onyx Facility, luoghi e orientamento","mantenere","Marcatore del reattore da rifornire di plasma; preservare per mappe e guide"
"Biomass Processor","Biomass Processor","Onyx Facility, luoghi e orientamento","mantenere","Marcatore del sistema che fornisce il codice Catalyst-XTL; preservare per mappe e guide"
"Regeneration Analysis","Regeneration Analysis","Onyx Facility, luoghi e orientamento","mantenere","Marcatore del sistema che fornisce il codice Catalyst-RGL; preservare per mappe e guide"
"Experiment Results","Risultati dell'esperimento","Project Hyperion e obiettivi","tradurre","Dati risultanti dall'esecuzione dell'esperimento; non è un nome proprio di luogo"
"recombinant sample","campione ricombinante","Project Hyperion e oggetti sperimentali","tradurre","Campione da impronta biologica prodotto combinando catalizzatore e reagente"
"Captain","Capitano","ruoli di equipaggio","tradurre","Titolo di ruolo autonomo; mantenere la maiuscola iniziale"
"Pilot","Pilota","ruoli di equipaggio","tradurre","Ruolo di volo; Pilota è invariabile nel genere e mantiene la maiuscola come etichetta"
"Copilot","Copilota","ruoli di equipaggio","tradurre","Ruolo di volo; Copilota è invariabile nel genere e mantiene la maiuscola come etichetta"
"First Officer","Primo ufficiale","ruoli di equipaggio","tradurre","Grado di bordo; minuscola su ufficiale secondo l'ortografia italiana"
"Second Officer","Secondo ufficiale","ruoli di equipaggio","tradurre","Grado di bordo; minuscola su ufficiale secondo l'ortografia italiana"
"Navigator","Navigatore","ruoli di equipaggio","tradurre","Specialista della navigazione di bordo"
"Engineer","Ingegnere","ruoli di equipaggio","tradurre","Ruolo tecnico generico, distinto da Technician"
"Assistant Engineer","Assistente ingegnere","ruoli di equipaggio","tradurre","Ruolo tecnico subordinato all'ingegnere di bordo"
"Chief Engineer","Ingegnere capo","ruoli di equipaggio","tradurre","Responsabile del reparto tecnico di bordo"
"Mechanic","Meccanico","ruoli di equipaggio","tradurre","Ruolo addetto alla manutenzione meccanica"
"Shield Tech","Tecnico degli scudi","ruoli di equipaggio","tradurre","Specialista dei sistemi di scudi"
"Systems Tech","Tecnico dei sistemi","ruoli di equipaggio","tradurre","Specialista dei sistemi di bordo"
"Security Officer","Ufficiale di sicurezza","ruoli di equipaggio","tradurre","Responsabile operativo della sicurezza, distinto dalla guardia"
"Security Guard","Guardia di sicurezza","ruoli di equipaggio","tradurre","Personale di sorveglianza e protezione"
"Bosun","Nostromo","ruoli di equipaggio","tradurre","Ruolo nautico responsabile delle attività di coperta"
"Electrician","Elettricista","ruoli di equipaggio","tradurre","Specialista degli impianti elettrici"
"Deckhand","Marinaio di coperta","ruoli di equipaggio","tradurre","Personale addetto alle operazioni generiche sul ponte"
"Medic","Medico","ruoli di equipaggio","tradurre","Ruolo sanitario di bordo"
"Ensign","Guardiamarina","ruoli di equipaggio","tradurre","Grado iniziale degli ufficiali di bordo"
"Scan Tech","Tecnico scansioni","ruoli di equipaggio","tradurre","Specialista dei sistemi di scansione; forma concisa da etichetta"
"Technician","Tecnico","ruoli di equipaggio","tradurre","Ruolo tecnico generico"
"Operator","Operatore","ruoli di equipaggio","tradurre","Ruolo operativo generico"
"Lead Operator","Operatore capo","ruoli di equipaggio","tradurre","Responsabile degli operatori"
"Refinery Operator","Operatore di raffineria","ruoli di equipaggio","tradurre","Addetto ai processi di raffinazione"
"Field Tech","Tecnico sul campo","ruoli di equipaggio","tradurre","Specialista tecnico impiegato sul posto"
"Cook","Cuoco","ruoli di equipaggio","tradurre","Ruolo di cucina; non tradurre con il verbo Cucinare"
"Cargo Officer","Ufficiale Cargo","ruoli di equipaggio","tradurre_parzialmente","Responsabile delle operazioni Cargo; conservare Cargo come termine operativo riconoscibile"
"Cargo Handler","Addetto Cargo","ruoli di equipaggio","tradurre_parzialmente","Addetto alla movimentazione Cargo; forma breve adatta a un'etichetta di ruolo"
"Base Operator","Operatore di base","ruoli operativi","tradurre","Ruolo funzionale associato alle installazioni; minuscola su base secondo l'ortografia italiana"
"procedural nickname","soprannome procedurale invariato","nomi propri e callsign","mantenere","I valori Human_Nicknames identificano personaggi e restano originali anche quando hanno un significato lessicale traducibile"
"Senior Officer","Ufficiale superiore","gradi di sicurezza","tradurre","Grado generico della sicurezza; abbreviare come Uff. sup. nelle chiavi dedicate"
"security Chief","Capo","gradi di sicurezza","tradurre_contestuale","Titolo generico della sicurezza; non applicare al Chief canonico degli Headhunters"
"security Director","Direttore","gradi di sicurezza","tradurre","Titolo direttivo generico; abbreviare come Dir. nelle chiavi dedicate"
"Homicide","Omicidio","codice penale UEE","tradurre_nome","Denominazione ufficiale del reato"
"Unlawful Discharge of a Weapon","Uso illecito di un'arma","codice penale UEE","tradurre_nome","Indica lo sparo non consentito, non il lancio dell'arma"
"Brandishing a Weapon","Ostentazione di arma","codice penale UEE","tradurre_nome","Esibizione minacciosa di un'arma in una zona di sicurezza"
"Parking Violation","Violazione delle norme di sosta","codice penale UEE","tradurre_nome","Sosta o parcheggio senza autorizzazione"
"Destruction of Property","Distruzione di proprietà","codice penale UEE","tradurre_nome","Distruzione completa di beni pubblici o privati"
"Damage of Property","Danneggiamento di proprietà","codice penale UEE","tradurre_nome","Danneggiamento non necessariamente distruttivo"
"Possession of Prohibited Goods","Possesso di beni vietati","codice penale UEE","tradurre_nome","Coerente con la categoria legale Beni vietati"
"Trespassing (Second Degree)","Accesso abusivo (secondo grado)","codice penale UEE","tradurre_nome","Accesso senza permesso; non limitato a un domicilio"
"Sabotage","Sabotaggio","codice penale UEE","tradurre_nome","Denominazione ufficiale del reato"
"Resisting Arrest","Resistenza all'arresto","codice penale UEE","tradurre_nome","Denominazione ufficiale del reato"
"Trafficking of Class A Controlled Substance","Traffico di sostanze controllate di classe A","codice penale UEE","tradurre_nome","Mantenere la lettera della classe maiuscola"
"Possession of Class A Controlled Substance","Possesso di sostanze controllate di classe A","codice penale UEE","tradurre_nome","Mantenere la lettera della classe maiuscola"
"Trafficking of Stolen Property","Traffico di beni rubati","codice penale UEE","tradurre_nome","Property indica beni, non proprietà immobiliare"
"Possession of Stolen Property","Possesso di beni rubati","codice penale UEE","tradurre_nome","Property indica beni rubati"
"Harboring a Fugitive","Favoreggiamento di persona ricercata","codice penale UEE","tradurre_nome","Formula neutra e giuridicamente naturale"
"Operating a Stolen Vehicle","Utilizzo di veicolo rubato","codice penale UEE","tradurre_nome","La definizione comprende anche il trasporto come passeggero"
"Aggravated Assault","Aggressione aggravata","codice penale UEE","tradurre_nome","Reato commesso con arma letale"
"Assaulting Security Personnel","Aggressione al personale di sicurezza","codice penale UEE","tradurre_nome","Denominazione ufficiale del reato"
"Evading Arrest","Elusione dell'arresto","codice penale UEE","tradurre_nome","Comprende l'elusione e la fuga"
"Failure to Comply","Inottemperanza","codice penale UEE","tradurre_nome","Mancato rispetto degli ordini legittimi della sicurezza"
"Unauthorized Computer Access","Accesso informatico non autorizzato","codice penale UEE","tradurre_nome","Accesso illecito a sistemi informatici"
"Trafficking of Class B Controlled Substance","Traffico di sostanze controllate di classe B","codice penale UEE","tradurre_nome","Mantenere la lettera della classe maiuscola"
"Trafficking of Class C Controlled Substance","Traffico di sostanze controllate di classe C","codice penale UEE","tradurre_nome","Mantenere la lettera della classe maiuscola"
"Possession of Class B Controlled Substance","Possesso di sostanze controllate di classe B","codice penale UEE","tradurre_nome","Mantenere la lettera della classe maiuscola"
"Possession of Class C Controlled Substance","Possesso di sostanze controllate di classe C","codice penale UEE","tradurre_nome","Mantenere la lettera della classe maiuscola"
"Destruction of Vehicle","Distruzione di veicolo","codice penale UEE","tradurre_nome","Denominazione ufficiale del reato"
"Vehicular Collision","Collisione tra veicoli","codice penale UEE","tradurre_nome","Formula naturale per una collisione che coinvolge più mezzi"
"Delinquent Restitution","Mancato pagamento delle sanzioni","codice penale UEE","tradurre_nome","La definizione riguarda multe e sanzioni pecuniarie accumulate"
"Unauthorized Interdiction","Interdizione quantica non autorizzata","codice penale UEE","tradurre_nome","Interferenza illecita mediante Dispositivi di interdizione quantica"
"Trespassing (First Degree)","Accesso abusivo (primo grado)","codice penale UEE","tradurre_nome","Accesso in area interdetta con intento criminoso"
"Battery (Second Degree)","Percosse (secondo grado)","codice penale UEE","tradurre_nome","Applicazione non consensuale di forza fisica o agenti chimici"
"Battery (First Degree)","Percosse (primo grado)","codice penale UEE","tradurre_nome","Applicazione di forza che provoca lesioni o incapacitazione"
"Actively Incarcerated","Detenzione in corso","codice penale UEE","tradurre_nome","Stato legale di chi sta scontando una condanna"
"Escaped from Custody","Evasione dalla custodia","codice penale UEE","tradurre_nome","Denominazione ufficiale del reato"
"Attempted Escape from Custody","Tentata evasione dalla custodia","codice penale UEE","tradurre_nome","Denominazione ufficiale del reato"
"Insurance Fraud","Frode assicurativa","codice penale UEE","tradurre_nome","Denominazione ufficiale del reato"
"Inmate Homicide","Omicidio di persona detenuta","codice penale UEE","tradurre_nome","Formula neutra riferita alla vittima detenuta"
"Reckless Vehicle Operation","Guida spericolata","codice penale UEE","tradurre_nome","Condotta temeraria alla guida di un veicolo"
"Negligent Homicide","Omicidio colposo","codice penale UEE","tradurre_nome","Morte causata da imprudenza o negligenza"
"Armistice Violation","Violazione dell'armistizio","codice penale UEE","tradurre_nome","Atti ostili all'interno di una zona d'armistizio"
"Aggravated Criminal Damage","Danneggiamento aggravato","codice penale UEE","tradurre_nome","Danno a beni altrui con intento o rischio di lesioni"
"Grievous Bodily Harm","Lesioni personali gravi","codice penale UEE","tradurre_nome","Lesioni tali da causare perdita di coscienza"
"Attempted Homicide","Tentato omicidio","codice penale UEE","tradurre_nome","Denominazione ufficiale del reato"
"Vehicle Theft","Furto di veicolo","codice penale UEE","tradurre_nome","Comprende il cosiddetto shipjacking"
"Abandoning Klescher Equipment","Abbandono di attrezzatura Klescher","codice penale UEE","tradurre_nome","Klescher resta originale come nome proprio"
"Property Theft","Furto di proprietà","codice penale UEE","tradurre_nome","Sottrazione di beni registrati"
"Illegal Towing","Traino illegale","codice penale UEE","tradurre_nome","Traino senza consenso del legittimo proprietario"
"UEE Armistice Initiative","Iniziativa per l'Armistizio dell'UEE","legalità e lore","tradurre_nome","Programma ufficiale che definisce le zone d'armistizio"
"Klescher Rehabilitation Facility","Klescher Rehabilitation Facility","luoghi e lore","mantenere","Forma singolare del nome ufficiale della struttura; conservare per mappe e guide"
"Inmate Processing","Inmate Processing","luoghi e orientamento","mantenere","Area funzionale di Klescher indicata al termine della pena; conservare per mappe e guide"
"Mining Attachment","accessorio da estrazione","equipaggiamento minerario","tradurre","Accessorio per Multitool impiegato nell'estrazione manuale"
"Prisoner Handbook","Manuale della persona detenuta","detenzione Klescher","tradurre_nome","Titolo del manuale; forma neutra rispetto al personaggio del giocatore"
"Your Sentence","La tua pena","detenzione Klescher","tradurre_nome","Intestazione della scheda personale sul terminale informativo"
"Original Sentence","Pena originaria","detenzione Klescher","tradurre_nome","Durata della pena prima delle successive modifiche"
"Sentence Extension","Prolungamento della pena","detenzione Klescher","tradurre_nome","Aumento della pena dovuto a violazioni del regolamento"
"Merit Contribution","Riduzione per Meriti","detenzione Klescher","tradurre_nome","Riduzione della pena maturata attraverso i Meriti"
"Projected time until release","Tempo residuo stimato","detenzione Klescher","tradurre","Conto alla rovescia previsto fino al rilascio"
"Time Served","Tempo scontato","detenzione Klescher","tradurre_nome","Periodo di pena già trascorso"
"Commissary Dispenser","distributore dello Spaccio","servizi carcerari","tradurre","Distributore presso cui spendere i Meriti; Spaccio segue la voce Commissary"
"MISSION SPECS","SPECIFICHE DELLA MISSIONE","contratti InterSec","tradurre_intestazione","Intestazione ricorrente dei briefing InterSec; mantenere tutte le maiuscole"
"Hostile Forces","Forze ostili","contratti militari","tradurre_etichetta","Etichetta dei briefing; contenuto successivo contestuale"
"Equipment Specs","Equipaggiamento","contratti militari","tradurre_etichetta","Etichetta sintetica usata nei briefing InterSec"
"Operations Manager","Responsabile delle operazioni","ruoli InterSec","tradurre","Qualifica di Deacon Tobin nelle firme ufficiali"
"Strike Group","gruppo d'attacco","operazioni militari","tradurre","Formazione composta da più navi con ruoli complementari"
"Tactical Strike Group Needed","Richiesto gruppo tattico d'attacco","contratti InterSec","tradurre_nome","Titolo dell'incarico cooperativo presso la QV Breaker Station"
"Cooling Units","Unità di raffreddamento","stazioni e sistemi energetici","tradurre","Componenti interni da distruggere per esporre il nucleo"
"Core Weak Spot","Punto debole del nucleo","stazioni e sistemi energetici","tradurre","Indicatore del punto vulnerabile"
"Station Core","Nucleo della stazione","stazioni e sistemi energetici","tradurre","Nucleo centrale esposto al termine dell'assalto"
"Entry Port","Portello d'ingresso","stazioni e orientamento","tradurre","Accesso al braccio della stazione; etichetta funzionale, non nome proprio"
"Access Door","Porta di accesso","stazioni e orientamento","tradurre","Porta funzionale interna alla stazione"
"Security Terminal","Terminale di sicurezza","terminali e obiettivi","tradurre","Terminale che controlla le porte dell'hangar"
"Vanduul Fighters","Caccia Vanduul","combattimento e obiettivi","tradurre","Nome dell'ondata ostile; Vanduul resta originale"
"Strategic Bombing","Bombardamento strategico","contratti InterSec","tradurre_nome","Titolo dell'attacco ai relè di alimentazione"
"Tactical Bombing Op","Operazione di bombardamento tattico","contratti InterSec","tradurre_nome","Op viene espanso per chiarezza nell'interfaccia italiana"
"ARGO Astronautics","ARGO Astronautics","aziende e lore","mantenere","Nome societario nella grafia tutta maiuscola usata dal pannello Invictus 2954"
"Argo Cargo","Argo Cargo","veicoli e guide","mantenere","Nome comune canonico dell'MPUV-1C; conservare per riconoscibilità"
"Gravity Check","Controllo gravità","procedure di bordo","tradurre_nome","Nome dell'esercitazione che simula il guasto del generatore gravitazionale"
"Master-At-Arms","Master-At-Arms","gradi militari e lore","mantenere","Ruolo di bordo responsabile dei depositi d'armi e del poligono; preservare la grafia sorgente"
"peacekeeper","peacekeeper","varianti Idris","mantenere","Denominazione tra virgolette della variante da pattugliamento dell'Idris"
"Idris-M","Idris-M","veicoli militari","mantenere","Designazione canonica della fregata UEE"
"Idris IV","Idris IV","luoghi e lore","mantenere","Pianeta della vittoria militare da cui deriva il nome Idris"
"Bridge Deck","Ponte di comando","interni Idris","tradurre_nome","Titolo del pannello relativo al centro di comando della nave"
"Forward Escape Pods","Capsule di salvataggio di prua","interni Idris","tradurre_nome","Compartimento anteriore delle capsule"
"Rear Escape Pods","Capsule di salvataggio di poppa","interni Idris","tradurre_nome","Compartimento posteriore delle capsule"
"Sleeping Quarters","Alloggi dell'equipaggio","interni Idris","tradurre_nome","Alloggi in stile camerata destinati alla maggior parte dell'equipaggio"
"Captain's Retreat","Alloggio del capitano","interni Idris","tradurre_nome","Titolo promozionale del pannello dedicato all'alloggio privato"
"Cargo Support","Supporto Cargo","operazioni Idris","tradurre_parzialmente","Conservare Cargo come termine operativo riconoscibile"
"Fighter Support","Supporto caccia","operazioni Idris","tradurre_nome","Titolo del pannello sull'hangar principale"
"Military Provisions","Scorte militari","logistica Idris","tradurre_nome","Rifornimenti necessari alle operazioni autonome prolungate"
"EVA suits","tute per attività extraveicolare (EVA)","equipaggiamento di bordo","tradurre_o_sigla","Espandere la sigla nel testo descrittivo mantenendola tra parentesi"
"Jump Tunnel","Tunnel di salto","navigazione intersistema","tradurre_nome","Tunnel attraversato durante il transito da un Punto di salto"
"Tuning","Sintonizzazione","navigazione intersistema","tradurre","Calibrazione necessaria per attraversare un Punto di salto"
"Detuning","Desintonizzazione","navigazione intersistema","tradurre","Perdita della sintonizzazione dovuta al disallineamento"
"Queue Position","Posizione in coda","navigazione intersistema","tradurre","Posto assegnato alla nave in attesa di transito"
"Size Mismatch","Dimensione incompatibile","navigazione intersistema","tradurre","La classe della nave non è compatibile con il Punto di salto"
"Klescher Rehabilitation","Klescher Rehabilitation","giurisdizioni e lore","mantenere","Nome abbreviato della giurisdizione Klescher; conservare per riconoscibilità"
"Ungoverned","Non governata","giurisdizioni","tradurre","Etichetta di una giurisdizione priva di autorità di governo"
"Autonomous","Autonoma","giurisdizioni","tradurre","Etichetta di una giurisdizione autonoma"
"Current Operation","Operazione in corso","interfaccia propulsore di salto","tradurre_etichetta","Intestazione dello stato operativo corrente"
"Entry Requirements Met","Requisiti di accesso soddisfatti","navigazione intersistema","tradurre","Conferma che la nave può entrare nel Punto di salto"
"Tuning Ratio","Rapporto di sintonizzazione","navigazione intersistema","tradurre_etichetta","Valore che misura il completamento della calibrazione"
"QV Airlock Access Card","QV Airlock Access Card","oggetti missione e guide","mantenere","Oggetto necessario per entrare nella base sull'asteroide; preservare per riconoscibilità nelle guide"
"QV Derelict A","QV Derelict A","luoghi e orientamento","mantenere","Marcatore del primo relitto QV da perquisire"
"QV Derelict B","QV Derelict B","luoghi e orientamento","mantenere","Marcatore del secondo relitto QV da perquisire"
"QV Derelict C","QV Derelict C","luoghi e orientamento","mantenere","Marcatore del terzo relitto QV da perquisire"
"Auxiliary Station","Auxiliary Station","luoghi e orientamento","mantenere","Marcatore della stazione ausiliaria contenente un pacchetto dati"
"QV Planet Services Logistics Station","QV Planet Services Logistics Station","luoghi e lore","mantenere","Nome esteso della stazione usato nel primo briefing Kaboos"
"QV Logistics Station","QV Logistics Station","luoghi e orientamento","mantenere","Nome abbreviato della stazione usato negli obiettivi e nella mappa stellare Kaboos"
"Data Packet","pacchetto dati","oggetti missione","tradurre","Pacchetto cifrato da recuperare e decrittare per InterSec"
"Decryption Key","Chiave di decrittazione","oggetti missione","tradurre_nome","Chiave fisica monouso necessaria ad accedere ai dati cifrati"
"Passcode Disk","Disco del codice d'accesso","oggetti missione","tradurre_nome","Disco che contiene un identificativo di sicurezza multifase"
"Security Lockdown","blocco di sicurezza","sicurezza e terminali","tradurre","Blocco della struttura da disattivare manualmente"
"Vanduul-Tech Smugglers","Contrabbandieri di tecnologia Vanduul","missioni InterSec","tradurre_nome","Titolo dell'incarico introduttivo Kaboos"
"administrative commodity terminal","terminale amministrativo delle merci","Jumptown e contrabbando","tradurre","Terminale usato per trasferire il contrabbando e registrare la consegna"
"Confiscate Contraband","Confisca del contrabbando","Jumptown e contrabbando","tradurre_nome","Titolo nominale comune ai quattro incarichi legali"
"Contraband Drop Off","Punto di consegna del contrabbando","Jumptown e obiettivi","tradurre_nome","Marcatore funzionale della destinazione di consegna"
"Ripe for the Taking","Pronta da cogliere","Jumptown e Ruto","tradurre_nome","Titolo che conserva il gioco metaforico tra prodotto maturo e merce da rubare"
"Recommended Buyer","Acquirente consigliato","commercio illegale","tradurre_nome","Marcatore del contatto suggerito per la vendita"
"Private Contract Supervisor","Supervisore contratti privati","ruoli BlacJac","tradurre","Qualifica di Aaron Riegert nella firma del contratto"
"Protection Provided","Protezione garantita","slogan BlacJac","tradurre_nome","Slogan societario mantenuto fra virgolette ASCII"
"Security Override","Security Override","Security Post Kareah e guide","mantenere","Nome del comando del terminale che interrompe la verifica dei reperti; conservare per riconoscibilità nelle guide"
"Hazard Pay Bonus","Bonus indennità di rischio","obiettivi e interfaccia","tradurre_nome","Etichetta del bonus legato alla neutralizzazione degli ostili"
"Evidence Retrieval","recupero dei reperti","Security Post Kareah e terminali","tradurre","Procedura con cui il terminale preleva i reperti dalla camera blindata"
"Infiltrated Site","Sito infiltrato","missioni di sicurezza","tradurre_nome","Marcatore funzionale di un sito occupato illegalmente; non è un nome proprio"
"Vanduul Plating","Vanduul Plating","oggetti missione e guide","mantenere","Nome esatto dell'oggetto recuperabile nell'incarico InterSec; conservare per riconoscibilità"
"Vanduul Metal","Vanduul Metal","oggetti missione e guide","mantenere","Nome esatto dell'oggetto recuperabile nell'incarico InterSec; conservare per riconoscibilità"
"Combat-rated Ship","nave idonea al combattimento","equipaggiamento missione","tradurre","Nave configurata e adeguata a sostenere uno scontro"
"Heavy Gun-Ship","cannoniera pesante","classi di veicoli","tradurre","Cannoniera pesantemente armata richiesta per incarichi ad alta pericolosità"
"Patrol Vanduul Hunting Ground","Pattuglia una zona di caccia Vanduul","missioni InterSec","tradurre_nome","Titolo operativo; zona generica e non nome proprio di orientamento"
"Spool Quantum Drive","Avvia preparazione del propulsore quantico","comandi di bordo","tradurre","Comando che avvia l'inizializzazione del propulsore quantico"
"Shut Down Quantum Drive","Interrompi preparazione del propulsore quantico","comandi di bordo","tradurre","Comando associato all'annullamento della preparazione, non allo spegnimento generale del componente"
"Trading Post","Avamposto commerciale","mappa interna e strutture","tradurre","Etichetta funzionale generica; non è il nome proprio di una località"
"Main Building","Edificio principale","mappa interna e strutture","tradurre","Etichetta funzionale dell'edificio centrale"
"warhalwa","warhalwa","cucina e lore War Hammer","mantenere","Soprannome affettuoso del dolce tradizionale dell'equipaggio; preservare fra virgolette ASCII"
"Fall of Caliban","Fall of Caliban","eventi storici e lore","mantenere","Nome canonico dell'azione difensiva del 2884; preservare nei pannelli e nei dialoghi"
"Spikes","Spikes","mezzi Vanduul e lore","mantenere","Soprannome usato dalla UEE Navy per le navi d'abbordaggio Vanduul"
"Skip Step","Skip Step","interni War Hammer e lore","mantenere","Soprannome del primo gradino difettoso nel vano scala della War Hammer"
"Krugeri","Krugeri","navi militari e lore","mantenere","Nome della nave sulla quale molti membri della UEE Navy sognano di prestare servizio"
"ship sealing","sigillatura della nave","costruzione navale e lore","tradurre","Termine di lore relativo al completamento formale dello scafo; non sostituire con varo o entrata in servizio"
"Squadron 999","Squadron 999","squadroni e lore","mantenere","Variante canonica impiegata nel pannello del F8A Lightning; non uniformare traducendo Squadron"
"Wreckless","Wreckless","squadroni, soprannomi e lore","mantenere","Forma senza articolo usata come appellativo dei piloti del 999; preservare il gioco di parole canonico"
"Flight Blade","Flight Blade","componenti e guide","mantenere","Nome della classe di componenti Broad & Rabiee nelle serie PHB e TSB; al plurale Flight Blade oppure titolo Flight Blades come in sorgente"
"Navy Polaris Fly-by","Sorvolo UEE Navy: Polaris","Invictus e calendario","tradurre_nome","Voce compatta del programma; preservare UEE Navy e Polaris"
"Navy Bengal Fly-by","Sorvolo UEE Navy: Bengal","Invictus e calendario","tradurre_nome","Voce compatta del programma; preservare UEE Navy e Bengal"
"Navy Idris Tour","Visita alla Idris della UEE Navy","Invictus e calendario","tradurre_nome","Voce del programma dedicata alla visita della nave"
"Navy Javelin Tour","Visita alla Javelin della UEE Navy","Invictus e calendario","tradurre_nome","Voce del programma dedicata alla visita della nave"
"Next Available Keycard Imprint","Prossima codifica disponibile tra","terminali e sicurezza","adattare_etichetta","Etichetta seguita da un conto alla rovescia; evitare una traduzione nominale rigida"
"ASD Access Card: Excavation","ASD Access Card: Excavation","oggetti missione e guide","mantenere","Nome esatto della scheda necessaria per accedere al sito di scavo della Onyx Facility"
"Land Claim","Rivendicazione territoriale","territori e proprietà","tradurre_nome","Titolo funzionale relativo al diritto rivendicato su un appezzamento"
"City Gates","City Gates","luoghi e orientamento","mantenere","Nome delle sei destinazioni numerate di Lorville; preservare codici e dicitura per mappe e guide"
"Leavsden Station","Leavsden Station","luoghi e orientamento","mantenere","Nome canonico della stazione di Lorville"
"Metro Center","Metro Center","luoghi e orientamento","mantenere","Nome canonico della destinazione di transito di Lorville"
"Ling Shipment Delivery","Consegna per Ling","missioni di consegna","tradurre_nome","Titolo comune delle quattro categorie di incarico; preservare Ling come nome proprio"
"Light Goods","Merci leggere","categorie di trasporto","tradurre_nome","Categoria di consegna visualizzata fra parentesi quadre"
"Eradicate Illegal Stash","Distruggi il deposito illegale","missioni microTech Protection Services","tradurre_nome","Titolo operativo relativo ai materiali di contrabbando"
"Remove Hostile Force","Elimina le forze ostili","missioni microTech Protection Services","tradurre_nome","Titolo operativo per la bonifica completa di un sito"
"Active Bounty","Taglia attiva","missioni microTech Protection Services","tradurre_nome","Titolo della taglia MRT attualmente localizzata"
"Whereabouts Unknown","Posizione sconosciuta","persone scomparse","tradurre","Formula usata quando non è nota l'attuale posizione di una persona"
"Reported Missing","Segnalata la scomparsa","persone scomparse","tradurre","Formula che indica la ricezione di una denuncia di scomparsa"
"Magnus System","Magnus System","sistemi stellari e orientamento","mantenere","Nome canonico completo del sistema; preservare per Mappa Stellare e guide"
"Borea","Borea","pianeti e orientamento","mantenere","Nome canonico di Magnus II e sede centrale di Drake Interplanetary"
"Triggerfish","Triggerfish","pianeti, eventi e orientamento","mantenere","Nome canonico di Magnus IV; preservare anche nell'evento omonimo"
"Kilian System","Kilian System","sistemi stellari e orientamento","mantenere","Nome canonico del sistema nel quale la UEE Navy trasferì i cantieri"
"Magnus - Ellis Jump Point","Magnus - Ellis Jump Point","Jump Point e orientamento","mantenere","Nome completo del collegamento visualizzato sulla Mappa Stellare"
"Magnus - Terra Jump Point","Magnus - Terra Jump Point","Jump Point e orientamento","mantenere","Nome completo del collegamento visualizzato sulla Mappa Stellare"
"Hot Jupiter","gioviano caldo","astronomia","tradurre_termine","Pianeta gigante gassoso in orbita estremamente vicina alla propria stella"
"Super Jupiter","super-Giove","astronomia","tradurre_termine","Gigante gassoso con massa superiore a quella di Giove"
"Commodity Trading","Commercio merci","Mappa Stellare e servizi","tradurre_nome","Categoria dei servizi di scambio merci"
"Loading Dock","Area di carico","Mappa Stellare e logistica","tradurre_nome","Servizio generico per il carico dei veicoli; non è un nome proprio di zona"
"Food Court","Area ristorazione","Mappa Stellare e servizi","tradurre_nome","Categoria che raggruppa i punti di ristoro"
"Vehicle Services","Servizi per veicoli","Mappa Stellare e servizi","tradurre_nome","Categoria dei servizi destinati a navi e veicoli"
"Personal Markers","Marcatori personali","Mappa Stellare","tradurre_nome","Intestazione dei marcatori creati dall'utente"
"Place Pin","Posiziona indicatore","Mappa Stellare e comandi","tradurre_azione","Comando per collocare un indicatore personale"
"Marker Databank","Database dei marcatori","Mappa Stellare","tradurre_nome","Elenco strutturato dei marcatori disponibili"
"Cross-Section View","Vista in sezione","Mappa Stellare e visuale","tradurre_nome","Modalità che mostra una sezione trasversale della mappa"
"Ping","Ping","Mappa Stellare e guide","mantenere_contestuale","Preservare nel comando della Mappa Stellare; nel sistema radar usare impulso secondo il glossario di scansione"
"quantum route","rotta quantica","Mappa Stellare e navigazione","tradurre","Rotta calcolata per il viaggio quantico"
"Routing unavailable","Calcolo della rotta non disponibile","Mappa Stellare e avvisi","tradurre","Formula comune agli errori di calcolo del percorso"
"Nav. Point","Nav Point","navigazione e orientamento","normalizzare_mantenere","Variante abbreviata della sorgente; visualizzare la forma canonica senza punto"
"Lagrange Point","Punto di Lagrange","astronomia e Mappa Stellare","tradurre_nome","Categoria astronomica generica dei punti di equilibrio gravitazionale"
"microTech - Hurston Jump Point","microTech - Hurston Jump Point","Jump Point e orientamento","mantenere","Nome completo del collegamento interno a Stanton; preservare microTech con m minuscola"
"Bounty Hunter Guild","Bounty Hunters Guild","organizzazioni e lore","correggere_mantenere","Variante sorgente priva della s; riallineare al nome canonico dell'organizzazione"
"Mining Claim #","Mining Claim #","luoghi minerari e orientamento","mantenere_prefisso","I 168 identificativi completi sono nomi di luogo generati; preservare prefisso, cancelletto e codice per mappe, veterani e guide"
"Data Set","Pacchetto dati","terminali di decrittazione","tradurre","Unità di dati crittografati gestita dai terminali Nyx; uniformare a pacchetto dati"
"Refractor","Rifrattore","impianti minerari Nyx","tradurre","Componente ottico del sistema di fabbricazione e allineamento"
"Refractor Array","Schiera di rifrattori","impianti minerari Nyx","tradurre","Insieme dei rifrattori da allineare prima dell'uso del sistema"
"Focus Lens","Lente focale","impianti minerari Nyx","tradurre","Lente fabbricata dal terminale dopo aver inserito i catalizzatori richiesti"
"Catalyst","Catalizzatore","impianti minerari Nyx","tradurre","Materiale consumabile richiesto per fabbricare una lente focale"
"Sadaryx","Sadaryx","materiali e lore","mantenere","Nome proprio del materiale richiesto dal fabbricatore di lenti; conservare grafia e maiuscola"
"sport","campione","dialoghi di Miles Eckhart","adattare_appellativo","Appellativo bonario e leggermente paternalistico usato da Miles verso il giocatore"
"security outfit","agenzia di sicurezza","dialoghi e organizzazioni","adattare","Struttura privata che svolge incarichi armati e di protezione; outfit non indica abbigliamento"
"hot merch","merce che scotta","dialoghi criminali di Miles Eckhart","adattare","Merce rubata o ricercata dalle autorità; conservare il tono colloquiale"
"low-sec space","spazio a bassa sicurezza","navigazione e dialoghi","tradurre","Regione in cui la presenza delle forze dell'ordine e le garanzie di sicurezza sono ridotte"
"crew vented","equipaggio scaraventato nel vuoto","dialoghi e incidenti spaziali","adattare","Slang brutale per la morte dell'equipaggio in seguito alla depressurizzazione o espulsione nello spazio"
"romper job","lavoro rapido","dialoghi di Miles Eckhart","adattare_contestuale","L'incarico viene subito definito come un'entrata e uscita veloce; evitare la resa non verificata lavoro impegnativo"
"clink","galera","dialoghi criminali","adattare_registro","Termine gergale sprezzante per una prigione o cella di detenzione"
"living on borrowed breath","avere i respiri contati","minacce e dialoghi criminali","adattare","Minaccia che richiama la morte imminente mantenendo la metafora del respiro"
"muscle job","fare da muscoli","dialoghi criminali e protezione","adattare","Incarico in cui si forniscono forza armata e intimidazione per conto di un cliente"
"Mining Claim","concessione mineraria","estrazione e proprietà","tradurre_contestuale","Nel testo descrittivo generico indica il diritto minerario registrato; gli identificativi completi con prefisso Mining Claim # restano originali"
"Bureau of Resource Management","Bureau of Resource Management","organizzazioni UEE e lore","mantenere","Nome proprio dell'ufficio UEE che registra le concessioni minerarie; preservare per lore e guide"
"Rock Slab","Lastra di roccia","estrazione e ostacoli naturali","tradurre_nome","Formazione rocciosa sottile utilizzata come ostacolo di gioco"
"Calcified Coolant","Refrigerante calcificato","materiali industriali","tradurre_nome","Deposito solido formato da refrigerante industriale esposto a radiazioni eccessive"
"blues","divise blu","dialoghi criminali e UEE Navy","adattare_gergo","Soprannome spregiativo riferito agli starmen della UEE Navy dalla loro uniforme"
"Wildlife Population Adjustment","Regolazione della popolazione faunistica","incarichi microTech Protection Services","tradurre_nome","Titolo dell'intervento preventivo di abbattimento multispecie a difficoltà bassa"
"Wildlife Population Control","Controllo della popolazione faunistica","incarichi microTech Protection Services","tradurre_nome","Titolo dell'intervento di abbattimento multispecie a difficoltà media"
"Wildlife Population Management","Gestione della popolazione faunistica","incarichi microTech Protection Services","tradurre_nome","Titolo dell'intervento di riequilibrio multispecie a difficoltà alta"
"Reverie AR Lens","Reverie AR Lens","prodotti microTech e lore","mantenere","Nome canonico della lente a realtà aumentata esposta nella linea di produzione di New Babbage"
"optiVis VI Specs","optiVis VI Specs","prodotti microTech e lore","mantenere","Nome completo del dispositivo VI Specs; preservare la grafia di marchio optiVis"
"optiCore Avionics","optiCore Avionics","prodotti microTech e lore","mantenere","Nome canonico della piattaforma avionica microTech"
"memVio Booster Blade","memVio Booster Blade","prodotti microTech e lore","mantenere","Nome canonico del modulo di elaborazione; preservare la grafia di marchio memVio"
"icePick Cryptokey","icePick Cryptokey","prodotti microTech e lore","mantenere","Nome canonico della chiave crittografica microTech; il nome completo prevale sulla traduzione del termine generico Cryptokey"
"GW-9 Diagnostics Cart","GW-9 Diagnostics Cart","prodotti microTech e lore","mantenere","Nome canonico del carrello diagnostico esposto a New Babbage"
"GlasOS Blizzard","GlasOS Blizzard","prodotti microTech e lore","mantenere","Nome canonico della versione del sistema operativo microTech"
"Mirage Holo-Projector","Mirage Holo-Projector","prodotti microTech e lore","mantenere","Nome canonico del proiettore olografico microTech"
"Strata Holosphere","Strata Holosphere","prodotti microTech e lore","mantenere","Nome canonico dell'olosfera microTech"
"Meran Holotable","Meran Holotable","prodotti microTech e lore","mantenere","Nome canonico del tavolo olografico multiutente microTech"
"mobiGlas Wrist Mount","mobiGlas Wrist Mount","prodotti microTech e lore","mantenere","Nome canonico del supporto da polso; preservare la grafia mobiGlas"
"Calliope","Calliope","luoghi, opere e lore","mantenere","Nome canonico della luna di microTech e dell'omonimo ologramma esposto a New Babbage"
"Clio","Clio","luoghi, opere e lore","mantenere","Nome canonico della luna di microTech e dell'omonimo ologramma esposto a New Babbage"
"Euterpe","Euterpe","luoghi, opere e lore","mantenere","Nome canonico della luna di microTech e dell'omonimo ologramma esposto a New Babbage"
"Sublimate","Sublimate","opere e lore","mantenere","Titolo canonico della scultura di ghiaccio di Fay Womak esposta a New Babbage"
"Fay Womak","Fay Womak","personaggi e lore","mantenere","Nome dell'artista che ha creato la scultura Sublimate"
"Magnus Tobin","Magnus Tobin","personaggi e lore","mantenere","Nome canonico dell'amministratore delegato di microTech citato sulla targa di Sublimate"
"Midnight Calathea","Midnight Calathea","piante sintetiche e lore","mantenere","Nome canonico della prima specie vegetale Rayari esposta a New Babbage"
"Sail Casia","Sail Casia","piante sintetiche e lore","mantenere","Nome canonico della specie vegetale Rayari dalle foglie flessibili e resistenti all'acqua"
"Yellow Puglath","Yellow Puglath","piante sintetiche e lore","mantenere","Nome canonico della specie vegetale Rayari derivata da una pianta desertica Xi'an"
"Violet Curcuma","Violet Curcuma","piante sintetiche e lore","mantenere","Nome canonico della specie vegetale Rayari adatta a sistemi con stelle nelle ultime fasi vitali"
"Storm Rider Palm","Storm Rider Palm","piante sintetiche e lore","mantenere","Nome canonico della palma Rayari resistente a venti di intensità estrema"
"Elysian Bloom","Elysian Bloom","piante sintetiche e lore","mantenere","Nome canonico della pianta carnivora Rayari"
"Haldor Lily","Haldor Lily","piante sintetiche e lore","mantenere","Nome canonico della specie vegetale Rayari dalla struttura a trama fitta"
"Sky Palm","Sky Palm","piante sintetiche e lore","mantenere","Nome canonico della palma Rayari progettata per atmosfere dense"
"Barrel Palm","Barrel Palm","piante sintetiche e lore","mantenere","Nome canonico della palma Rayari capace di accumulare umidità nel tronco"
"Weaver Palm","Weaver Palm","piante sintetiche e lore","mantenere","Nome canonico della palma Rayari che produce materiale rinnovabile"
"Fortress Palm","Fortress Palm","piante sintetiche e lore","mantenere","Nome canonico della palma Rayari dotata di molteplici difese contro gli erbivori"
"Dracaena Pura","Dracaena Pura","piante sintetiche e lore","mantenere","Nome canonico della specie vegetale Rayari che depura l'acqua"
"Grand Flabellum","Grand Flabellum","piante sintetiche e lore","mantenere","Nome canonico della specie vegetale Rayari impiegata contro l'erosione"
"Giboshi Bane","Giboshi Bane","piante sintetiche e lore","mantenere","Nome canonico della specie vegetale Rayari che secerne un repellente naturale"
"Flight-of-Fancy","Flight-of-Fancy","piante sintetiche e lore","mantenere","Nome canonico della specie vegetale Rayari dal polline antistaminico"
"Growing the Plants of Tomorrow","Growing the Plants of Tomorrow","mostre e lore","mantenere","Titolo canonico del pannello dedicato alle piante sintetiche Rayari; preservare come nome dell'esposizione"
"Blockade Runner","Nave forzablocco","missioni Nine Tails e ruoli navali","tradurre_nome","Nave che tenta di attraversare un blocco per consegnare carico; usare nave forzablocco per evitare l'ambiguità con una persona"
"[Collective]","[Collettivo]","obiettivi comunitari","tradurre_etichetta","Prefisso che indica un obiettivo condiviso fra tutti i partecipanti all'evento dinamico"
"Nine Tails Fleet","Flotta Nine Tails","missioni Nine Tails","tradurre_parzialmente","Marcatore funzionale della flotta; preservare Nine Tails come nome dell'organizzazione e tradurre soltanto Fleet"
"hazard bonus","indennità di pericolo","contratti e logistica","tradurre","Compenso aggiuntivo riconosciuto per una consegna svolta durante un blocco ad alto rischio"
"BHG Rep.","Rapp. BHG","contatti e ruoli","tradurre_abbreviazione","Titolo abbreviato del rappresentante della Bounty Hunters Guild; preservare la sigla BHG"
"InterSec Ops","Operatore InterSec","contatti e ruoli","tradurre_parzialmente","Qualifica operativa mostrata prima del cognome Tobin; preservare il nome InterSec"
"UEEN Supply Ship","Nave rifornimenti UEEN","marcatori navali","tradurre_parzialmente","Marcatore funzionale di una nave logistica; preservare l'acronimo UEEN"
"Service Requester","Richiedente del servizio","segnalatori di servizio","tradurre_ruolo","Contatto dinamico che ha aperto la richiesta di assistenza"
"CapShip","nave capitale","test di navigazione e combattimento","tradurre_abbreviazione","Abbreviazione tecnica usata nei test interni; nel testo visibile espandere in nave capitale"
"OM-1","OM-1","marcatori orbitali e orientamento","mantenere_schema","Primo identificativo della serie di marcatori orbitali OM-1 - OM-6; preservare sigla e numero"
"GM","GM","marcatori geodetici e orientamento","mantenere","Sigla mostrata per i marcatori geodetici; preservare per navigazione e guide"
"Mercenary's Guild","Mercenary Guild","organizzazioni e lore","correggere_mantenere","Variante sorgente con possessivo errato; ricondurre al nome canonico Mercenary Guild"
"Northrock Service Group","Northrock Service Group","organizzazioni e lore","mantenere","Nome canonico dell'organizzazione che assegna incarichi di sicurezza e recupero"
"890 Jump","890 Jump","veicoli Origin e guide","mantenere","Nome canonico del veicolo di lusso Origin; preservare numero, spazio e maiuscola"
"Braden Corchado","Braden Corchado","personaggi e lore","mantenere","Nome del responsabile logistica della filiale Stanton di Northrock Service Group"
"Logistics Officer - Stanton Branch","Responsabile logistica - Filiale Stanton","ruoli Northrock","tradurre_qualifica","Firma professionale di Braden Corchado nei contratti Northrock"
"Marlin","Marlin","ugelli di rifornimento e prodotti","mantenere","Nome canonico dell'ugello Greycat orientato a stabilità e sicurezza"
"Lindstrom","Lindstrom","ugelli di rifornimento e prodotti","mantenere","Nome canonico dell'ugello Greycat ad alta velocità di flusso"
"Bendix","Bendix","ugelli di rifornimento e prodotti","mantenere","Nome canonico dell'ugello Shubin dalle massime prestazioni di trasferimento"
"Torrez","Torrez","ugelli di rifornimento e prodotti","mantenere","Nome canonico dell'ugello Shubin orientato a stabilità e sicurezza"
"Ezra","Ezra","ugelli di rifornimento e prodotti","mantenere","Nome canonico dell'ugello Shubin dal profilo bilanciato"
"Hydrogen Flow Speed","Velocità flusso idrogeno","rifornimento e statistiche","tradurre_etichetta","Velocità di trasferimento del carburante a idrogeno espressa in SCU/s"
"Quantum Flow Speed","Velocità flusso quantico","rifornimento e statistiche","tradurre_etichetta","Velocità di trasferimento del carburante quantico espressa in SCU/s"
"bit of burner","faccenda che scotta","dialoghi Northrock","adattare_contestuale","Apertura gergale opaca di un incarico urgente e rischioso; conservare il gioco metaforico sul calore"
"[NOT CURRENTLY ACCESSIBLE]","[ATTUALMENTE NON ACCESSIBILE]","Mappa Stellare e sistemi non visitabili","tradurre_avviso","Prefisso che segnala pianeti presenti nella lore ma non raggiungibili nella versione attuale"
"Nyx System","Nyx System","sistemi stellari e orientamento","mantenere","Nome canonico completo del sistema Nyx; preservare per Mappa Stellare, lore e guide"
"Oso System","Oso System","sistemi stellari e orientamento","mantenere","Nome canonico completo del sistema Oso; preservare per Mappa Stellare, lore e guide"
"Genesis Terraforming","Genesis Terraforming","aziende e lore","mantenere","Nome canonico dell'azienda che sviluppa la tecnologia sperimentale applicata a Nyx I"
"Osonians","Osonians","specie e lore","mantenere","Nome canonico della specie nativa senziente di Oso II protetta dal Fair Chance Act"
"Observation Base Chimera","Observation Base Chimera","luoghi e orientamento","mantenere","Nome canonico della base UEE che monitora il traffico nell'Oso System"
"coreless planet","pianeta privo di nucleo","astronomia","tradurre","Pianeta senza nucleo interno, caratteristica attribuita a Nyx I e Oso IV"
"tidally locked","in rotazione sincrona","astronomia","tradurre_termine","Condizione di un corpo che mostra sempre lo stesso emisfero alla propria stella"
"rogue Jupiter","gioviano errante","astronomia","tradurre_termine","Gigante gassoso di tipo gioviano originariamente errante e successivamente catturato in orbita"
"Ares Star Fighter","Ares Star Fighter","veicoli Crusader e lore","mantenere","Nome canonico della famiglia di caccia pesanti Crusader presentata nello showroom di Orison"
"Ares Inferno","Ares Inferno","veicoli Crusader e lore","mantenere","Nome canonico della variante balistica di Ares Star Fighter"
"Ares Ion","Ares Ion","veicoli Crusader e lore","mantenere","Nome canonico della variante laser di Ares Star Fighter"
"Mercury Star Runner","Mercury Star Runner","veicoli Crusader e lore","mantenere","Nome canonico della nave corriere Crusader presentata nello showroom di Orison"
"Hercules Starlifter","Hercules Starlifter","veicoli Crusader e lore","mantenere","Nome canonico della famiglia di trasporti pesanti Crusader; non tradurre Starlifter"
"August Dunlow Exhibition Hall","August Dunlow Exhibition Hall","luoghi e orientamento","mantenere","Nome canonico della destinazione espositiva di Orison"
"Providence Platform","Providence Platform","luoghi e orientamento","mantenere","Nome canonico della piattaforma produttiva di Orison, già bacino di carenaggio della UEE Navy"
"Seraph-class thrusters","propulsori classe Seraph","infrastrutture di Orison","tradurre_parzialmente","Propulsori che mantengono l'altezza orbitale delle piattaforme; preservare Seraph come nome della classe"
"Until Again","Until Again","opere e lore","mantenere","Titolo canonico della scultura di stormwal esposta a Orison; preservare anche nelle didascalie italiane"
"Bipasha Zhu","Bipasha Zhu","personaggi e lore","mantenere","Nome dell'artista che ha creato la scultura Until Again"
"Orison Discovery Tour","Orison Discovery Tour","servizi turistici e lore","mantenere","Nome canonico del tour che permette di osservare gli stormwal"
"August Dunlow","August Dunlow","personaggi e lore","mantenere","Fondatore di Crusader Industries e figura storica legata ad Angeli, all'attivismo anti-Messer e ai diritti civili"
"Kelly Caplan","Kelly Caplan","personaggi e lore","mantenere","Amministratrice delegata di Crusader Industries dal 2863; il pronome ufficiale inglese è she"
"Crusader Cares initiative","iniziativa Crusader Cares","programmi e lore","tradurre_parzialmente","Descrittore funzionale del programma benefico; preservare Crusader Cares come nome canonico"
"Atlas-class cargo ferries","traghetti da carico classe Atlas","logistica di Orison","tradurre_parzialmente","Mezzi aperti superiormente che spostano carico fra piattaforme, cantieri e strutture di supporto"
"Khanos Stadium","Khanos Stadium","luoghi, storia e lore","mantenere","Luogo del sanguinoso colpo di Stato che depose l'Imperator Messer X"
"University of Angeli","University of Angeli","istituzioni e lore","mantenere","Nome canonico dell'università frequentata da August Dunlow"
"taverbark pine","pino taverbark","flora e lore","tradurre_parzialmente","Specie impiegata insieme ai cornioli da fiore per creare l'albero Hosanna; preservare taverbark"
"Vent","Sfiata","interfaccia ossigeno e pressurizzazione","tradurre_azione","Comando che scarica il gas dal sistema; usare il verbo tecnico sfiata"
"Suit Storage Tank","Serbatoio della tuta","interfaccia ossigeno","tradurre_nome","Serbatoio integrato nella tuta che riceve l'ossigeno dal terminale"
"Oxygen Supply","Riserva di ossigeno","interfaccia ossigeno","tradurre_nome","Quantità di ossigeno disponibile nel sistema di trasferimento"
"Quantum Fuel Depleted","Carburante quantico esaurito","navigazione e carburante","tradurre_avviso","Avviso che segnala l'esaurimento del carburante necessario al viaggio quantico"
"clean up","fare pulizia / bonifica","incarichi criminali e avamposti","adattare_eufemismo","Eufemismo per eliminare gli occupanti di un sito; nel dialogo usare fare pulizia, nel titolo nominale bonifica"
"ASD Data Drive","ASD Data Drive","oggetti missione ASD e guide","mantenere","Nome canonico dell'unità dati proveniente da Onyx Facility"
"ASD Memory Drive","ASD Memory Drive","oggetti missione ASD e guide","mantenere","Nome canonico dell'unità di memoria proveniente da Onyx Facility"
"ASD Security Data","ASD Security Data","oggetti missione ASD e guide","mantenere","Nome canonico del supporto che contiene le rilevazioni delle anomalie energetiche"
"ASD Server Blade","ASD Server Blade","oggetti missione ASD e guide","mantenere","Nome canonico del modulo server blade proveniente da Onyx Facility"
"ASD Seismic Data","ASD Seismic Data","oggetti missione ASD e guide","mantenere","Nome canonico del supporto contenente le rilevazioni sismiche"
"ASD Power Usage Data","ASD Power Usage Data","oggetti missione ASD e guide","mantenere","Nome canonico del supporto contenente le rilevazioni del consumo energetico"
"Green Zones","Zone Verdi","legalità e interfaccia","tradurre_nome","Aree protette in cui non è consentito lasciare merci; mantenere entrambe le iniziali maiuscole"
"GSafe","Protezione G","volo e menu contestuale","tradurre_nome","Sistema che limita le accelerazioni per proteggere il pilota; uniformare alla terminologia HUD già approvata"
"Decoupled","Modalità disaccoppiata","volo e menu contestuale","tradurre_nome","Modalità di volo che separa orientamento e vettore di movimento"
"Scramble","Decolla immediatamente","ordini ai gregari","adattare_comando","Ordine militare di decollo rapido rivolto al gregario nel sottomenu Volo"
"Drug Masking","Mascheramento farmacologico","medicina e stato del personaggio","tradurre_nome","Effetto temporaneo che attenua o nasconde i sintomi di un trauma"
"Under Review","In valutazione","reputazione e progressione","tradurre_grado","Stato iniziale dei percorsi Eliminazioni e Forza mercenaria"
"Hired Muscle","Forza mercenaria","reputazione e professioni","adattare_nome","Categoria di incarichi armati svolti dietro compenso; evitare la resa letterale muscoli a noleggio"
"Salvaging","Recupero","reputazione e professioni","tradurre_nome","Attività strutturata di recupero di materiali e componenti; distinta dal Saccheggio"
"Salvager","Recuperatore","reputazione e professioni","tradurre_ruolo","Grado professionale del percorso Recupero"
"Scavenging","Saccheggio","reputazione e professioni","tradurre_nome","Attività di ricerca e sottrazione opportunistica di beni; distinta dal Recupero industriale"
"Scavenger","Saccheggiatore","reputazione e professioni","tradurre_ruolo","Grado professionale del percorso Saccheggio; il Vanduul Scavenger segue la stessa radice"
"Rust Collector","Raccoglitore di rottami","reputazione e professioni","adattare_grado","Primo grado operativo del percorso Saccheggio; Rust non indica qui la Rust Society"
"First Responder","Soccorritore","reputazione e emergenze","tradurre_ruolo","Ruolo CDF di intervento immediato durante le emergenze"
"Not Eligible","Requisiti non soddisfatti","reputazione e interfaccia","adattare_neutro","Stato di esclusione reso senza attribuire genere al giocatore"
"No Additional Perks","Nessun vantaggio aggiuntivo","reputazione e vantaggi","tradurre_etichetta","Indica l'assenza di ricompense supplementari per il grado"
"[Given Post-Emergency]","[Assegnato dopo l'emergenza]","reputazione CDF e ricompense","tradurre_nota","Nota temporale della ricompensa; accordare Assegnato o Assegnata al nome dell'oggetto specifico"
"Payment Bonus","Bonus sul pagamento","reputazione e vantaggi","tradurre_nome","Incremento percentuale applicato al compenso degli incarichi"
"New Tracks Unlocked","Nuovi percorsi sbloccati","reputazione e progressione","tradurre_etichetta","Conferma l'accesso a nuovi percorsi professionali"
"Livery Pilot","Pilota di livrea","reputazione e servizi","tradurre_ruolo","Ruolo del percorso Servizi di livrea; pilota è comune a entrambi i generi"
"Security Contractor","Collaboratore della sicurezza","reputazione e sicurezza","tradurre_ruolo","Professionista esterno del percorso Sicurezza"
"Special Wolf Barter Contract","Contratto speciale di baratto Wolf","reputazione e baratto","tradurre_parzialmente","Vantaggio che sblocca un contratto per il modello Wolf; preservare Wolf"
"Special Idris-P Barter Contract","Contratto speciale di baratto Idris-P","reputazione e baratto","tradurre_parzialmente","Vantaggio che sblocca un contratto per il modello Idris-P; preservare Idris-P"
"Inmate Maintenance Opportunity","Opportunità di manutenzione per detenuti","detenzione Klescher e missioni","tradurre_nome","Titolo e marcatore degli interventi tecnici retribuiti in Meriti"
"Reset Oxygen Kiosk","Reimposta chiosco dell'ossigeno","detenzione Klescher e manutenzione","tradurre_azione","Obiettivo breve che richiede un riavvio logico del chiosco, non una riparazione meccanica"
"Resource Management","Gestione risorse","interfaccia gestione risorse","tradurre_nome","Titolo del pannello che riepiloga e amministra le risorse; usare la maiuscola soltanto sulla prima parola"
"Resource Requirement","Risorsa richiesta","interfaccia gestione risorse","tradurre_etichetta","Etichetta singolare che indica la risorsa necessaria al sistema o all'operazione selezionati"
"rest stop","area di sosta","stazioni e servizi","tradurre_nome","Struttura di servizio per chi viaggia; i nomi propri R&R e Rest & Relax restano originali"
"Rest & Relax","Rest & Relax","aziende, stazioni e orientamento","mantenere","Nome canonico esteso dell'operatore delle stazioni R&R; preservare ampersand e maiuscole"
"Consignment Retrieval","recupero della partita","terminali logistici e missioni","tradurre_nome","Procedura con cui una partita di merce viene richiesta e resa disponibile dall'impianto"
"Consignment Locker","armadietto delle consegne","terminali logistici e missioni","tradurre_nome","Armadietto dal quale vengono erogati colli affidati al personale per la consegna"
"Confidential Materials","Materiali riservati","oggetti missione e logistica","tradurre_nome","Casse protette da recuperare; mantenere le iniziali maiuscole soltanto quando il testo sorgente è un'etichetta autonoma"
"dispenser","erogatore","terminali logistici e missioni","tradurre_nome","Dispositivo che rende disponibile la partita richiesta dall'operatore"
"plausible deniability","negabilità plausibile","spionaggio e dialoghi criminali","tradurre_termine","Principio che consente a un'organizzazione di negare credibilmente il proprio coinvolgimento; usare virgolette ASCII quando presenti"
"fuel depot","deposito di carburante","missioni e infrastrutture","tradurre_nome","Sito nel quale vengono accumulate scorte di carburante"
"fuel reserves","riserve di carburante","missioni e infrastrutture","tradurre_nome","Scorte di carburante immagazzinate nei serbatoi di un avamposto"
"UEC","UEC","valute e interfaccia","mantenere_sigla","Sigla canonica United Empire Credit; preservare le tre maiuscole anche quando una stringa WIP usa uec in minuscolo"
"Paired","Collegato","dati di scansione dei Punti di salto","tradurre_stato","Indica che il Punto di salto è collegato alla propria destinazione gemella; evitare il calco accoppiato"
"focus scan","scansione mirata","scansione ed estrazione","tradurre_termine","Scansione focalizzata sul corpo minerario prima dell'estrazione"
"Blackbox","Scatola nera","relitti e ricerca dispersi","tradurre_nome","Marcatore e dati del registratore di bordo; scrivere due parole in italiano"
"Derelict Site","Sito del relitto","missioni di ricerca e soccorso","tradurre_marcatore","Marcatore funzionale del luogo in cui si trova la nave distrutta o abbandonata"
"Investigation Point","Punto d'indagine","missioni di ricerca e soccorso","tradurre_marcatore","Posizione presso la quale iniziare la ricerca di persone disperse"
"full complement","intero equipaggio","missioni di ricerca e soccorso","adattare_termine","Insieme completo del personale imbarcato; non usare il calco complemento"
"foul play","atto criminale","indagini e relitti","adattare_termine","Possibile intervento doloso o violento all'origine della distruzione di una nave"
"Patrol Area","Area di pattuglia","missioni e pattuglie","tradurre_marcatore","Zona assegnata alla pattuglia; nel testo corrente usare la minuscola, come marcatore autonomo soltanto l'iniziale maiuscola"
"Record","Scheda","terminali di sicurezza","tradurre_contestuale","Voce individuale della banca dati penale; in questo terminale non usare il prestito record"
"LOGIN","ACCEDI","terminali di sicurezza","tradurre_comando","Pulsante che avvia l'accesso al sistema; rendere come comando italiano, non come sostantivo inglese"
"LOG OUT","ESCI","terminali di sicurezza","tradurre_comando","Pulsante che termina la sessione; rendere come comando breve italiano"
"KNOCK2","KNOCK2","protocolli e terminali di sicurezza","mantenere","Nome tecnico del sistema o protocollo di connessione; preservare lettere maiuscole e numero"
"Incursion","incursione","missioni di combattimento","tradurre_nome","Evento di combattimento con più navi ostili; non è un titolo proprio nella stringa operativa"
"Tactical Raid","Incursione tattica","missioni di combattimento","tradurre_titolo","Titolo funzionale di una bonifica armata; evitare il prestito raid"
"hostiles","unità ostili","missioni di combattimento","tradurre_neutro","Bersagli ostili non necessariamente umani; usare una forma valida per persone, navi e veicoli"
"Claimjumpers","usurpatori della concessione","concessioni minerarie e missioni Shubin","tradurre_termine","Fuorilegge che occupano e sfruttano una concessione mineraria altrui; non sono un'organizzazione propria"
"Mining Rights","diritti di estrazione","contratti minerari QV","tradurre_termine","Diritti acquistabili per sfruttare le risorse di una QV Breaker Station"
"shared mining rights","diritti di estrazione condivisi","contratti minerari QV","tradurre_termine","Diritti venduti a più equipaggi, con accesso alle risorse in ordine di arrivo"
"exclusive mining rights","diritti di estrazione esclusivi","contratti minerari QV","tradurre_termine","Diritti le cui coordinate vengono fornite esclusivamente all'acquirente e al suo equipaggio"
"QV Planetary Service Breaker Station","QV Planetary Service Breaker Station","luoghi, impianti e orientamento","mantenere","Denominazione tecnica completa della classe di stazioni QV; preservare integralmente"
"Operations","Operations","zone e orientamento","mantenere_contestuale","Nome della sezione della QV Breaker Station in cui riavviare i sistemi; preservare per guide e orientamento"
"Mining Rights Transfer","Trasferimento dei diritti di estrazione","contratti minerari QV","tradurre_nome","Tipo di contratto Shubin che concede accesso condiviso o esclusivo a una stazione"
"Manufacturing Order","Ordine di produzione","contratti di fornitura Shubin","tradurre_nome","Tipo di contratto per la fabbricazione di componenti richiesti da Shubin"
"Sadaryx Focus Lenses","lenti focali in Sadaryx","componenti minerari Nyx","tradurre_parzialmente","Lenti per laser minerari fabbricate usando cristalli di Sadaryx; preservare il nome del materiale"
"mining vessel","nave mineraria","estrazione e contratti","tradurre_nome","Nave equipaggiata per l'estrazione di risorse dagli asteroidi"
"first come, first serve","in ordine di arrivo","contratti condivisi","adattare_termine","Le risorse non sono riservate e possono essere raccolte dai primi equipaggi che raggiungono il sito"
"Banu promise","promessa Banu","dialoghi criminali e lore","tradurre_parzialmente","Paragone sarcastico sulla presunta inaffidabilità di una promessa; preservare Banu come nome del popolo"
"wreckdiving","tuffo in un relitto","dialoghi criminali e recupero","adattare_gergo","Attività di entrare in un relitto per recuperarne la merce; rendere con un'immagine colloquiale italiana"
"de-green their rep","smettere di sembrare un novellino","dialoghi criminali e reputazione","adattare_gergo","Togliersi di dosso l'immagine inesperta associata al verde; non conservare il calco cromatico opaco"
"hopper","sciacallo","dialoghi criminali e recupero","adattare_gergo","Recuperatore opportunista che potrebbe raggiungere per primo un relitto e depredarlo"
"The Goods","La merce","carico illegale e marcatori","tradurre_marcatore","Marcatore colloquiale del carico da sottrarre al relitto"
"Search and Seizure","Perquisizione e sequestro","titoli di missioni criminali","tradurre_titolo","Gioco sul termine procedurale riferito al recupero non autorizzato di merce"
"Cargo Collection","Raccolta del carico","missioni e logistica","tradurre_titolo","Variante di titolo per il ritiro fisico di un carico dal relitto"
"Retrieval Needed","Richiesto recupero","missioni e logistica","tradurre_titolo","Titolo breve che segnala la necessità di recuperare un carico"
"Lost Cargo","Carico perduto","missioni e logistica","tradurre_titolo","Carico rimasto presso il relitto di una nave distrutta"
"Cargo Assist","Assistenza al recupero","missioni e logistica","adattare_titolo","Richiesta di aiuto per recuperare e consegnare il carico"
"Shipment Lost","Carico smarrito","missioni e logistica","tradurre_titolo","Spedizione non arrivata a destinazione e da recuperare"
"bonded through","garantito da","contratti e pagamenti","adattare_termine","Indica che il committente citato garantisce il pagamento dell'incarico"
"Slippery Mike","Slippery Mike","personaggi, soprannomi e missioni criminali","mantenere","Soprannome proprio richiamato nelle varianti dinamiche di furto spaziale"
"Jimmy Two Hands","Jimmy Two Hands","personaggi, soprannomi e missioni criminali","mantenere","Soprannome proprio richiamato nelle varianti dinamiche di furto spaziale"
"Threader","Threader","personaggi, soprannomi e missioni criminali","mantenere","Soprannome proprio richiamato nelle varianti dinamiche di furto spaziale"
"Foresight","Foresight","personaggi, soprannomi e missioni criminali","mantenere","Soprannome proprio richiamato nelle varianti dinamiche di furto spaziale"
"Nodder","Nodder","personaggi, soprannomi e missioni criminali","mantenere","Soprannome proprio richiamato nelle varianti dinamiche di furto spaziale"
"multicrew","multiequipaggio","veicoli e dialoghi","tradurre_aggettivo","Indica una nave progettata per essere gestita da più membri dell'equipaggio"
"dragbox","cassone multiequipaggio","gergo criminale e veicoli","adattare_gergo","Descrizione sprezzante di una piccola nave multiequipaggio lenta o ingombrante"
"dreg pilots","piloti da quattro soldi","gergo criminale e combattimento","adattare_gergo","Piloti di scarsa qualità che non costituiscono una minaccia seria"
"Five Finger Discount","Sconto a cinque dita","titoli di missioni criminali","adattare_titolo","Gioco di parole sul furto compiuto usando le cinque dita della mano"
"Shopping Spree","Spese pazze","titoli di missioni criminali","adattare_titolo","Titolo ironico per una serie di acquisti che in realtà consiste in un furto"
"Piñata","Pentolaccia","titoli di missioni criminali","adattare_titolo","Immagine di un contenitore da rompere per farne uscire il bottino; evitare la ñ potenzialmente problematica per il font"
"Smash & Grab","Spacca e arraffa","titoli di missioni criminali","adattare_titolo","Furto rapido basato su distruzione e sottrazione immediata della merce"
"Pistol rack","Rastrelliera per pistole","depositi di armi","tradurre_nome","Supporto destinato a conservare più pistole"
"Rifle rack","Rastrelliera per fucili","depositi di armi","tradurre_nome","Supporto destinato a conservare più fucili"
"Business Xpert","Business Xpert","software, aziende e lore","mantenere","Nome del primo pacchetto software commercializzato da microTech"
"Executive Lounge","Executive Lounge","zone e orientamento","mantenere","Nome dell'area dirigenziale protetta da un codice; preservare per guide e orientamento"
"Credit Chit","gettone di credito","terminali bancari e valute","tradurre_nome","Supporto fisico che memorizza un valore in UEC e può essere letto dallo sportello"
"Central Core Bank","Central Core Bank","aziende, servizi e lore","mantenere","Nome proprio dell'istituto mostrato sul terminale bancario"
"safe logout","disconnessione sicura","sistema e sessione","tradurre_termine","Procedura che attende condizioni sicure prima di terminare la sessione"
"Secure Vault","Caveau Protetto","segnaletica e orientamento","tradurre_nome","Area protetta destinata alla custodia di beni; mantenere le iniziali maiuscole come nel marcatore"
"Cargo Level","Livello Cargo","segnaletica e orientamento","tradurre_parzialmente","Nome funzionale del piano dedicato al carico; preservare Cargo e le iniziali maiuscole"
"Hangar bays","Aree Hangar","segnaletica e orientamento","tradurre_parzialmente","Settori che ospitano gli hangar; preservare Hangar come termine vincolante"
"UGF","UGF","strutture e orientamento","mantenere","Sigla tecnica usata per le strutture sotterranee; preservare per missioni, mappe e guide"
"ACE BURGERS","ACE BURGERS","marchi e test di sviluppo","mantenere","Nome proprio del marchio; conservare anche nel test con punteggiatura enfatica"
"Credit Extractor","Estrattore di crediti","terminali e missioni","tradurre_nome","Dispositivo che estrae e trasferisce crediti dopo l'autorizzazione dell'utente"
"Broadcast Tower","Broadcast Tower","strutture e orientamento","mantenere","Nome del luogo indicato dal terminale; preservare per riconoscibilità nelle guide"
"clean kill","eliminazione pulita","missioni di Vaughn","tradurre_termine","Uccisione eseguita con precisione e senza complicazioni"
"extinguishant","agente estinguente","voce di Vaughn","adattare_metafora","Metafora fredda con cui Vaughn descrive la persona assoldata per spegnere una vita"
"Sincerely","Cordialmente","corrispondenza di Vaughn","adattare_voce","Formula iniziale formale e controllata"
"Most Sincerely","Con ogni cordialità","corrispondenza di Vaughn","adattare_voce","Secondo livello della progressione epistolare di Vaughn"
"Regards","Distinti saluti","corrispondenza di Vaughn","adattare_voce","Formula professionale usata negli incarichi intermedi"
"Warmest Regards","Con i miei più cordiali saluti","corrispondenza di Vaughn","adattare_voce","Formula più calorosa quando cresce la fiducia"
"Fondly","Con affetto","corrispondenza di Vaughn","adattare_voce","Formula volutamente intima e inquietante negli incarichi superiori"
"Fondly Yours","Affettuosamente","corrispondenza di Vaughn","adattare_voce","Variante intima della firma di Vaughn"
"Respectfully","Con rispetto","corrispondenza di Vaughn","adattare_voce","Formula che riconosce il valore raggiunto dall'esecutore"
"Earnestly","Con sincerità","corrispondenza di Vaughn","adattare_voce","Formula volutamente seria usata negli incarichi di eliminazione a terra"
"Claw Salamanders","Claw Salamanders","organizzazioni criminali e lore","mantenere","Nome canonico della banda di Nyx; preservare per missioni e guide"
"New Junction","New Junction","luoghi e orientamento","mantenere","Nome canonico della città in cui operava il bersaglio di Vaughn"
"Corel","Corel","sistemi e orientamento","mantenere","Nome canonico del sistema; preservare per mappe, lore e guide"
"All the best","Ogni bene","corrispondenza di Vaughn","adattare_voce","Formula elegante e lievemente confidenziale usata nei nuovi contratti"
"double hit","doppio colpo","voce di Ruto e assassinii","adattare_gergo","Due eliminazioni coordinate e concluse nello stesso momento"
"simultaneous release","liberazione simultanea","titoli di Ruto","adattare_titolo","Eufemismo cinico per una doppia uccisione sincronizzata; mantenere il titolo in minuscolo"
"ArcCorp Distro and Job Well","ArcCorp Distro and Job Well","negozi e orientamento","mantenere","Nome proprio del centro commerciale e lavorativo ArcCorp; preservare per mappe e guide"
"ArcCorp Store","ArcCorp Store","negozi e orientamento","mantenere","Nome proprio del punto vendita ArcCorp; preservare per orientamento"
"Barclay's Estate","Barclay's Estate","servizi legali e orientamento","mantenere","Nome proprio dello studio legale; preservare per mappe e dialoghi"
"Clor Vee","Clor Vee","personaggi e negozi","mantenere","Nome proprio del venditore di Cubby Blast"
"Abernathy Interiors","Abernathy Interiors","negozi e orientamento","mantenere","Nome proprio del punto vendita di arredi; preservare per mappe e dialoghi"
"ArcCorp Bar","ArcCorp Bar","locali e orientamento","mantenere","Nome proprio del bar; preservare per mappe e dialoghi"
"Lev Cronenberg","Lev Cronenberg","personaggi e dialoghi ambientali","mantenere","Nome proprio del veterano incontrato all'ArcCorp Bar"
"Tiber","Tiber","sistemi e lore","mantenere","Nome canonico del sistema teatro di scontri con i Vanduul"
"Farro Data Center","Farro Data Center","luoghi ASD e orientamento","mantenere","Nome canonico della serie di centri dati su Pyro IV; preservare per mappe, missioni e guide"
"Calling Tower","Calling Tower","strutture ASD e orientamento","mantenere","Nome visualizzato della torre nei terminali della struttura; preservare per orientamento"
"Pylon Tower","Pylon Tower","strutture ASD e orientamento","mantenere","Nome visualizzato della torre a pilone nei terminali della struttura; preservare per orientamento"
"Suicide Scramble","Suicide Scramble","modalità di gara","mantenere","Variante ad alto rischio della Scramble Race con premio assegnato interamente al vincitore; preservare per guide e comunità"
"Observation Deck","Observation Deck","aree e orientamento","mantenere","Nome visualizzato del ponte panoramico; preservare per orientamento e guide"
"Comp-Board Room","Comp-Board Room","aree e orientamento","mantenere","Nome visualizzato del locale Sever Blade; preservare per orientamento"
"Deductible","Franchigia","assicurazione veicoli","tradurre","Quota a carico dell'assicurato; evitare il falso amico deducibile"
"Refuel Beacon","Segnalatore di rifornimento","rifornimento tra navi","tradurre","Segnalatore che identifica il punto d'incontro per il rifornimento"
"Vehicle Retrieval Console","Terminale di richiamo veicoli","terminali e servizi","tradurre","Terminale ASOP usato per richiamare e gestire i veicoli"
"Insure Loadout","Assicura allestimento","assicurazione veicoli","tradurre","Azione che registra l'allestimento della nave per una successiva sostituzione assicurativa"
"Scrap Ships","Rottama navi","gestione flotta","tradurre_azione","Modalità del terminale che libera spazio eliminando i veicoli presenti"
"GuideStar Taxi","GuideStar Taxi","organizzazioni e reputazione","mantenere","Nome canonico del servizio di trasporto; preservare per reputazione e guide"
"Craft Speed","Velocità di fabbricazione","fabbricazione e statistiche","tradurre_etichetta","Velocità con cui un dispositivo completa la fabbricazione"
"Dismantle Efficiency","Efficienza di smantellamento","fabbricazione e statistiche","tradurre_etichetta","Rendimento del processo di smantellamento degli oggetti"
"Coolant Rating","Indice refrigerante","componenti e statistiche","tradurre_etichetta","Valutazione della capacità del componente legata al refrigerante"
"Power Pips","Tacche di energia","componenti e statistiche","tradurre_etichetta","Unità discrete di energia fornite o gestite dal componente; non confondere con i PIP di puntamento"
"Quantum Fuel Burn","Consumo di carburante quantico","navigazione e statistiche","tradurre_etichetta","Quantità di carburante quantico consumata dal sistema"
"Full Strength Distance","Distanza a piena potenza","raggio traente e statistiche","tradurre_etichetta","Distanza entro la quale il raggio traente mantiene la forza massima"
"Power Cycle","Riavvio dell'alimentazione","sistemi e terminali","tradurre","Spegnimento e riaccensione controllati dell'alimentazione di un sistema"
"Override Access","Forza accesso","sicurezza e terminali","tradurre_azione","Comando che aggira le normali restrizioni di accesso"
"Tar Pits","Tar Pits","organizzazioni e reputazione","mantenere","Nome canonico del gruppo criminale specializzato in recupero illegale; preservare per reputazione e guide"
"Taranis System","Taranis System","sistemi e orientamento","mantenere","Nome canonico del sistema non rivendicato; preservare per Mappa stellare e guide"
"Taranis Belt Alpha","Taranis Belt Alpha","cinture e orientamento","mantenere","Nome canonico della cintura interna di Taranis"
"Taranis Belt Beta","Taranis Belt Beta","cinture e orientamento","mantenere","Nome canonico della cintura esterna di Taranis"
"Broken Moon of Taranis","Broken Moon of Taranis","mappe di Arena Commander","mantenere","Titolo canonico della mappa ispirata alla luna distrutta di Taranis II"
"Tayac System","Tayac System","sistemi e orientamento","mantenere","Nome canonico del sistema che ospita la piattaforma Ark"
"Shepherd","Shepherd","pianeti e orientamento","mantenere","Soprannome canonico di Tayac III; preservare per Mappa stellare e guide"
"Tayac Belt Alpha","Tayac Belt Alpha","cinture e orientamento","mantenere","Nome canonico della cintura di asteroidi di Tayac"
"Ark","Ark","luoghi e lore","mantenere","Nome canonico della piattaforma orbitale e del suo archivio universale nel sistema Tayac"
"United Workers of Hurston","United Workers of Hurston","organizzazioni e lore","mantenere","Nome canonico del sindacato perseguito da Hurston Dynamics; preservare insieme alla sigla UWH"
"Terra System","Terra System","sistemi e orientamento","mantenere","Nome canonico del sistema; preservare per distinguerlo dal pianeta Terra e da Earth"
"Henge Cluster","Henge Cluster","cinture e orientamento","mantenere","Nome canonico dell'ammasso di asteroidi interno del Terra System"
"Marisol Belt","Marisol Belt","cinture e orientamento","mantenere","Nome canonico della cintura esterna del Terra System"
"Terra Nova","Terra Nova","stelle e orientamento","mantenere","Nome canonico della stella al centro del Terra System"
"Transitionalist","Transitionalist","politica e lore","mantenere","Nome canonico del movimento politico che sostiene il primato futuro di Terra su Earth"
"Polaris Bit","Polaris Bit","economia di Wikelo","mantenere","Contrassegno canonico assegnato da Wikelo per le consegne di Quantainium destinate all'acquisto di una Polaris"
"ATLS Snowland Color","ATLS Snowland Color","livree e modifiche Wikelo","mantenere","Nome canonico della variante cromatica ATLS; preservare per inventario e guide"
"ATLS Orange Line","ATLS Orange Line","livree e modifiche Wikelo","mantenere","Nome canonico della variante cromatica ATLS arancione"
"ATLS Cool Metal Color","ATLS Cool Metal Color","livree e modifiche Wikelo","mantenere","Nome canonico della variante cromatica ATLS ispirata al metallo in raffreddamento"
"ikti","ikti","lingua banu e lore","mantenere","Termine banu usato da Wikelo per indicare un'arma da fuoco"
"balalu","balalu","flora banu e lore","mantenere","Nome canonico del peperoncino molto piccante citato da Wikelo"
"THE CRYPT","THE CRYPT","luoghi e orientamento","mantenere","Nome canonico del luogo; preservare maiuscole, mappe e riconoscibilità nelle guide"
"THE LAST RESORT","THE LAST RESORT","luoghi e orientamento","mantenere","Nome canonico del luogo; preservare maiuscole, mappe e riconoscibilità nelle guide"
"THE WASTELAND","THE WASTELAND","luoghi e orientamento","mantenere","Nome canonico del luogo; preservare maiuscole, mappe e riconoscibilità nelle guide"
"Split","Intertempo","gare e prove a tempo","tradurre","Tempo parziale registrato a un punto di controllo; evitare divisione"
"Torpedo Rack","Rastrelliera Siluri","armamenti navali","tradurre_etichetta","Supporto installato sulla nave per alloggiare e lanciare siluri"
"Fleet Manager Terminal","Terminale di Gestione Flotta","terminali e servizi","tradurre_nome_funzione","Nel testo corrente usare terminale di gestione flotta; mantenere Hangar e i nomi delle località"
"Tutorial Ship","nave dell'esercitazione","esercitazione iniziale","tradurre","Veicolo temporaneo fornito dall'esercitazione; evitare nave della guida"
"Quantum Travel Mode","modalità di viaggio quantico","navigazione e pilotaggio","tradurre","Alla prima occorrenza estesa può essere accompagnata dalla sigla tecnica QTM"
"QTM","QTM","navigazione e pilotaggio","sigla_canonica","Sigla tecnica della modalità di viaggio quantico; preservare"
"Cityflight","Cityflight","trasporti e orientamento","mantenere","Nome canonico del servizio di trasporto di Area18; preservare per segnaletica e guide"
"Orison Skyway","Orison Skyway","trasporti e orientamento","mantenere","Nome canonico abbreviato del servizio di trasporto di Orison; preservare per segnaletica e guide"
"Unified Distribution Management","Unified Distribution Management","organizzazioni, reputazione e lore","mantenere","Nome canonico dell'azienda UDM; preservare in firme, reputazione, inventario e guide"
"Trooper First Class","Fante di prima classe","gradi UEE Marines","tradurre_grado","Secondo grado della truppa Marines; distinto da Trooper e Lance Corporal"
"Lance Corporal","Caporale","gradi UEE Marines","tradurre_grado","Grado inferiore a Corporal nella gerarchia UEE; Corporal diventa Caporal maggiore per preservare la progressione"
"Gunnery Sergeant","Sergente d'artiglieria","gradi UEE Marines","tradurre_grado","Grado intermedio fra Sergente e Sergente maggiore"
"Legatus Marinuum","Legatus Marinuum","gradi UEE Marines e lore","mantenere","Titolo latino canonico del vertice dei Marines; preservare per lore e guide"
"Junior Petty Officer","Sottufficiale di terza classe","gradi UEE Navy","tradurre_grado","Primo dei quattro gradi Petty Officer nella gerarchia visualizzata"
"Petty Officer","Sottufficiale di seconda classe","gradi UEE Navy","tradurre_grado","Secondo dei quattro gradi Petty Officer nella gerarchia visualizzata"
"Chief Petty Officer","Sottufficiale di prima classe","gradi UEE Navy","tradurre_grado","Terzo dei quattro gradi Petty Officer nella gerarchia visualizzata"
"Master Chief Petty Officer","Sottufficiale capo","gradi UEE Navy","tradurre_grado","Massimo grado del personale di truppa nella Marina UEE"
"Legatus Navium","Legatus Navium","gradi UEE Navy e lore","mantenere","Titolo latino canonico del vertice della Marina; preservare per lore e guide"
"Invictus Main Hall","Invictus Main Hall","eventi, luoghi e orientamento","mantenere","Nome canonico dell'area principale di Invictus; preservare per indicazioni, mappe e guide"
"Idris Experience Tour","Idris Experience Tour","eventi e orientamento","mantenere","Nome canonico del percorso visitabile a bordo della Idris in servizio; preservare per guide"
"Refueling Protocol","Refueling Protocol","Diario, rifornimento e guide","mantenere_titolo","Titolo effettivo della voce del Diario; preservare per consentire di trovarla e citarla nelle guide"
"Dispatch Hub","Centrale operativa","organizzazioni e firme","tradurre_ruolo","Dipartimento operativo da cui Dina Deloit coordina i soccorsi UWC"
"Op. Save Stanton Phase 4: Supply Run","Op. Save Stanton Phase 4: Supply Run","eventi, missioni e guide","mantenere_titolo","Titolo canonico dell'incarico CFP della fase 4; preservare per guide e coordinamento fra giocatori"
"Op. Save Stanton Phase 4: Re-Supply Haul","Op. Save Stanton Phase 4: Re-Supply Haul","eventi, missioni e guide","mantenere_titolo","Titolo canonico dell'incarico Frontier Fighters della fase 4; preservare per guide e coordinamento fra giocatori"
"Vending Stock","scorte per distributori","ambienti e puzzle","tradurre","Scorte confezionate usate per rifornire un distributore automatico"
"Virgil System","Virgil System","sistemi, lore e orientamento","mantenere","Nome canonico del sistema caduto sotto il controllo Vanduul; preservare per Mappa stellare e guide"
"Jai","Jai","lune e orientamento","mantenere","Nome canonico della luna di Virgil I in rotazione sincrona"
"Corsito","Corsito","lune e orientamento","mantenere","Nome canonico della luna di Virgil I sfruttata dai Vanduul"
"Epheet","Epheet","lune e orientamento","mantenere","Nome canonico della luna di Virgil I segnata dai detriti bellici"
"Erna","Erna","lune e orientamento","mantenere","Nome canonico della luna ghiacciata di Virgil III"
"Jarl","Jarl","lune e orientamento","mantenere","Nome canonico della luna di ghiaccio di metano di Virgil III"
"Gideon's Belt","Gideon's Belt","cinture e orientamento","mantenere","Nome canonico della cintura mineraria abbandonata del Virgil System"
"Project Far Star","Project Far Star","progetti UEE e lore","mantenere","Nome canonico del progetto governativo che sostenne la terraformazione e colonizzazione di Virgil I"
"Virgil - Kellog Jump Point","Virgil - Kellog Jump Point","Jump Point e orientamento","mantenere","Nome canonico del collegamento fra Virgil e Kellog"
"Virgil - Nyx Jump Point","Virgil - Nyx Jump Point","Jump Point e orientamento","mantenere","Nome canonico del collegamento fra Virgil e Nyx"
"Virgil - Oberon Jump Point","Virgil - Oberon Jump Point","Jump Point e orientamento","mantenere","Nome canonico del collegamento fra Virgil e Oberon"
"Virgil - Tiber Jump Point","Virgil - Tiber Jump Point","Jump Point e orientamento","mantenere","Nome canonico del collegamento fra Virgil e Tiber"
"Virgil - Vega Jump Point","Virgil - Vega Jump Point","Jump Point e orientamento","mantenere","Nome canonico del collegamento fra Virgil e Vega"
"Wildstar Racing Amateur League","Wildstar Racing Amateur League","organizzazioni sportive e gare","mantenere","Nome completo canonico della lega amatoriale Wildstar Racing; preservare per reputazione e guide"
"Open Track","Tracciato aperto","gare e prove a tempo","tradurre_nome_modalità","Sessione su un tracciato pubblico dedicata alla pratica senza un bersaglio specifico"
"Time Trial","Prova a tempo","gare e prove a tempo","tradurre_nome_modalità","Gara individuale contro il tempo e i record del circuito"
"slinks","slinks","insulti xenofobi e lore","mantenere","Dispregiativo in-universe usato da XenoThreat per una specie aliena; preservare in originale e in minuscolo"
"Comm. Spec.","Specialista delle comunicazioni","ruoli e firme","espandere","Abbreviazione del ruolo Communications Specialist nelle firme di Engler"
"Marok","Marok","fauna e lore","mantenere","Nome canonico della specie; preservare invariato"
"Quasi Grazer","Quasi Grazer","fauna e lore","mantenere","Nome canonico della specie; tradurre soltanto il bioma della variante"
"Human","Umano","specie e interfaccia","tradurre","Nome della specie umana nelle classificazioni; usare la maiuscola quando il valore appare come etichetta"
"Cycle Airlock","Avvia ciclo camera stagna","camere stagne e pannelli","tradurre_azione","Comando che avvia la sequenza automatica di chiusura e variazione della pressione"
"Cycling","Ciclo in corso","camere stagne e pannelli","tradurre_stato","Stato transitorio durante la sequenza automatica della camera stagna"
"COOL FAIL","GUASTO RAFFR.","spie di cabina","tradurre_abbreviazione","Guasto al sistema di raffreddamento; forma compatta per il pannello annunciatori"
"MISL WARN","ALLARME MISSILI","spie di cabina","tradurre_abbreviazione","Avviso di minaccia missilistica"
"PROX WARN","ALLARME PROSSIMITÀ","spie di cabina","tradurre_abbreviazione","Avviso di prossimità a ostacoli o altri mezzi"
"PWR HEAT","SURRISC. CENTRALE","spie di cabina","tradurre_abbreviazione","Surriscaldamento della centrale energetica"
"PWR LOW","ENERGIA BASSA","spie di cabina","tradurre_abbreviazione","Livello di energia insufficiente"
"QTM FAIL","GUASTO QTM","spie di cabina","tradurre_abbreviazione","Guasto alla Quantum Travel Mode; mantenere la sigla QTM"
"RDR LOCK","AGGANCIO RADAR","spie di cabina","tradurre_abbreviazione","Rilevamento di un aggancio radar"
"SHLD DOWN","SCUDI DISATTIVATI","spie di cabina","tradurre_abbreviazione","Scudi non operativi"
"THR HEAT","SURRISC. PROPULSORI","spie di cabina","tradurre_abbreviazione","Surriscaldamento dei propulsori"
"WPN HEAT","SURRISC. ARMI","spie di cabina","tradurre_abbreviazione","Surriscaldamento degli armamenti"
"Recovery Site","Sito di Recupero","missioni e orientamento","tradurre_marker","Marcatore della zona in cui recuperare la scatola nera"
"Delivery Site","Luogo di Consegna","missioni e orientamento","tradurre_marker","Marcatore della destinazione presso cui consegnare l'oggetto recuperato"
"Hacking Terminal","Terminale di Intrusione","missioni e sistemi informatici","tradurre_marker","Terminale usato dai fuorilegge per decifrare e trasmettere i dati della 890 Jump"
"Plasma Battery","Batteria al Plasma","ricerca ASD e oggetti","tradurre_nome","Piccolo accumulatore al plasma impiegato nelle strutture ASD"
"Plasma Fuel Cell","Cella a Combustibile al Plasma","ricerca ASD e oggetti","tradurre_nome","Grande cella energetica al plasma impiegata nelle strutture ASD"
"Fake ID","Tesserino Falso","infiltrazione e obiettivi","tradurre_marker","Tesserino microTech rubato e usato per fingersi un dipendente"
"Secure Server","Server Protetto","infiltrazione e obiettivi","tradurre_marker","Server della struttura di ricerca contenente il codice da sottrarre"
"Undocking","Disattracco","navigazione e attracco","tradurre","Procedura di separazione fra nave e porto d'attracco"
"Docking Clamps","morsetti d'attracco","navigazione e attracco","tradurre","Dispositivi meccanici che bloccano la nave durante l'attracco"
"Auto Dock","Attracco automatico","navigazione e attracco","tradurre","Procedura automatizzata di allineamento e aggancio al porto"
"Briefing Room","Sala rapporti","interni e ambienti di bordo","tradurre_nome","Locale destinato ai rapporti operativi prima di una missione"
"Brig","Prigione di bordo","interni e ambienti di bordo","tradurre_nome","Area di detenzione interna a una nave o stazione"
"Engine Room","Sala macchine","interni e ambienti di bordo","tradurre_nome","Locale che ospita apparati motore e sistemi tecnici"
"Med Bay","Infermeria","interni e ambienti di bordo","tradurre_nome","Area medica di bordo"
"Sleeping Pods","Capsule dormitorio","interni e ambienti di bordo","tradurre_nome","Capsule individuali destinate al riposo"
"Keypad","tastierino","accessi e sicurezza","tradurre","Tastierino numerico o alfanumerico usato per inserire un codice d'accesso"
"Hemozal","Hemozal","farmaci e medicina","mantenere","Nome canonico dell'agente emostatico usato per trattare le emorragie"
"Resurgera","Resurgera","farmaci e medicina","mantenere","Nome canonico del farmaco di rianimazione in caso di overdose"
"Quantum Navigation","Navigazione quantica","modalità operatore e volo","tradurre_nome","Modalità operatore dedicata alla navigazione e al viaggio quantico; mantenere QTM come sigla breve"
"Engineering Override","Comando prioritario di ingegneria","MFD e gestione energetica","tradurre_nome","Controllo con cui la postazione di ingegneria assume priorità sulla configurazione energetica"
"Hand Mineable","Estraibile a mano","estrazione e risorse","tradurre_tipo","Risorsa che può essere estratta con strumenti portatili"
"Surface Rock","Roccia superficiale","estrazione e risorse","tradurre_tipo","Deposito minerario presente sulla superficie di un corpo celeste"
"PDC Monitor","PDC Monitor","sorveglianza e missioni","mantenere","Nome operativo completo della sonda di raccolta dati; preservare per obiettivi e guide"
"CompSec","sicurezza informatica","sicurezza e contratti BlacJac","tradurre_abbreviazione","Abbreviazione di computer security nelle intestazioni rivolte al personale mercenario"
"Outsourcing Office","Ufficio Appalti Esterni","mappa interni e servizi","tradurre_nome","Ufficio dedicato agli incarichi affidati a personale esterno"
"New Deal Vehicle Dealership","Concessionaria di Veicoli New Deal","mappa interni e servizi","tradurre_descrittore","Conservare il nome proprio New Deal e tradurre solo il tipo di attività"
"Trade & Development Division","Trade & Development Division","luoghi e orientamento","mantenere","Nome canonico della TDD; conservare per mappe, guide e riconoscimento sul posto"
"dragger","canaglia / decerebrato","slang criminale","contestuale","Insulto per una persona rozza o poco intelligente; adattare al tono della frase senza conservarlo come nome proprio"
"at-will","a libera rescissione","contratti e linguaggio legale","tradurre_locuzione","Clausola che consente a ciascuna parte di risolvere l'accordo in qualsiasi momento"
"Uploading Data","Trasmissione Dati","sonde e obiettivi","tradurre_stato","Stato del monitor mentre trasmette i dati raccolti; usare le iniziali maiuscole nel marcatore"
"Cru-Sec","Cru-Sec","organizzazioni e sicurezza","mantenere","Abbreviazione canonica della sicurezza di Crusader; conservare per lore, mappe e guide"
"slicer","slicer","slang informatico e lore","mantenere","Termine gergale canonico per un intrusore informatico; distinto dal nome della banda Slicers e conservato in minuscolo quando è un ruolo comune"
"Misfire","Malfunzionamento","guasti di componenti e sistemi","tradurre_stato","Stato tecnico generico di un sistema che non opera correttamente; non tradurre come incendio o semplice mancata accensione fuori dal contesto delle armi"
"datarunner","corriere dati","informatica e missioni","tradurre_ruolo","Persona o unità incaricata di trasportare fisicamente informazioni operative sensibili"
"Historical Marker","Marker Storico","esplorazione e collezionabili","tradurre_nome","Punto informativo storico sulle lune di Crusader; mantenere Marker riconoscibile per interfaccia e guide"
"Vistas Worth Visiting","Vistas Worth Visiting","eventi e lore Crusader","mantenere","Nome canonico del concorso organizzato dalla Crusader Historical Society"
"Incredifun Adventures","Incredifun Adventures","aziende e lore","mantenere","Nome canonico dell'organizzatore della caccia al tesoro sulle lune di Crusader"
"Jorrit Dossier","Jorrit Dossier","missioni e lore","mantenere_nome_tradurre_descrittore","Nome canonico della serie di incarichi; preservare il nome prima dei due punti e tradurre il sottotitolo operativo"
"Ready-Up","Ready-Up","equipaggiamento e modelli","mantenere_nome_tradurre_descrittore","Nome canonico del casco; preservare Ready-Up, tradurre il tipo di oggetto e i colori comuni, mantenere i nomi propri delle varianti"
"Day One","Day One","abbigliamento e modelli","mantenere_nome_tradurre_descrittore","Nome canonico della maglia; preservare Day One, tradurre il tipo di oggetto e i colori comuni, mantenere i nomi propri delle varianti"
"Piercings","Piercing","personalizzazione del personaggio","prestito_acclimatato","Etichetta breve e immediatamente riconoscibile nell'interfaccia; evitare Monili facciali, troppo formale e soggetto a troncamento"
"Body Type","Corporatura","personalizzazione del personaggio","tradurre_etichetta_breve","Il tab dispone di larghezza fissa; evitare Tipo di corporatura, che viene troncato"
"Smoothness","Lucentezza","personalizzazione del personaggio e trucco","tradurre_per_effetto_visivo","Il parametro regola la risposta lucida e i riflessi della superficie; evitare Levigatezza, troppo tecnica e poco naturale in ambito cosmetico"
"Metallic Finish","Effetto metallizzato","personalizzazione del personaggio e trucco","tradurre_per_effetto_visivo","Descrive l'aspetto metallico del trucco; evitare Finitura metallica, che richiama una lavorazione industriale"
"None","Assente","interfaccia e personalizzazione del personaggio","tradurre_invariante","Le chiavi generiche text_ui_charactercustomizer_none e ui_none sono condivise da selettori con generi grammaticali diversi; Assente evita combinazioni errate come Fusione nessuno o Piercing nessuna. Le altre chiavi contestuali con sorgente None restano valutate separatamente"
"Frontend","Menu principale","menu e navigazione","tradurre_etichetta_breve","Nel pulsante usare la destinazione comprensibile al giocatore invece del termine tecnico interno"
"Drone Sim","Drone Sim","Arena Commander e nomi delle modalità","mantenere_nome_modalita","Nome riconoscibile della modalità; conservarlo nei pulsanti per compattezza e compatibilità con guide e veterani"
"Keybindings","Assegna tasti","menu delle opzioni","tradurre_azione_breve","Pulsante compatto che apre l'assegnazione dei comandi"
"Outlaws","Outlaws","Star Marine e nomi delle squadre","mantenere_nome_squadra","Nome della squadra in Star Marine; conservarlo nei selettori e nelle guide"
"Marines","Marines","Star Marine e nomi delle squadre","mantenere_nome_squadra","Nome della squadra in Star Marine; conservarlo nei selettori e nelle guide"
"Item Control","Componenti","interfaccia di ingegneria","tradurre_tab_breve","Tab compatto dedicato al controllo dei componenti"
"Room Control","Stanze","interfaccia di ingegneria","tradurre_tab_breve","Tab compatto dedicato al controllo delle stanze"
"Config","Configura","rete risorse","tradurre_tab_breve","Etichetta breve del tab di configurazione"
"Presets","Profili","rete risorse","tradurre_tab_breve","Etichetta breve per configurazioni salvate; evitare Preimpostazioni nel tab a larghezza ridotta"
"Broadcast Beacon","Trasmetti segnale","segnalatori e interfaccia","tradurre_azione_breve","Pulsante compatto che pubblica il segnale"
"Reboot Shuttle Link","Riavvia collegamento","Siege of Orison e terminali navetta","tradurre_azione_breve","Il terminale rende già evidente che si tratta della navetta"
"Claim Default Loadout","Allestimento base","assicurazione veicoli","tradurre_pulsante_breve","Pulsante ASOP compatto; il contesto della richiesta assicurativa rende superfluo ripetere il verbo"
"Claim Insured Loadout","Allestimento assicurato","assicurazione veicoli","tradurre_pulsante_breve","Pulsante ASOP compatto; distingue l'allestimento registrato da quello base"
"Pay Expedited Fee","Paga servizio rapido","assicurazione veicoli","tradurre_azione_breve","Pulsante ASOP compatto per accelerare la richiesta pagando il supplemento"
"Game Settings","Gioco","menu delle opzioni","tradurre_categoria_breve","Nel menu delle opzioni il contesto rende implicito che si tratta delle impostazioni"
"Spectrum Match","Spectrum Match","Arena Commander e nomi delle modalità","mantenere_nome_modalita","Nome canonico della modalità; conservarlo per compattezza e compatibilità con le guide"
"Enter Friend Code","Codice amico","Arena Commander e partite private","tradurre_pulsante_breve","Il pulsante apre l'inserimento del codice e non deve ripetere il verbo"
"Ranked Match","Classificata","Star Marine e modalità competitive","tradurre_pulsante_breve","Nome breve e immediatamente riconoscibile della modalità classificata"
"Up Level","Sali","mappe interne","tradurre_azione_breve","Pulsante per passare al piano superiore"
"Down Level","Scendi","mappe interne","tradurre_azione_breve","Pulsante per passare al piano inferiore"
"Buy","Compra","negozi e pulsanti compatti","tradurre_azione_breve","Nel pulsante compatto usare Compra; nel testo esteso preferire acquistare"
"FOIP","Animazione facciale","comunicazioni e tracciamento","contestuale","Nel testo esteso esplicitare la funzione quando utile; nelle impostazioni conservare la sigla canonica FOIP"
"VOIP","Comunicazione vocale","comunicazioni","contestuale","Nel testo esteso tradurre; nelle etichette tecniche compatte delle impostazioni conservare la sigla canonica VOIP"
"Camera Boost","Incremento della visuale","tracciamento Tobii","contestuale","Nel testo esteso tradurre; nelle etichette tecniche compatte Tobii conservare Camera Boost per compatibilità con le guide"
"Input Mix","Ripartizione del movimento","tracciamento Tobii","contestuale","Nel testo esteso tradurre; nelle etichette tecniche compatte Tobii conservare Input Mix per compatibilità con le guide"
"IFCS","Sistema intelligente di controllo del volo","pilotaggio","contestuale","Espandere nel testo esteso quando necessario; conservare IFCS nelle etichette tecniche compatte delle impostazioni"
"ESP","Precisione assistita del comando","pilotaggio","contestuale","Nel testo esteso esplicitare la funzione; conservare ESP nelle etichette tecniche compatte delle impostazioni"
"Star Citizen Alpha","Star Citizen Alpha","versione e prodotto","mantenere","Denominazione riconoscibile della versione Alpha; non tradurre Alpha con alfa quando accompagna il nome del gioco"
"Default browser","Browser predefinito","interfaccia e collegamenti esterni","tradurre_termine_comune","Usare browser predefinito; evitare la perifrasi programma di navigazione predefinito"
"Looting View","Modalità bottino","inventario","tradurre","Etichetta compatta della visuale dedicata alla raccolta del bottino"
"Mark All Read","Segna come letti","mobiGlas","tradurre","Forma compatta per il pulsante; il riferimento ai messaggi è implicito nel contesto"
"Cooldown Timer","Tempo di attesa","terminale gestione flotta","contestuale","Nel preventivo dell'allestimento indica il tempo residuo prima della disponibilità; evitare Timer di raffreddamento"
"Damage Mitigation","Danni mitigati","statistiche equipaggiamento","tradurre","Etichetta compatta per i tooltip dell'inventario"
"Item Port Helpers","Guide agganci","inventario","tradurre","Etichetta compatta dell'opzione che visualizza le guide dei punti d'aggancio"
"Weapon Configuration","Armi","inventario","contestuale","Usare Armi nel titolo del pannello a larghezza fissa"
"No Appropriate Item","Nessun oggetto","interazioni","contestuale","Messaggio HUD compatto quando nessun oggetto è compatibile con il punto d'aggancio"
"Deliverable","Disponibile","terminale gestione flotta","contestuale","Stato compatto che indica un veicolo pronto per la consegna"
"Gatling","Gatling","armamenti","mantenere","Categoria tecnica riconoscibile e compatta, utile per guide e configurazioni"
